> Task :compileJava UP-TO-DATE
> Task :processResources UP-TO-DATE
> Task :classes UP-TO-DATE
> Task :resolveMainClassName UP-TO-DATE

> Task :bootRun

  .   ____          _            __ _ _
 /\\ / ___'_ __ _ _(_)_ __  __ _ \ \ \ \
( ( )\___ | '_ | '_| | '_ \/ _` | \ \ \ \
 \\/  ___)| |_)| | | | | || (_| |  ) ) ) )
  '  |____| .__|_| |_|_| |_\__, | / / / /
 =========|_|==============|___/=/_/_/_/

 :: Spring Boot ::               (v3.5.14)

2026-05-28T20:03:56.603+09:00  INFO 31519 --- [           main] c.worksight.api.WorksightApiApplication  : Starting WorksightApiApplication using Java 21.0.11 with PID 31519 (/Users/woojin/Developer/genai-team-project/backend/build/classes/java/main started by woojin in /Users/woojin/Developer/genai-team-project/backend)
2026-05-28T20:03:56.604+09:00  INFO 31519 --- [           main] c.worksight.api.WorksightApiApplication  : No active profile set, falling back to 1 default profile: "default"
2026-05-28T20:03:56.808+09:00  INFO 31519 --- [           main] .s.d.r.c.RepositoryConfigurationDelegate : Bootstrapping Spring Data JPA repositories in DEFAULT mode.
2026-05-28T20:03:56.829+09:00  INFO 31519 --- [           main] .s.d.r.c.RepositoryConfigurationDelegate : Finished Spring Data repository scanning in 19 ms. Found 11 JPA repository interfaces.
2026-05-28T20:03:56.987+09:00  INFO 31519 --- [           main] o.s.b.w.embedded.tomcat.TomcatWebServer  : Tomcat initialized with port 8080 (http)
2026-05-28T20:03:56.991+09:00  INFO 31519 --- [           main] o.apache.catalina.core.StandardService   : Starting service [Tomcat]
2026-05-28T20:03:56.991+09:00  INFO 31519 --- [           main] o.apache.catalina.core.StandardEngine    : Starting Servlet engine: [Apache Tomcat/10.1.54]
2026-05-28T20:03:57.004+09:00  INFO 31519 --- [           main] o.a.c.c.C.[Tomcat].[localhost].[/]       : Initializing Spring embedded WebApplicationContext
2026-05-28T20:03:57.005+09:00  INFO 31519 --- [           main] w.s.c.ServletWebServerApplicationContext : Root WebApplicationContext: initialization completed in 389 ms
2026-05-28T20:03:57.058+09:00  INFO 31519 --- [           main] o.hibernate.jpa.internal.util.LogHelper  : HHH000204: Processing PersistenceUnitInfo [name: default]
2026-05-28T20:03:57.070+09:00  INFO 31519 --- [           main] org.hibernate.Version                    : HHH000412: Hibernate ORM core version 6.6.49.Final
2026-05-28T20:03:57.082+09:00  INFO 31519 --- [           main] o.h.c.internal.RegionFactoryInitiator    : HHH000026: Second-level cache disabled
2026-05-28T20:03:57.154+09:00  INFO 31519 --- [           main] o.s.o.j.p.SpringPersistenceUnitInfo      : No LoadTimeWeaver setup: ignoring JPA class transformer
2026-05-28T20:03:57.161+09:00  INFO 31519 --- [           main] com.zaxxer.hikari.HikariDataSource       : HikariPool-1 - Starting...
2026-05-28T20:03:57.205+09:00  INFO 31519 --- [           main] com.zaxxer.hikari.pool.HikariPool        : HikariPool-1 - Added connection conn0: url=jdbc:h2:mem:worksight user=SA
2026-05-28T20:03:57.205+09:00  INFO 31519 --- [           main] com.zaxxer.hikari.HikariDataSource       : HikariPool-1 - Start completed.
2026-05-28T20:03:57.220+09:00  INFO 31519 --- [           main] org.hibernate.orm.connections.pooling    : HHH10001005: Database info:
	Database JDBC URL [Connecting through datasource 'HikariDataSource (HikariPool-1)']
	Database driver: undefined/unknown
	Database version: 2.3.232
	Autocommit mode: undefined/unknown
	Isolation level: undefined/unknown
	Minimum pool size: undefined/unknown
	Maximum pool size: undefined/unknown
2026-05-28T20:03:57.500+09:00  INFO 31519 --- [           main] o.h.e.t.j.p.i.JtaPlatformInitiator       : HHH000489: No JTA platform available (set 'hibernate.transaction.jta.platform' to enable JTA platform integration)
2026-05-28T20:03:57.514+09:00 DEBUG 31519 --- [           main] org.hibernate.SQL                        : 
    create table chat_message (
        id bigint generated by default as identity,
        content varchar(2000) not null,
        createdAt timestamp(6),
        messageType enum ('NORMAL','URGENT') not null,
        read boolean not null,
        readAt timestamp(6),
        chat_room_id bigint not null,
        sender_id bigint not null,
        primary key (id)
    )
2026-05-28T20:03:57.517+09:00 DEBUG 31519 --- [           main] org.hibernate.SQL                        : 
    create table chat_room (
        id bigint generated by default as identity,
        createdAt timestamp(6),
        member1_id bigint not null,
        member2_id bigint not null,
        primary key (id)
    )
2026-05-28T20:03:57.517+09:00 DEBUG 31519 --- [           main] org.hibernate.SQL                        : 
    create table DailyStandup (
        id bigint generated by default as identity,
        createdAt timestamp(6),
        goal varchar(500),
        result varchar(500),
        standupDate date not null,
        updatedAt timestamp(6),
        member_id bigint not null,
        primary key (id)
    )
2026-05-28T20:03:57.517+09:00 DEBUG 31519 --- [           main] org.hibernate.SQL                        : 
    create table invite_codes (
        id bigint generated by default as identity,
        code varchar(255) not null,
        expiresAt timestamp(6) with time zone not null,
        managerId bigint not null,
        primary key (id)
    )
2026-05-28T20:03:57.518+09:00 DEBUG 31519 --- [           main] org.hibernate.SQL                        : 
    create table MeetingParticipant (
        id bigint generated by default as identity,
        invited boolean not null,
        requestStatus enum ('ACCEPTED','PENDING','REJECTED') not null,
        requestedAt timestamp(6),
        respondedAt timestamp(6),
        meeting_room_id bigint not null,
        member_id bigint not null,
        primary key (id)
    )
2026-05-28T20:03:57.518+09:00 DEBUG 31519 --- [           main] org.hibernate.SQL                        : 
    create table MeetingRoom (
        id bigint generated by default as identity,
        active boolean not null,
        createdAt timestamp(6),
        endedAt timestamp(6),
        title varchar(255) not null,
        host_id bigint not null,
        primary key (id)
    )
2026-05-28T20:03:57.519+09:00 DEBUG 31519 --- [           main] org.hibernate.SQL                        : 
    create table Member (
        id bigint generated by default as identity,
        managerId bigint,
        password varchar(255),
        role enum ('EMPLOYEE','MANAGER'),
        username varchar(255),
        virtualBalance bigint,
        primary key (id)
    )
2026-05-28T20:03:57.519+09:00 DEBUG 31519 --- [           main] org.hibernate.SQL                        : 
    create table MemberStatus (
        id bigint generated by default as identity,
        statusType enum ('AWAY','FOCUS','MEETING','OFFLINE','WORKING') not null,
        updatedAt timestamp(6),
        member_id bigint not null,
        primary key (id)
    )
2026-05-28T20:03:57.519+09:00 DEBUG 31519 --- [           main] org.hibernate.SQL                        : 
    create table Notification (
        id bigint generated by default as identity,
        createdAt timestamp(6),
        message varchar(255) not null,
        notificationType enum ('GENERAL','IMPORTANT') not null,
        read boolean not null,
        readAt timestamp(6),
        receiver_id bigint not null,
        sender_id bigint not null,
        primary key (id)
    )
2026-05-28T20:03:57.520+09:00 DEBUG 31519 --- [           main] org.hibernate.SQL                        : 
    create table RefreshToken (
        id bigint generated by default as identity,
        expiresAt timestamp(6) not null,
        memberId bigint not null,
        token varchar(255) not null,
        primary key (id)
    )
2026-05-28T20:03:57.520+09:00 DEBUG 31519 --- [           main] org.hibernate.SQL                        : 
    create table WorkLog (
        id bigint generated by default as identity,
        clockInTime timestamp(6) not null,
        clockOutTime timestamp(6),
        createdAt timestamp(6),
        workDate date not null,
        member_id bigint not null,
        primary key (id)
    )
2026-05-28T20:03:57.521+09:00 DEBUG 31519 --- [           main] org.hibernate.SQL                        : 
    create index idx_chat_message_room_id 
       on chat_message (chat_room_id)
2026-05-28T20:03:57.521+09:00 DEBUG 31519 --- [           main] org.hibernate.SQL                        : 
    alter table if exists chat_room 
       drop constraint if exists UKh2fi848p4m1dvm9ylip618lew
2026-05-28T20:03:57.521+09:00 DEBUG 31519 --- [           main] org.hibernate.SQL                        : 
    alter table if exists chat_room 
       add constraint UKh2fi848p4m1dvm9ylip618lew unique (member1_id, member2_id)
2026-05-28T20:03:57.522+09:00 DEBUG 31519 --- [           main] org.hibernate.SQL                        : 
    alter table if exists DailyStandup 
       drop constraint if exists UK16fikxe36eb3ul0fddrcsijr4
2026-05-28T20:03:57.523+09:00 DEBUG 31519 --- [           main] org.hibernate.SQL                        : 
    alter table if exists DailyStandup 
       add constraint UK16fikxe36eb3ul0fddrcsijr4 unique (member_id, standupDate)
2026-05-28T20:03:57.523+09:00 DEBUG 31519 --- [           main] org.hibernate.SQL                        : 
    alter table if exists invite_codes 
       drop constraint if exists UKewef0q2x39gfns3l6ats16gh
2026-05-28T20:03:57.523+09:00 DEBUG 31519 --- [           main] org.hibernate.SQL                        : 
    alter table if exists invite_codes 
       add constraint UKewef0q2x39gfns3l6ats16gh unique (code)
2026-05-28T20:03:57.523+09:00 DEBUG 31519 --- [           main] org.hibernate.SQL                        : 
    alter table if exists Member 
       drop constraint if exists UK73pcydbur7ap0v0abheab5sfr
2026-05-28T20:03:57.523+09:00 DEBUG 31519 --- [           main] org.hibernate.SQL                        : 
    alter table if exists Member 
       add constraint UK73pcydbur7ap0v0abheab5sfr unique (username)
2026-05-28T20:03:57.523+09:00 DEBUG 31519 --- [           main] org.hibernate.SQL                        : 
    alter table if exists MemberStatus 
       drop constraint if exists UKdecdjmf9c56diry9xsjw7joos
2026-05-28T20:03:57.523+09:00 DEBUG 31519 --- [           main] org.hibernate.SQL                        : 
    alter table if exists MemberStatus 
       add constraint UKdecdjmf9c56diry9xsjw7joos unique (member_id)
2026-05-28T20:03:57.524+09:00 DEBUG 31519 --- [           main] org.hibernate.SQL                        : 
    alter table if exists RefreshToken 
       drop constraint if exists UKkeylsqf3moh573syj7d4npsed
2026-05-28T20:03:57.524+09:00 DEBUG 31519 --- [           main] org.hibernate.SQL                        : 
    alter table if exists RefreshToken 
       add constraint UKkeylsqf3moh573syj7d4npsed unique (memberId)
2026-05-28T20:03:57.524+09:00 DEBUG 31519 --- [           main] org.hibernate.SQL                        : 
    alter table if exists chat_message 
       add constraint FKj52yap2xrm9u0721dct0tjor9 
       foreign key (chat_room_id) 
       references chat_room
2026-05-28T20:03:57.526+09:00 DEBUG 31519 --- [           main] org.hibernate.SQL                        : 
    alter table if exists chat_message 
       add constraint FK42qlvdvdqwox2t46nja4c36c6 
       foreign key (sender_id) 
       references Member
2026-05-28T20:03:57.526+09:00 DEBUG 31519 --- [           main] org.hibernate.SQL                        : 
    alter table if exists DailyStandup 
       add constraint FKtqkg1r3dc4k9imbvpeehh87t0 
       foreign key (member_id) 
       references Member
2026-05-28T20:03:57.526+09:00 DEBUG 31519 --- [           main] org.hibernate.SQL                        : 
    alter table if exists MeetingParticipant 
       add constraint FKacdkligtg7ew843prdsaickyd 
       foreign key (meeting_room_id) 
       references MeetingRoom
2026-05-28T20:03:57.527+09:00 DEBUG 31519 --- [           main] org.hibernate.SQL                        : 
    alter table if exists MeetingParticipant 
       add constraint FK71rbax5ni63tj00tksxtf8ffh 
       foreign key (member_id) 
       references Member
2026-05-28T20:03:57.527+09:00 DEBUG 31519 --- [           main] org.hibernate.SQL                        : 
    alter table if exists MeetingRoom 
       add constraint FKbnxaao568ctt299wsxq0i4ycl 
       foreign key (host_id) 
       references Member
2026-05-28T20:03:57.528+09:00 DEBUG 31519 --- [           main] org.hibernate.SQL                        : 
    alter table if exists MemberStatus 
       add constraint FKrq3pn2yag657dxckboce33xq4 
       foreign key (member_id) 
       references Member
2026-05-28T20:03:57.528+09:00 DEBUG 31519 --- [           main] org.hibernate.SQL                        : 
    alter table if exists Notification 
       add constraint FK5wmigmch6o1yrgdbccdcqwdcb 
       foreign key (receiver_id) 
       references Member
2026-05-28T20:03:57.529+09:00 DEBUG 31519 --- [           main] org.hibernate.SQL                        : 
    alter table if exists Notification 
       add constraint FKsw4cwbbc30pf9dgryupgs450b 
       foreign key (sender_id) 
       references Member
2026-05-28T20:03:57.529+09:00 DEBUG 31519 --- [           main] org.hibernate.SQL                        : 
    alter table if exists WorkLog 
       add constraint FK32ene2544ibtt2ijyj4ybytvr 
       foreign key (member_id) 
       references Member
2026-05-28T20:03:57.530+09:00  INFO 31519 --- [           main] j.LocalContainerEntityManagerFactoryBean : Initialized JPA EntityManagerFactory for persistence unit 'default'
2026-05-28T20:03:57.631+09:00  INFO 31519 --- [           main] o.s.d.j.r.query.QueryEnhancerFactory     : Hibernate is in classpath; If applicable, HQL parser will be used.
2026-05-28T20:03:58.184+09:00  INFO 31519 --- [           main] o.s.b.a.h2.H2ConsoleAutoConfiguration    : H2 console available at '/h2-console'. Database available at 'jdbc:h2:mem:worksight'
2026-05-28T20:03:58.206+09:00  INFO 31519 --- [           main] o.s.m.s.b.SimpleBrokerMessageHandler     : Starting...
2026-05-28T20:03:58.207+09:00  INFO 31519 --- [           main] o.s.m.s.b.SimpleBrokerMessageHandler     : BrokerAvailabilityEvent[available=true, SimpleBrokerMessageHandler [org.springframework.messaging.simp.broker.DefaultSubscriptionRegistry@cae60f1]]
2026-05-28T20:03:58.207+09:00  INFO 31519 --- [           main] o.s.m.s.b.SimpleBrokerMessageHandler     : Started.
2026-05-28T20:03:58.214+09:00  INFO 31519 --- [           main] o.s.b.w.embedded.tomcat.TomcatWebServer  : Tomcat started on port 8080 (http) with context path '/'
2026-05-28T20:03:58.216+09:00  INFO 31519 --- [           main] c.worksight.api.WorksightApiApplication  : Started WorksightApiApplication in 1.743 seconds (process running for 1.834)
2026-05-28T20:04:02.799+09:00  INFO 31519 --- [nio-8080-exec-1] o.a.c.c.C.[Tomcat].[localhost].[/]       : Initializing Spring DispatcherServlet 'dispatcherServlet'
2026-05-28T20:04:02.799+09:00  INFO 31519 --- [nio-8080-exec-1] o.s.web.servlet.DispatcherServlet        : Initializing Servlet 'dispatcherServlet'
2026-05-28T20:04:02.800+09:00  INFO 31519 --- [nio-8080-exec-1] o.s.web.servlet.DispatcherServlet        : Completed initialization in 1 ms
2026-05-28T20:04:02.868+09:00 DEBUG 31519 --- [nio-8080-exec-3] org.hibernate.SQL                        : 
    select
        m1_0.id,
        m1_0.managerId,
        m1_0.password,
        m1_0.role,
        m1_0.username,
        m1_0.virtualBalance 
    from
        Member m1_0 
    where
        m1_0.id=?
2026-05-28T20:04:02.868+09:00 DEBUG 31519 --- [nio-8080-exec-4] org.hibernate.SQL                        : 
    select
        m1_0.id,
        m1_0.managerId,
        m1_0.password,
        m1_0.role,
        m1_0.username,
        m1_0.virtualBalance 
    from
        Member m1_0 
    where
        m1_0.id=?
2026-05-28T20:04:02.868+09:00 DEBUG 31519 --- [nio-8080-exec-1] org.hibernate.SQL                        : 
    select
        m1_0.id,
        m1_0.managerId,
        m1_0.password,
        m1_0.role,
        m1_0.username,
        m1_0.virtualBalance 
    from
        Member m1_0 
    where
        m1_0.id=?
2026-05-28T20:04:02.869+09:00 TRACE 31519 --- [nio-8080-exec-3] org.hibernate.orm.jdbc.bind              : binding parameter (1:BIGINT) <- [1]
2026-05-28T20:04:02.869+09:00 TRACE 31519 --- [nio-8080-exec-1] org.hibernate.orm.jdbc.bind              : binding parameter (1:BIGINT) <- [2]
2026-05-28T20:04:02.869+09:00 TRACE 31519 --- [nio-8080-exec-4] org.hibernate.orm.jdbc.bind              : binding parameter (1:BIGINT) <- [1]
2026-05-28T20:04:02.881+09:00 DEBUG 31519 --- [nio-8080-exec-6] org.hibernate.SQL                        : 
    select
        m1_0.id,
        m1_0.managerId,
        m1_0.password,
        m1_0.role,
        m1_0.username,
        m1_0.virtualBalance 
    from
        Member m1_0 
    where
        m1_0.id=?
2026-05-28T20:04:02.881+09:00 DEBUG 31519 --- [nio-8080-exec-5] org.hibernate.SQL                        : 
    select
        m1_0.id,
        m1_0.managerId,
        m1_0.password,
        m1_0.role,
        m1_0.username,
        m1_0.virtualBalance 
    from
        Member m1_0 
    where
        m1_0.id=?
2026-05-28T20:04:02.882+09:00 TRACE 31519 --- [nio-8080-exec-5] org.hibernate.orm.jdbc.bind              : binding parameter (1:BIGINT) <- [2]
2026-05-28T20:04:02.882+09:00 TRACE 31519 --- [nio-8080-exec-6] org.hibernate.orm.jdbc.bind              : binding parameter (1:BIGINT) <- [2]
2026-05-28T20:04:02.884+09:00 DEBUG 31519 --- [nio-8080-exec-7] org.hibernate.SQL                        : 
    select
        m1_0.id,
        m1_0.managerId,
        m1_0.password,
        m1_0.role,
        m1_0.username,
        m1_0.virtualBalance 
    from
        Member m1_0 
    where
        m1_0.id=?
2026-05-28T20:04:02.884+09:00 TRACE 31519 --- [nio-8080-exec-7] org.hibernate.orm.jdbc.bind              : binding parameter (1:BIGINT) <- [1]
2026-05-28T20:04:02.884+09:00 DEBUG 31519 --- [nio-8080-exec-9] org.hibernate.SQL                        : 
    select
        m1_0.id,
        m1_0.managerId,
        m1_0.password,
        m1_0.role,
        m1_0.username,
        m1_0.virtualBalance 
    from
        Member m1_0 
    where
        m1_0.id=?
2026-05-28T20:04:02.884+09:00 TRACE 31519 --- [nio-8080-exec-9] org.hibernate.orm.jdbc.bind              : binding parameter (1:BIGINT) <- [1]
2026-05-28T20:04:02.887+09:00 DEBUG 31519 --- [nio-8080-exec-8] org.hibernate.SQL                        : 
    select
        m1_0.id,
        m1_0.managerId,
        m1_0.password,
        m1_0.role,
        m1_0.username,
        m1_0.virtualBalance 
    from
        Member m1_0 
    where
        m1_0.id=?
2026-05-28T20:04:02.887+09:00 TRACE 31519 --- [nio-8080-exec-8] org.hibernate.orm.jdbc.bind              : binding parameter (1:BIGINT) <- [2]
2026-05-28T20:04:03.597+09:00 ERROR 31519 --- [nio-8080-exec-5] o.a.c.c.C.[.[.[/].[dispatcherServlet]    : Servlet.service() for servlet [dispatcherServlet] threw exception

org.springframework.security.authorization.AuthorizationDeniedException: Access Denied
	at org.springframework.security.web.access.intercept.AuthorizationFilter.doFilter(AuthorizationFilter.java:99) ~[spring-security-web-6.5.10.jar:6.5.10]
	at org.springframework.security.web.FilterChainProxy$VirtualFilterChain.doFilter(FilterChainProxy.java:379) ~[spring-security-web-6.5.10.jar:6.5.10]
	at org.springframework.security.web.access.ExceptionTranslationFilter.doFilter(ExceptionTranslationFilter.java:125) ~[spring-security-web-6.5.10.jar:6.5.10]
	at org.springframework.security.web.access.ExceptionTranslationFilter.doFilter(ExceptionTranslationFilter.java:119) ~[spring-security-web-6.5.10.jar:6.5.10]
	at org.springframework.security.web.FilterChainProxy$VirtualFilterChain.doFilter(FilterChainProxy.java:379) ~[spring-security-web-6.5.10.jar:6.5.10]
	at org.springframework.security.web.session.SessionManagementFilter.doFilter(SessionManagementFilter.java:91) ~[spring-security-web-6.5.10.jar:6.5.10]
	at org.springframework.security.web.session.SessionManagementFilter.doFilter(SessionManagementFilter.java:85) ~[spring-security-web-6.5.10.jar:6.5.10]
	at org.springframework.security.web.FilterChainProxy$VirtualFilterChain.doFilter(FilterChainProxy.java:379) ~[spring-security-web-6.5.10.jar:6.5.10]
	at org.springframework.security.web.authentication.AnonymousAuthenticationFilter.doFilter(AnonymousAuthenticationFilter.java:100) ~[spring-security-web-6.5.10.jar:6.5.10]
	at org.springframework.security.web.FilterChainProxy$VirtualFilterChain.doFilter(FilterChainProxy.java:379) ~[spring-security-web-6.5.10.jar:6.5.10]
	at org.springframework.security.web.servletapi.SecurityContextHolderAwareRequestFilter.doFilter(SecurityContextHolderAwareRequestFilter.java:179) ~[spring-security-web-6.5.10.jar:6.5.10]
	at org.springframework.security.web.FilterChainProxy$VirtualFilterChain.doFilter(FilterChainProxy.java:379) ~[spring-security-web-6.5.10.jar:6.5.10]
	at org.springframework.security.web.savedrequest.RequestCacheAwareFilter.doFilter(RequestCacheAwareFilter.java:63) ~[spring-security-web-6.5.10.jar:6.5.10]
	at org.springframework.security.web.FilterChainProxy$VirtualFilterChain.doFilter(FilterChainProxy.java:379) ~[spring-security-web-6.5.10.jar:6.5.10]
	at org.springframework.web.filter.OncePerRequestFilter.doFilter(OncePerRequestFilter.java:101) ~[spring-web-6.2.18.jar:6.2.18]
	at org.springframework.security.web.FilterChainProxy$VirtualFilterChain.doFilter(FilterChainProxy.java:379) ~[spring-security-web-6.5.10.jar:6.5.10]
	at org.springframework.security.web.authentication.logout.LogoutFilter.doFilter(LogoutFilter.java:107) ~[spring-security-web-6.5.10.jar:6.5.10]
	at org.springframework.security.web.authentication.logout.LogoutFilter.doFilter(LogoutFilter.java:93) ~[spring-security-web-6.5.10.jar:6.5.10]
	at org.springframework.security.web.FilterChainProxy$VirtualFilterChain.doFilter(FilterChainProxy.java:379) ~[spring-security-web-6.5.10.jar:6.5.10]
	at org.springframework.web.filter.OncePerRequestFilter.doFilter(OncePerRequestFilter.java:101) ~[spring-web-6.2.18.jar:6.2.18]
	at org.springframework.security.web.FilterChainProxy$VirtualFilterChain.doFilter(FilterChainProxy.java:379) ~[spring-security-web-6.5.10.jar:6.5.10]
	at org.springframework.web.filter.OncePerRequestFilter.doFilter(OncePerRequestFilter.java:101) ~[spring-web-6.2.18.jar:6.2.18]
	at org.springframework.security.web.FilterChainProxy$VirtualFilterChain.doFilter(FilterChainProxy.java:379) ~[spring-security-web-6.5.10.jar:6.5.10]
	at org.springframework.security.web.context.SecurityContextHolderFilter.doFilter(SecurityContextHolderFilter.java:82) ~[spring-security-web-6.5.10.jar:6.5.10]
	at org.springframework.security.web.context.SecurityContextHolderFilter.doFilter(SecurityContextHolderFilter.java:69) ~[spring-security-web-6.5.10.jar:6.5.10]
	at org.springframework.security.web.FilterChainProxy$VirtualFilterChain.doFilter(FilterChainProxy.java:379) ~[spring-security-web-6.5.10.jar:6.5.10]
	at org.springframework.web.filter.OncePerRequestFilter.doFilter(OncePerRequestFilter.java:101) ~[spring-web-6.2.18.jar:6.2.18]
	at org.springframework.security.web.FilterChainProxy$VirtualFilterChain.doFilter(FilterChainProxy.java:379) ~[spring-security-web-6.5.10.jar:6.5.10]
	at org.springframework.web.filter.OncePerRequestFilter.doFilter(OncePerRequestFilter.java:101) ~[spring-web-6.2.18.jar:6.2.18]
	at org.springframework.security.web.FilterChainProxy$VirtualFilterChain.doFilter(FilterChainProxy.java:379) ~[spring-security-web-6.5.10.jar:6.5.10]
	at org.springframework.security.web.FilterChainProxy.doFilterInternal(FilterChainProxy.java:233) ~[spring-security-web-6.5.10.jar:6.5.10]
	at org.springframework.security.web.FilterChainProxy.doFilter(FilterChainProxy.java:191) ~[spring-security-web-6.5.10.jar:6.5.10]
	at org.springframework.web.filter.CompositeFilter$VirtualFilterChain.doFilter(CompositeFilter.java:113) ~[spring-web-6.2.18.jar:6.2.18]
	at org.springframework.web.filter.ServletRequestPathFilter.doFilter(ServletRequestPathFilter.java:52) ~[spring-web-6.2.18.jar:6.2.18]
	at org.springframework.web.filter.CompositeFilter$VirtualFilterChain.doFilter(CompositeFilter.java:113) ~[spring-web-6.2.18.jar:6.2.18]
	at org.springframework.web.filter.CompositeFilter.doFilter(CompositeFilter.java:74) ~[spring-web-6.2.18.jar:6.2.18]
	at org.springframework.security.config.annotation.web.configuration.WebSecurityConfiguration$CompositeFilterChainProxy.doFilter(WebSecurityConfiguration.java:319) ~[spring-security-config-6.5.10.jar:6.5.10]
	at org.springframework.web.filter.CompositeFilter$VirtualFilterChain.doFilter(CompositeFilter.java:113) ~[spring-web-6.2.18.jar:6.2.18]
	at org.springframework.web.servlet.handler.HandlerMappingIntrospector.lambda$createCacheFilter$4(HandlerMappingIntrospector.java:267) ~[spring-webmvc-6.2.18.jar:6.2.18]
	at org.springframework.web.filter.CompositeFilter$VirtualFilterChain.doFilter(CompositeFilter.java:113) ~[spring-web-6.2.18.jar:6.2.18]
	at org.springframework.web.filter.CompositeFilter.doFilter(CompositeFilter.java:74) ~[spring-web-6.2.18.jar:6.2.18]
	at org.springframework.security.config.annotation.web.configuration.WebMvcSecurityConfiguration$CompositeFilterChainProxy.doFilter(WebMvcSecurityConfiguration.java:240) ~[spring-security-config-6.5.10.jar:6.5.10]
	at org.springframework.web.filter.DelegatingFilterProxy.invokeDelegate(DelegatingFilterProxy.java:362) ~[spring-web-6.2.18.jar:6.2.18]
	at org.springframework.web.filter.DelegatingFilterProxy.doFilter(DelegatingFilterProxy.java:278) ~[spring-web-6.2.18.jar:6.2.18]
	at org.apache.catalina.core.ApplicationFilterChain.internalDoFilter(ApplicationFilterChain.java:162) ~[tomcat-embed-core-10.1.54.jar:10.1.54]
	at org.apache.catalina.core.ApplicationFilterChain.doFilter(ApplicationFilterChain.java:138) ~[tomcat-embed-core-10.1.54.jar:10.1.54]
	at org.springframework.web.filter.RequestContextFilter.doFilterInternal(RequestContextFilter.java:100) ~[spring-web-6.2.18.jar:6.2.18]
	at org.springframework.web.filter.OncePerRequestFilter.doFilter(OncePerRequestFilter.java:116) ~[spring-web-6.2.18.jar:6.2.18]
	at org.apache.catalina.core.ApplicationFilterChain.internalDoFilter(ApplicationFilterChain.java:162) ~[tomcat-embed-core-10.1.54.jar:10.1.54]
	at org.apache.catalina.core.ApplicationFilterChain.doFilter(ApplicationFilterChain.java:138) ~[tomcat-embed-core-10.1.54.jar:10.1.54]
	at org.springframework.web.filter.OncePerRequestFilter.doFilter(OncePerRequestFilter.java:101) ~[spring-web-6.2.18.jar:6.2.18]
	at org.apache.catalina.core.ApplicationFilterChain.internalDoFilter(ApplicationFilterChain.java:162) ~[tomcat-embed-core-10.1.54.jar:10.1.54]
	at org.apache.catalina.core.ApplicationFilterChain.doFilter(ApplicationFilterChain.java:138) ~[tomcat-embed-core-10.1.54.jar:10.1.54]
	at org.springframework.web.filter.OncePerRequestFilter.doFilter(OncePerRequestFilter.java:101) ~[spring-web-6.2.18.jar:6.2.18]
	at org.apache.catalina.core.ApplicationFilterChain.internalDoFilter(ApplicationFilterChain.java:162) ~[tomcat-embed-core-10.1.54.jar:10.1.54]
	at org.apache.catalina.core.ApplicationFilterChain.doFilter(ApplicationFilterChain.java:138) ~[tomcat-embed-core-10.1.54.jar:10.1.54]
	at org.apache.catalina.core.ApplicationDispatcher.invoke(ApplicationDispatcher.java:610) ~[tomcat-embed-core-10.1.54.jar:10.1.54]
	at org.apache.catalina.core.ApplicationDispatcher.doInclude(ApplicationDispatcher.java:489) ~[tomcat-embed-core-10.1.54.jar:10.1.54]
	at org.apache.catalina.core.ApplicationDispatcher.include(ApplicationDispatcher.java:437) ~[tomcat-embed-core-10.1.54.jar:10.1.54]
	at org.apache.catalina.core.StandardHostValve.custom(StandardHostValve.java:355) ~[tomcat-embed-core-10.1.54.jar:10.1.54]
	at org.apache.catalina.core.StandardHostValve.status(StandardHostValve.java:206) ~[tomcat-embed-core-10.1.54.jar:10.1.54]
	at org.apache.catalina.core.StandardHostValve.throwable(StandardHostValve.java:283) ~[tomcat-embed-core-10.1.54.jar:10.1.54]
	at org.apache.catalina.core.AsyncContextImpl.setErrorState(AsyncContextImpl.java:440) ~[tomcat-embed-core-10.1.54.jar:10.1.54]
	at org.apache.catalina.connector.CoyoteAdapter.asyncDispatch(CoyoteAdapter.java:153) ~[tomcat-embed-core-10.1.54.jar:10.1.54]
	at org.apache.coyote.AbstractProcessor.dispatch(AbstractProcessor.java:243) ~[tomcat-embed-core-10.1.54.jar:10.1.54]
	at org.apache.coyote.AbstractProcessorLight.process(AbstractProcessorLight.java:57) ~[tomcat-embed-core-10.1.54.jar:10.1.54]
	at org.apache.coyote.AbstractProtocol$ConnectionHandler.process(AbstractProtocol.java:903) ~[tomcat-embed-core-10.1.54.jar:10.1.54]
	at org.apache.tomcat.util.net.NioEndpoint$SocketProcessor.doRun(NioEndpoint.java:1797) ~[tomcat-embed-core-10.1.54.jar:10.1.54]
	at org.apache.tomcat.util.net.SocketProcessorBase.run(SocketProcessorBase.java:52) ~[tomcat-embed-core-10.1.54.jar:10.1.54]
	at org.apache.tomcat.util.threads.ThreadPoolExecutor.runWorker(ThreadPoolExecutor.java:973) ~[tomcat-embed-core-10.1.54.jar:10.1.54]
	at org.apache.tomcat.util.threads.ThreadPoolExecutor$Worker.run(ThreadPoolExecutor.java:491) ~[tomcat-embed-core-10.1.54.jar:10.1.54]
	at org.apache.tomcat.util.threads.TaskThread$WrappingRunnable.run(TaskThread.java:63) ~[tomcat-embed-core-10.1.54.jar:10.1.54]
	at java.base/java.lang.Thread.run(Thread.java:1583) ~[na:na]

2026-05-28T20:04:03.601+09:00 ERROR 31519 --- [nio-8080-exec-5] o.a.c.c.C.[Tomcat].[localhost]           : Exception Processing [ErrorPage[errorCode=0, location=/error]]

jakarta.servlet.ServletException: Unable to handle the Spring Security Exception because the response is already committed.
	at org.springframework.security.web.access.ExceptionTranslationFilter.doFilter(ExceptionTranslationFilter.java:143) ~[spring-security-web-6.5.10.jar:6.5.10]
	at org.springframework.security.web.access.ExceptionTranslationFilter.doFilter(ExceptionTranslationFilter.java:119) ~[spring-security-web-6.5.10.jar:6.5.10]
	at org.springframework.security.web.FilterChainProxy$VirtualFilterChain.doFilter(FilterChainProxy.java:379) ~[spring-security-web-6.5.10.jar:6.5.10]
	at org.springframework.security.web.session.SessionManagementFilter.doFilter(SessionManagementFilter.java:91) ~[spring-security-web-6.5.10.jar:6.5.10]
	at org.springframework.security.web.session.SessionManagementFilter.doFilter(SessionManagementFilter.java:85) ~[spring-security-web-6.5.10.jar:6.5.10]
	at org.springframework.security.web.FilterChainProxy$VirtualFilterChain.doFilter(FilterChainProxy.java:379) ~[spring-security-web-6.5.10.jar:6.5.10]
	at org.springframework.security.web.authentication.AnonymousAuthenticationFilter.doFilter(AnonymousAuthenticationFilter.java:100) ~[spring-security-web-6.5.10.jar:6.5.10]
	at org.springframework.security.web.FilterChainProxy$VirtualFilterChain.doFilter(FilterChainProxy.java:379) ~[spring-security-web-6.5.10.jar:6.5.10]
	at org.springframework.security.web.servletapi.SecurityContextHolderAwareRequestFilter.doFilter(SecurityContextHolderAwareRequestFilter.java:179) ~[spring-security-web-6.5.10.jar:6.5.10]
	at org.springframework.security.web.FilterChainProxy$VirtualFilterChain.doFilter(FilterChainProxy.java:379) ~[spring-security-web-6.5.10.jar:6.5.10]
	at org.springframework.security.web.savedrequest.RequestCacheAwareFilter.doFilter(RequestCacheAwareFilter.java:63) ~[spring-security-web-6.5.10.jar:6.5.10]
	at org.springframework.security.web.FilterChainProxy$VirtualFilterChain.doFilter(FilterChainProxy.java:379) ~[spring-security-web-6.5.10.jar:6.5.10]
	at org.springframework.web.filter.OncePerRequestFilter.doFilter(OncePerRequestFilter.java:101) ~[spring-web-6.2.18.jar:6.2.18]
	at org.springframework.security.web.FilterChainProxy$VirtualFilterChain.doFilter(FilterChainProxy.java:379) ~[spring-security-web-6.5.10.jar:6.5.10]
	at org.springframework.security.web.authentication.logout.LogoutFilter.doFilter(LogoutFilter.java:107) ~[spring-security-web-6.5.10.jar:6.5.10]
	at org.springframework.security.web.authentication.logout.LogoutFilter.doFilter(LogoutFilter.java:93) ~[spring-security-web-6.5.10.jar:6.5.10]
	at org.springframework.security.web.FilterChainProxy$VirtualFilterChain.doFilter(FilterChainProxy.java:379) ~[spring-security-web-6.5.10.jar:6.5.10]
	at org.springframework.web.filter.OncePerRequestFilter.doFilter(OncePerRequestFilter.java:101) ~[spring-web-6.2.18.jar:6.2.18]
	at org.springframework.security.web.FilterChainProxy$VirtualFilterChain.doFilter(FilterChainProxy.java:379) ~[spring-security-web-6.5.10.jar:6.5.10]
	at org.springframework.web.filter.OncePerRequestFilter.doFilter(OncePerRequestFilter.java:101) ~[spring-web-6.2.18.jar:6.2.18]
	at org.springframework.security.web.FilterChainProxy$VirtualFilterChain.doFilter(FilterChainProxy.java:379) ~[spring-security-web-6.5.10.jar:6.5.10]
	at org.springframework.security.web.context.SecurityContextHolderFilter.doFilter(SecurityContextHolderFilter.java:82) ~[spring-security-web-6.5.10.jar:6.5.10]
	at org.springframework.security.web.context.SecurityContextHolderFilter.doFilter(SecurityContextHolderFilter.java:69) ~[spring-security-web-6.5.10.jar:6.5.10]
	at org.springframework.security.web.FilterChainProxy$VirtualFilterChain.doFilter(FilterChainProxy.java:379) ~[spring-security-web-6.5.10.jar:6.5.10]
	at org.springframework.web.filter.OncePerRequestFilter.doFilter(OncePerRequestFilter.java:101) ~[spring-web-6.2.18.jar:6.2.18]
	at org.springframework.security.web.FilterChainProxy$VirtualFilterChain.doFilter(FilterChainProxy.java:379) ~[spring-security-web-6.5.10.jar:6.5.10]
	at org.springframework.web.filter.OncePerRequestFilter.doFilter(OncePerRequestFilter.java:101) ~[spring-web-6.2.18.jar:6.2.18]
	at org.springframework.security.web.FilterChainProxy$VirtualFilterChain.doFilter(FilterChainProxy.java:379) ~[spring-security-web-6.5.10.jar:6.5.10]
	at org.springframework.security.web.FilterChainProxy.doFilterInternal(FilterChainProxy.java:233) ~[spring-security-web-6.5.10.jar:6.5.10]
	at org.springframework.security.web.FilterChainProxy.doFilter(FilterChainProxy.java:191) ~[spring-security-web-6.5.10.jar:6.5.10]
	at org.springframework.web.filter.CompositeFilter$VirtualFilterChain.doFilter(CompositeFilter.java:113) ~[spring-web-6.2.18.jar:6.2.18]
	at org.springframework.web.filter.ServletRequestPathFilter.doFilter(ServletRequestPathFilter.java:52) ~[spring-web-6.2.18.jar:6.2.18]
	at org.springframework.web.filter.CompositeFilter$VirtualFilterChain.doFilter(CompositeFilter.java:113) ~[spring-web-6.2.18.jar:6.2.18]
	at org.springframework.web.filter.CompositeFilter.doFilter(CompositeFilter.java:74) ~[spring-web-6.2.18.jar:6.2.18]
	at org.springframework.security.config.annotation.web.configuration.WebSecurityConfiguration$CompositeFilterChainProxy.doFilter(WebSecurityConfiguration.java:319) ~[spring-security-config-6.5.10.jar:6.5.10]
	at org.springframework.web.filter.CompositeFilter$VirtualFilterChain.doFilter(CompositeFilter.java:113) ~[spring-web-6.2.18.jar:6.2.18]
	at org.springframework.web.servlet.handler.HandlerMappingIntrospector.lambda$createCacheFilter$4(HandlerMappingIntrospector.java:267) ~[spring-webmvc-6.2.18.jar:6.2.18]
	at org.springframework.web.filter.CompositeFilter$VirtualFilterChain.doFilter(CompositeFilter.java:113) ~[spring-web-6.2.18.jar:6.2.18]
	at org.springframework.web.filter.CompositeFilter.doFilter(CompositeFilter.java:74) ~[spring-web-6.2.18.jar:6.2.18]
	at org.springframework.security.config.annotation.web.configuration.WebMvcSecurityConfiguration$CompositeFilterChainProxy.doFilter(WebMvcSecurityConfiguration.java:240) ~[spring-security-config-6.5.10.jar:6.5.10]
	at org.springframework.web.filter.DelegatingFilterProxy.invokeDelegate(DelegatingFilterProxy.java:362) ~[spring-web-6.2.18.jar:6.2.18]
	at org.springframework.web.filter.DelegatingFilterProxy.doFilter(DelegatingFilterProxy.java:278) ~[spring-web-6.2.18.jar:6.2.18]
	at org.apache.catalina.core.ApplicationFilterChain.internalDoFilter(ApplicationFilterChain.java:162) ~[tomcat-embed-core-10.1.54.jar:10.1.54]
	at org.apache.catalina.core.ApplicationFilterChain.doFilter(ApplicationFilterChain.java:138) ~[tomcat-embed-core-10.1.54.jar:10.1.54]
	at org.springframework.web.filter.RequestContextFilter.doFilterInternal(RequestContextFilter.java:100) ~[spring-web-6.2.18.jar:6.2.18]
	at org.springframework.web.filter.OncePerRequestFilter.doFilter(OncePerRequestFilter.java:116) ~[spring-web-6.2.18.jar:6.2.18]
	at org.apache.catalina.core.ApplicationFilterChain.internalDoFilter(ApplicationFilterChain.java:162) ~[tomcat-embed-core-10.1.54.jar:10.1.54]
	at org.apache.catalina.core.ApplicationFilterChain.doFilter(ApplicationFilterChain.java:138) ~[tomcat-embed-core-10.1.54.jar:10.1.54]
	at org.springframework.web.filter.OncePerRequestFilter.doFilter(OncePerRequestFilter.java:101) ~[spring-web-6.2.18.jar:6.2.18]
	at org.apache.catalina.core.ApplicationFilterChain.internalDoFilter(ApplicationFilterChain.java:162) ~[tomcat-embed-core-10.1.54.jar:10.1.54]
	at org.apache.catalina.core.ApplicationFilterChain.doFilter(ApplicationFilterChain.java:138) ~[tomcat-embed-core-10.1.54.jar:10.1.54]
	at org.springframework.web.filter.OncePerRequestFilter.doFilter(OncePerRequestFilter.java:101) ~[spring-web-6.2.18.jar:6.2.18]
	at org.apache.catalina.core.ApplicationFilterChain.internalDoFilter(ApplicationFilterChain.java:162) ~[tomcat-embed-core-10.1.54.jar:10.1.54]
	at org.apache.catalina.core.ApplicationFilterChain.doFilter(ApplicationFilterChain.java:138) ~[tomcat-embed-core-10.1.54.jar:10.1.54]
	at org.apache.catalina.core.ApplicationDispatcher.invoke(ApplicationDispatcher.java:610) ~[tomcat-embed-core-10.1.54.jar:10.1.54]
	at org.apache.catalina.core.ApplicationDispatcher.doInclude(ApplicationDispatcher.java:489) ~[tomcat-embed-core-10.1.54.jar:10.1.54]
	at org.apache.catalina.core.ApplicationDispatcher.include(ApplicationDispatcher.java:437) ~[tomcat-embed-core-10.1.54.jar:10.1.54]
	at org.apache.catalina.core.StandardHostValve.custom(StandardHostValve.java:355) ~[tomcat-embed-core-10.1.54.jar:10.1.54]
	at org.apache.catalina.core.StandardHostValve.status(StandardHostValve.java:206) ~[tomcat-embed-core-10.1.54.jar:10.1.54]
	at org.apache.catalina.core.StandardHostValve.throwable(StandardHostValve.java:283) ~[tomcat-embed-core-10.1.54.jar:10.1.54]
	at org.apache.catalina.core.AsyncContextImpl.setErrorState(AsyncContextImpl.java:440) ~[tomcat-embed-core-10.1.54.jar:10.1.54]
	at org.apache.catalina.connector.CoyoteAdapter.asyncDispatch(CoyoteAdapter.java:153) ~[tomcat-embed-core-10.1.54.jar:10.1.54]
	at org.apache.coyote.AbstractProcessor.dispatch(AbstractProcessor.java:243) ~[tomcat-embed-core-10.1.54.jar:10.1.54]
	at org.apache.coyote.AbstractProcessorLight.process(AbstractProcessorLight.java:57) ~[tomcat-embed-core-10.1.54.jar:10.1.54]
	at org.apache.coyote.AbstractProtocol$ConnectionHandler.process(AbstractProtocol.java:903) ~[tomcat-embed-core-10.1.54.jar:10.1.54]
	at org.apache.tomcat.util.net.NioEndpoint$SocketProcessor.doRun(NioEndpoint.java:1797) ~[tomcat-embed-core-10.1.54.jar:10.1.54]
	at org.apache.tomcat.util.net.SocketProcessorBase.run(SocketProcessorBase.java:52) ~[tomcat-embed-core-10.1.54.jar:10.1.54]
	at org.apache.tomcat.util.threads.ThreadPoolExecutor.runWorker(ThreadPoolExecutor.java:973) ~[tomcat-embed-core-10.1.54.jar:10.1.54]
	at org.apache.tomcat.util.threads.ThreadPoolExecutor$Worker.run(ThreadPoolExecutor.java:491) ~[tomcat-embed-core-10.1.54.jar:10.1.54]
	at org.apache.tomcat.util.threads.TaskThread$WrappingRunnable.run(TaskThread.java:63) ~[tomcat-embed-core-10.1.54.jar:10.1.54]
	at java.base/java.lang.Thread.run(Thread.java:1583) ~[na:na]
Caused by: org.springframework.security.authorization.AuthorizationDeniedException: Access Denied
	at org.springframework.security.web.access.intercept.AuthorizationFilter.doFilter(AuthorizationFilter.java:99) ~[spring-security-web-6.5.10.jar:6.5.10]
	at org.springframework.security.web.FilterChainProxy$VirtualFilterChain.doFilter(FilterChainProxy.java:379) ~[spring-security-web-6.5.10.jar:6.5.10]
	at org.springframework.security.web.access.ExceptionTranslationFilter.doFilter(ExceptionTranslationFilter.java:125) ~[spring-security-web-6.5.10.jar:6.5.10]
	... 70 common frames omitted

2026-05-28T20:04:04.903+09:00 DEBUG 31519 --- [nio-8080-exec-9] org.hibernate.SQL                        : 
    select
        m1_0.id,
        m1_0.managerId,
        m1_0.password,
        m1_0.role,
        m1_0.username,
        m1_0.virtualBalance 
    from
        Member m1_0 
    where
        m1_0.id=?
2026-05-28T20:04:04.903+09:00 TRACE 31519 --- [nio-8080-exec-9] org.hibernate.orm.jdbc.bind              : binding parameter (1:BIGINT) <- [1]
2026-05-28T20:04:19.477+09:00 DEBUG 31519 --- [nio-8080-exec-1] org.hibernate.SQL                        : 
    select
        m1_0.id 
    from
        Member m1_0 
    where
        m1_0.username=? 
    fetch
        first ? rows only
2026-05-28T20:04:19.477+09:00 TRACE 31519 --- [nio-8080-exec-1] org.hibernate.orm.jdbc.bind              : binding parameter (1:VARCHAR) <- [test]
2026-05-28T20:04:19.477+09:00 TRACE 31519 --- [nio-8080-exec-1] org.hibernate.orm.jdbc.bind              : binding parameter (2:INTEGER) <- [1]
2026-05-28T20:04:19.551+09:00 DEBUG 31519 --- [nio-8080-exec-1] org.hibernate.SQL                        : 
    insert 
    into
        Member
        (managerId, password, role, username, virtualBalance, id) 
    values
        (?, ?, ?, ?, ?, default)
2026-05-28T20:04:19.551+09:00 TRACE 31519 --- [nio-8080-exec-1] org.hibernate.orm.jdbc.bind              : binding parameter (1:BIGINT) <- [null]
2026-05-28T20:04:19.551+09:00 TRACE 31519 --- [nio-8080-exec-1] org.hibernate.orm.jdbc.bind              : binding parameter (2:VARCHAR) <- [$2a$10$7kTpinpPGPm8QMm/twsYCer8nnRKak9y.4.XnFsT0uWvVeT/ifO7.]
2026-05-28T20:04:19.551+09:00 TRACE 31519 --- [nio-8080-exec-1] org.hibernate.orm.jdbc.bind              : binding parameter (3:ENUM) <- [EMPLOYEE]
2026-05-28T20:04:19.551+09:00 TRACE 31519 --- [nio-8080-exec-1] org.hibernate.orm.jdbc.bind              : binding parameter (4:VARCHAR) <- [test]
2026-05-28T20:04:19.551+09:00 TRACE 31519 --- [nio-8080-exec-1] org.hibernate.orm.jdbc.bind              : binding parameter (5:BIGINT) <- [null]
2026-05-28T20:04:19.574+09:00 DEBUG 31519 --- [nio-8080-exec-6] org.hibernate.SQL                        : 
    select
        m1_0.id,
        m1_0.managerId,
        m1_0.password,
        m1_0.role,
        m1_0.username,
        m1_0.virtualBalance 
    from
        Member m1_0 
    where
        m1_0.username=?
2026-05-28T20:04:19.575+09:00 TRACE 31519 --- [nio-8080-exec-6] org.hibernate.orm.jdbc.bind              : binding parameter (1:VARCHAR) <- [test]
2026-05-28T20:04:19.644+09:00 DEBUG 31519 --- [nio-8080-exec-6] org.hibernate.SQL                        : 
    select
        rt1_0.id,
        rt1_0.expiresAt,
        rt1_0.memberId,
        rt1_0.token 
    from
        RefreshToken rt1_0 
    where
        rt1_0.memberId=?
2026-05-28T20:04:19.644+09:00 TRACE 31519 --- [nio-8080-exec-6] org.hibernate.orm.jdbc.bind              : binding parameter (1:BIGINT) <- [1]
2026-05-28T20:04:19.645+09:00 DEBUG 31519 --- [nio-8080-exec-6] org.hibernate.SQL                        : 
    insert 
    into
        RefreshToken
        (expiresAt, memberId, token, id) 
    values
        (?, ?, ?, default)
2026-05-28T20:04:19.645+09:00 TRACE 31519 --- [nio-8080-exec-6] org.hibernate.orm.jdbc.bind              : binding parameter (1:TIMESTAMP) <- [2026-06-04T20:04:19.643866]
2026-05-28T20:04:19.645+09:00 TRACE 31519 --- [nio-8080-exec-6] org.hibernate.orm.jdbc.bind              : binding parameter (2:BIGINT) <- [1]
2026-05-28T20:04:19.645+09:00 TRACE 31519 --- [nio-8080-exec-6] org.hibernate.orm.jdbc.bind              : binding parameter (3:VARCHAR) <- [eyJhbGciOiJIUzUxMiJ9.eyJzdWIiOiIxIiwicm9sZXMiOlsiRU1QTE9ZRUUiXSwidHlwZSI6InJlZnJlc2giLCJpYXQiOjE3Nzk5NjYyNTksImV4cCI6MTc4MDU3MTA1OX0.jij5-6A3l6XHqgbapQuF4E0lHsimJ0e28TxX3QJ_umaaxUjjxT4XoqQmhlpCTNDfbzC0VFQLZWl1rGOM5NlVzQ]
2026-05-28T20:04:19.667+09:00 DEBUG 31519 --- [nio-8080-exec-4] org.hibernate.SQL                        : 
    select
        m1_0.id,
        m1_0.managerId,
        m1_0.password,
        m1_0.role,
        m1_0.username,
        m1_0.virtualBalance 
    from
        Member m1_0 
    where
        m1_0.id=?
2026-05-28T20:04:19.667+09:00 DEBUG 31519 --- [nio-8080-exec-5] org.hibernate.SQL                        : 
    select
        m1_0.id,
        m1_0.managerId,
        m1_0.password,
        m1_0.role,
        m1_0.username,
        m1_0.virtualBalance 
    from
        Member m1_0 
    where
        m1_0.id=?
2026-05-28T20:04:19.667+09:00 DEBUG 31519 --- [nio-8080-exec-7] org.hibernate.SQL                        : 
    select
        m1_0.id,
        m1_0.managerId,
        m1_0.password,
        m1_0.role,
        m1_0.username,
        m1_0.virtualBalance 
    from
        Member m1_0 
    where
        m1_0.id=?
2026-05-28T20:04:19.667+09:00 TRACE 31519 --- [nio-8080-exec-5] org.hibernate.orm.jdbc.bind              : binding parameter (1:BIGINT) <- [1]
2026-05-28T20:04:19.667+09:00 TRACE 31519 --- [nio-8080-exec-4] org.hibernate.orm.jdbc.bind              : binding parameter (1:BIGINT) <- [1]
2026-05-28T20:04:19.667+09:00 TRACE 31519 --- [nio-8080-exec-7] org.hibernate.orm.jdbc.bind              : binding parameter (1:BIGINT) <- [1]
2026-05-28T20:04:19.670+09:00 DEBUG 31519 --- [nio-8080-exec-5] org.hibernate.SQL                        : 
    select
        m1_0.id,
        m1_0.managerId,
        m1_0.password,
        m1_0.role,
        m1_0.username,
        m1_0.virtualBalance 
    from
        Member m1_0 
    where
        m1_0.id=?
2026-05-28T20:04:19.670+09:00 DEBUG 31519 --- [nio-8080-exec-7] org.hibernate.SQL                        : 
    select
        m1_0.id,
        m1_0.managerId,
        m1_0.password,
        m1_0.role,
        m1_0.username,
        m1_0.virtualBalance 
    from
        Member m1_0 
    where
        m1_0.id=?
2026-05-28T20:04:19.670+09:00 TRACE 31519 --- [nio-8080-exec-5] org.hibernate.orm.jdbc.bind              : binding parameter (1:BIGINT) <- [1]
2026-05-28T20:04:19.670+09:00 TRACE 31519 --- [nio-8080-exec-7] org.hibernate.orm.jdbc.bind              : binding parameter (1:BIGINT) <- [1]
2026-05-28T20:04:19.672+09:00 DEBUG 31519 --- [nio-8080-exec-7] org.hibernate.SQL                        : 
    select
        ds1_0.id,
        ds1_0.createdAt,
        ds1_0.goal,
        ds1_0.member_id,
        ds1_0.result,
        ds1_0.standupDate,
        ds1_0.updatedAt 
    from
        DailyStandup ds1_0 
    where
        ds1_0.member_id=? 
        and ds1_0.standupDate=?
2026-05-28T20:04:19.672+09:00 DEBUG 31519 --- [nio-8080-exec-5] org.hibernate.SQL                        : 
    select
        n1_0.id,
        n1_0.createdAt,
        n1_0.message,
        n1_0.notificationType,
        n1_0.read,
        n1_0.readAt,
        n1_0.receiver_id,
        n1_0.sender_id 
    from
        Notification n1_0 
    where
        n1_0.receiver_id=? 
        and not(n1_0.read) 
    order by
        n1_0.createdAt desc
2026-05-28T20:04:19.673+09:00 TRACE 31519 --- [nio-8080-exec-7] org.hibernate.orm.jdbc.bind              : binding parameter (1:BIGINT) <- [1]
2026-05-28T20:04:19.673+09:00 TRACE 31519 --- [nio-8080-exec-5] org.hibernate.orm.jdbc.bind              : binding parameter (1:BIGINT) <- [1]
2026-05-28T20:04:19.673+09:00 TRACE 31519 --- [nio-8080-exec-7] org.hibernate.orm.jdbc.bind              : binding parameter (2:DATE) <- [2026-05-28]
2026-05-28T20:04:19.679+09:00 DEBUG 31519 --- [nio-8080-exec-8] org.hibernate.SQL                        : 
    select
        m1_0.id,
        m1_0.managerId,
        m1_0.password,
        m1_0.role,
        m1_0.username,
        m1_0.virtualBalance 
    from
        Member m1_0 
    where
        m1_0.id=?
2026-05-28T20:04:19.679+09:00 DEBUG 31519 --- [nio-8080-exec-9] org.hibernate.SQL                        : 
    select
        m1_0.id,
        m1_0.managerId,
        m1_0.password,
        m1_0.role,
        m1_0.username,
        m1_0.virtualBalance 
    from
        Member m1_0 
    where
        m1_0.id=?
2026-05-28T20:04:19.680+09:00 TRACE 31519 --- [nio-8080-exec-9] org.hibernate.orm.jdbc.bind              : binding parameter (1:BIGINT) <- [1]
2026-05-28T20:04:19.680+09:00 TRACE 31519 --- [nio-8080-exec-8] org.hibernate.orm.jdbc.bind              : binding parameter (1:BIGINT) <- [1]
2026-05-28T20:04:19.680+09:00 DEBUG 31519 --- [nio-8080-exec-8] org.hibernate.SQL                        : 
    select
        m1_0.id,
        m1_0.managerId,
        m1_0.password,
        m1_0.role,
        m1_0.username,
        m1_0.virtualBalance 
    from
        Member m1_0 
    where
        m1_0.id=?
2026-05-28T20:04:19.680+09:00 DEBUG 31519 --- [nio-8080-exec-9] org.hibernate.SQL                        : 
    select
        m1_0.id,
        m1_0.managerId,
        m1_0.password,
        m1_0.role,
        m1_0.username,
        m1_0.virtualBalance 
    from
        Member m1_0 
    where
        m1_0.id=?
2026-05-28T20:04:19.680+09:00 TRACE 31519 --- [nio-8080-exec-8] org.hibernate.orm.jdbc.bind              : binding parameter (1:BIGINT) <- [1]
2026-05-28T20:04:19.680+09:00 TRACE 31519 --- [nio-8080-exec-9] org.hibernate.orm.jdbc.bind              : binding parameter (1:BIGINT) <- [1]
2026-05-28T20:04:19.681+09:00 DEBUG 31519 --- [nio-8080-exec-9] org.hibernate.SQL                        : 
    select
        n1_0.id,
        n1_0.createdAt,
        n1_0.message,
        n1_0.notificationType,
        n1_0.read,
        n1_0.readAt,
        n1_0.receiver_id,
        n1_0.sender_id 
    from
        Notification n1_0 
    where
        n1_0.receiver_id=? 
        and not(n1_0.read) 
    order by
        n1_0.createdAt desc
2026-05-28T20:04:19.681+09:00 DEBUG 31519 --- [nio-8080-exec-8] org.hibernate.SQL                        : 
    select
        ds1_0.id,
        ds1_0.createdAt,
        ds1_0.goal,
        ds1_0.member_id,
        ds1_0.result,
        ds1_0.standupDate,
        ds1_0.updatedAt 
    from
        DailyStandup ds1_0 
    where
        ds1_0.member_id=? 
        and ds1_0.standupDate=?
2026-05-28T20:04:19.681+09:00 TRACE 31519 --- [nio-8080-exec-8] org.hibernate.orm.jdbc.bind              : binding parameter (1:BIGINT) <- [1]
2026-05-28T20:04:19.681+09:00 TRACE 31519 --- [nio-8080-exec-9] org.hibernate.orm.jdbc.bind              : binding parameter (1:BIGINT) <- [1]
2026-05-28T20:04:19.681+09:00 TRACE 31519 --- [nio-8080-exec-8] org.hibernate.orm.jdbc.bind              : binding parameter (2:DATE) <- [2026-05-28]
2026-05-28T20:04:19.686+09:00 DEBUG 31519 --- [io-8080-exec-10] org.hibernate.SQL                        : 
    select
        m1_0.id,
        m1_0.managerId,
        m1_0.password,
        m1_0.role,
        m1_0.username,
        m1_0.virtualBalance 
    from
        Member m1_0 
    where
        m1_0.id=?
2026-05-28T20:04:19.686+09:00 TRACE 31519 --- [io-8080-exec-10] org.hibernate.orm.jdbc.bind              : binding parameter (1:BIGINT) <- [1]
2026-05-28T20:04:19.690+09:00 DEBUG 31519 --- [nio-8080-exec-2] org.hibernate.SQL                        : 
    select
        m1_0.id,
        m1_0.managerId,
        m1_0.password,
        m1_0.role,
        m1_0.username,
        m1_0.virtualBalance 
    from
        Member m1_0 
    where
        m1_0.id=?
2026-05-28T20:04:19.690+09:00 TRACE 31519 --- [nio-8080-exec-2] org.hibernate.orm.jdbc.bind              : binding parameter (1:BIGINT) <- [1]
2026-05-28T20:04:19.694+09:00 DEBUG 31519 --- [nio-8080-exec-3] org.hibernate.SQL                        : 
    select
        m1_0.id,
        m1_0.managerId,
        m1_0.password,
        m1_0.role,
        m1_0.username,
        m1_0.virtualBalance 
    from
        Member m1_0 
    where
        m1_0.id=?
2026-05-28T20:04:19.694+09:00 TRACE 31519 --- [nio-8080-exec-3] org.hibernate.orm.jdbc.bind              : binding parameter (1:BIGINT) <- [1]
2026-05-28T20:04:26.217+09:00 DEBUG 31519 --- [nio-8080-exec-1] org.hibernate.SQL                        : 
    select
        m1_0.id 
    from
        Member m1_0 
    where
        m1_0.username=? 
    fetch
        first ? rows only
2026-05-28T20:04:26.218+09:00 TRACE 31519 --- [nio-8080-exec-1] org.hibernate.orm.jdbc.bind              : binding parameter (1:VARCHAR) <- [admin]
2026-05-28T20:04:26.218+09:00 TRACE 31519 --- [nio-8080-exec-1] org.hibernate.orm.jdbc.bind              : binding parameter (2:INTEGER) <- [1]
2026-05-28T20:04:26.303+09:00 DEBUG 31519 --- [nio-8080-exec-1] org.hibernate.SQL                        : 
    insert 
    into
        Member
        (managerId, password, role, username, virtualBalance, id) 
    values
        (?, ?, ?, ?, ?, default)
2026-05-28T20:04:26.303+09:00 TRACE 31519 --- [nio-8080-exec-1] org.hibernate.orm.jdbc.bind              : binding parameter (1:BIGINT) <- [null]
2026-05-28T20:04:26.303+09:00 TRACE 31519 --- [nio-8080-exec-1] org.hibernate.orm.jdbc.bind              : binding parameter (2:VARCHAR) <- [$2a$10$my33RR7vbBnzdG3VMkfzNOH6fB3sN57sRsmxQF6GJP/o8MRV4HmH.]
2026-05-28T20:04:26.303+09:00 TRACE 31519 --- [nio-8080-exec-1] org.hibernate.orm.jdbc.bind              : binding parameter (3:ENUM) <- [MANAGER]
2026-05-28T20:04:26.303+09:00 TRACE 31519 --- [nio-8080-exec-1] org.hibernate.orm.jdbc.bind              : binding parameter (4:VARCHAR) <- [admin]
2026-05-28T20:04:26.303+09:00 TRACE 31519 --- [nio-8080-exec-1] org.hibernate.orm.jdbc.bind              : binding parameter (5:BIGINT) <- [null]
2026-05-28T20:04:26.315+09:00 DEBUG 31519 --- [nio-8080-exec-6] org.hibernate.SQL                        : 
    select
        m1_0.id,
        m1_0.managerId,
        m1_0.password,
        m1_0.role,
        m1_0.username,
        m1_0.virtualBalance 
    from
        Member m1_0 
    where
        m1_0.username=?
2026-05-28T20:04:26.315+09:00 TRACE 31519 --- [nio-8080-exec-6] org.hibernate.orm.jdbc.bind              : binding parameter (1:VARCHAR) <- [admin]
2026-05-28T20:04:26.381+09:00 DEBUG 31519 --- [nio-8080-exec-6] org.hibernate.SQL                        : 
    select
        rt1_0.id,
        rt1_0.expiresAt,
        rt1_0.memberId,
        rt1_0.token 
    from
        RefreshToken rt1_0 
    where
        rt1_0.memberId=?
2026-05-28T20:04:26.381+09:00 TRACE 31519 --- [nio-8080-exec-6] org.hibernate.orm.jdbc.bind              : binding parameter (1:BIGINT) <- [2]
2026-05-28T20:04:26.382+09:00 DEBUG 31519 --- [nio-8080-exec-6] org.hibernate.SQL                        : 
    insert 
    into
        RefreshToken
        (expiresAt, memberId, token, id) 
    values
        (?, ?, ?, default)
2026-05-28T20:04:26.382+09:00 TRACE 31519 --- [nio-8080-exec-6] org.hibernate.orm.jdbc.bind              : binding parameter (1:TIMESTAMP) <- [2026-06-04T20:04:26.381081]
2026-05-28T20:04:26.382+09:00 TRACE 31519 --- [nio-8080-exec-6] org.hibernate.orm.jdbc.bind              : binding parameter (2:BIGINT) <- [2]
2026-05-28T20:04:26.382+09:00 TRACE 31519 --- [nio-8080-exec-6] org.hibernate.orm.jdbc.bind              : binding parameter (3:VARCHAR) <- [eyJhbGciOiJIUzUxMiJ9.eyJzdWIiOiIyIiwicm9sZXMiOlsiTUFOQUdFUiJdLCJ0eXBlIjoicmVmcmVzaCIsImlhdCI6MTc3OTk2NjI2NiwiZXhwIjoxNzgwNTcxMDY2fQ.EFVf3a7CfxiL3BbuQPXfO1h5L6anUXq3IMm8KSzMdqtu-NRzapFiCZDaHyEV6AKTGBgz8_8NbqOEz_UId1jR_g]
2026-05-28T20:04:26.406+09:00 DEBUG 31519 --- [nio-8080-exec-5] org.hibernate.SQL                        : 
    select
        m1_0.id,
        m1_0.managerId,
        m1_0.password,
        m1_0.role,
        m1_0.username,
        m1_0.virtualBalance 
    from
        Member m1_0 
    where
        m1_0.id=?
2026-05-28T20:04:26.406+09:00 TRACE 31519 --- [nio-8080-exec-5] org.hibernate.orm.jdbc.bind              : binding parameter (1:BIGINT) <- [2]
2026-05-28T20:04:26.406+09:00 DEBUG 31519 --- [nio-8080-exec-7] org.hibernate.SQL                        : 
    select
        m1_0.id,
        m1_0.managerId,
        m1_0.password,
        m1_0.role,
        m1_0.username,
        m1_0.virtualBalance 
    from
        Member m1_0 
    where
        m1_0.id=?
2026-05-28T20:04:26.406+09:00 TRACE 31519 --- [nio-8080-exec-7] org.hibernate.orm.jdbc.bind              : binding parameter (1:BIGINT) <- [2]
2026-05-28T20:04:26.410+09:00 DEBUG 31519 --- [nio-8080-exec-7] org.hibernate.SQL                        : 
    select
        m1_0.id,
        m1_0.managerId,
        m1_0.password,
        m1_0.role,
        m1_0.username,
        m1_0.virtualBalance 
    from
        Member m1_0 
    where
        m1_0.managerId=?
2026-05-28T20:04:26.410+09:00 DEBUG 31519 --- [nio-8080-exec-5] org.hibernate.SQL                        : 
    select
        m1_0.id,
        m1_0.managerId,
        m1_0.password,
        m1_0.role,
        m1_0.username,
        m1_0.virtualBalance 
    from
        Member m1_0 
    where
        m1_0.managerId=?
2026-05-28T20:04:26.410+09:00 TRACE 31519 --- [nio-8080-exec-7] org.hibernate.orm.jdbc.bind              : binding parameter (1:BIGINT) <- [2]
2026-05-28T20:04:26.410+09:00 TRACE 31519 --- [nio-8080-exec-5] org.hibernate.orm.jdbc.bind              : binding parameter (1:BIGINT) <- [2]
2026-05-28T20:04:29.564+09:00 DEBUG 31519 --- [nio-8080-exec-9] org.hibernate.SQL                        : 
    select
        m1_0.id,
        m1_0.managerId,
        m1_0.password,
        m1_0.role,
        m1_0.username,
        m1_0.virtualBalance 
    from
        Member m1_0 
    where
        m1_0.id=?
2026-05-28T20:04:29.565+09:00 TRACE 31519 --- [nio-8080-exec-9] org.hibernate.orm.jdbc.bind              : binding parameter (1:BIGINT) <- [2]
2026-05-28T20:04:29.570+09:00 DEBUG 31519 --- [nio-8080-exec-9] org.hibernate.SQL                        : 
    insert 
    into
        invite_codes
        (code, expiresAt, managerId, id) 
    values
        (?, ?, ?, default)
2026-05-28T20:04:29.570+09:00 TRACE 31519 --- [nio-8080-exec-9] org.hibernate.orm.jdbc.bind              : binding parameter (1:VARCHAR) <- [WS-8525-3689]
2026-05-28T20:04:29.570+09:00 TRACE 31519 --- [nio-8080-exec-9] org.hibernate.orm.jdbc.bind              : binding parameter (2:TIMESTAMP_UTC) <- [2026-05-28T11:09:29.569080Z]
2026-05-28T20:04:29.575+09:00 TRACE 31519 --- [nio-8080-exec-9] org.hibernate.orm.jdbc.bind              : binding parameter (3:BIGINT) <- [2]
2026-05-28T20:04:35.196+09:00 DEBUG 31519 --- [nio-8080-exec-8] org.hibernate.SQL                        : 
    select
        m1_0.id,
        m1_0.managerId,
        m1_0.password,
        m1_0.role,
        m1_0.username,
        m1_0.virtualBalance 
    from
        Member m1_0 
    where
        m1_0.id=?
2026-05-28T20:04:35.196+09:00 TRACE 31519 --- [nio-8080-exec-8] org.hibernate.orm.jdbc.bind              : binding parameter (1:BIGINT) <- [1]
2026-05-28T20:04:35.203+09:00 DEBUG 31519 --- [nio-8080-exec-8] org.hibernate.SQL                        : 
    select
        ic1_0.id,
        ic1_0.code,
        ic1_0.expiresAt,
        ic1_0.managerId 
    from
        invite_codes ic1_0 
    where
        ic1_0.code=?
2026-05-28T20:04:35.203+09:00 TRACE 31519 --- [nio-8080-exec-8] org.hibernate.orm.jdbc.bind              : binding parameter (1:VARCHAR) <- [WS-8525-3689]
2026-05-28T20:04:35.205+09:00 DEBUG 31519 --- [nio-8080-exec-8] org.hibernate.SQL                        : 
    select
        m1_0.id,
        m1_0.managerId,
        m1_0.password,
        m1_0.role,
        m1_0.username,
        m1_0.virtualBalance 
    from
        Member m1_0 
    where
        m1_0.id=?
2026-05-28T20:04:35.205+09:00 TRACE 31519 --- [nio-8080-exec-8] org.hibernate.orm.jdbc.bind              : binding parameter (1:BIGINT) <- [1]
2026-05-28T20:04:35.213+09:00 DEBUG 31519 --- [nio-8080-exec-8] org.hibernate.SQL                        : 
    update
        Member 
    set
        managerId=?,
        password=?,
        role=?,
        username=?,
        virtualBalance=? 
    where
        id=?
2026-05-28T20:04:35.214+09:00 TRACE 31519 --- [nio-8080-exec-8] org.hibernate.orm.jdbc.bind              : binding parameter (1:BIGINT) <- [2]
2026-05-28T20:04:35.214+09:00 TRACE 31519 --- [nio-8080-exec-8] org.hibernate.orm.jdbc.bind              : binding parameter (2:VARCHAR) <- [$2a$10$7kTpinpPGPm8QMm/twsYCer8nnRKak9y.4.XnFsT0uWvVeT/ifO7.]
2026-05-28T20:04:35.214+09:00 TRACE 31519 --- [nio-8080-exec-8] org.hibernate.orm.jdbc.bind              : binding parameter (3:ENUM) <- [EMPLOYEE]
2026-05-28T20:04:35.214+09:00 TRACE 31519 --- [nio-8080-exec-8] org.hibernate.orm.jdbc.bind              : binding parameter (4:VARCHAR) <- [test]
2026-05-28T20:04:35.214+09:00 TRACE 31519 --- [nio-8080-exec-8] org.hibernate.orm.jdbc.bind              : binding parameter (5:BIGINT) <- [null]
2026-05-28T20:04:35.214+09:00 TRACE 31519 --- [nio-8080-exec-8] org.hibernate.orm.jdbc.bind              : binding parameter (6:BIGINT) <- [1]
2026-05-28T20:04:35.224+09:00 DEBUG 31519 --- [nio-8080-exec-4] org.hibernate.SQL                        : 
    select
        m1_0.id,
        m1_0.managerId,
        m1_0.password,
        m1_0.role,
        m1_0.username,
        m1_0.virtualBalance 
    from
        Member m1_0 
    where
        m1_0.id=?
2026-05-28T20:04:35.225+09:00 TRACE 31519 --- [nio-8080-exec-4] org.hibernate.orm.jdbc.bind              : binding parameter (1:BIGINT) <- [1]
2026-05-28T20:04:35.226+09:00 DEBUG 31519 --- [nio-8080-exec-4] org.hibernate.SQL                        : 
    select
        m1_0.id,
        m1_0.managerId,
        m1_0.password,
        m1_0.role,
        m1_0.username,
        m1_0.virtualBalance 
    from
        Member m1_0 
    where
        m1_0.id=?
2026-05-28T20:04:35.227+09:00 TRACE 31519 --- [nio-8080-exec-4] org.hibernate.orm.jdbc.bind              : binding parameter (1:BIGINT) <- [2]
2026-05-28T20:04:35.236+09:00 DEBUG 31519 --- [io-8080-exec-10] org.hibernate.SQL                        : 
    select
        m1_0.id,
        m1_0.managerId,
        m1_0.password,
        m1_0.role,
        m1_0.username,
        m1_0.virtualBalance 
    from
        Member m1_0 
    where
        m1_0.id=?
2026-05-28T20:04:35.236+09:00 TRACE 31519 --- [io-8080-exec-10] org.hibernate.orm.jdbc.bind              : binding parameter (1:BIGINT) <- [1]
2026-05-28T20:04:35.238+09:00 DEBUG 31519 --- [io-8080-exec-10] org.hibernate.SQL                        : 
    select
        m1_0.id,
        m1_0.managerId,
        m1_0.password,
        m1_0.role,
        m1_0.username,
        m1_0.virtualBalance 
    from
        Member m1_0 
    where
        m1_0.managerId=?
2026-05-28T20:04:35.238+09:00 TRACE 31519 --- [io-8080-exec-10] org.hibernate.orm.jdbc.bind              : binding parameter (1:BIGINT) <- [2]
2026-05-28T20:04:35.245+09:00 DEBUG 31519 --- [nio-8080-exec-2] org.hibernate.SQL                        : 
    select
        m1_0.id,
        m1_0.managerId,
        m1_0.password,
        m1_0.role,
        m1_0.username,
        m1_0.virtualBalance 
    from
        Member m1_0 
    where
        m1_0.id=?
2026-05-28T20:04:35.245+09:00 DEBUG 31519 --- [nio-8080-exec-3] org.hibernate.SQL                        : 
    select
        m1_0.id,
        m1_0.managerId,
        m1_0.password,
        m1_0.role,
        m1_0.username,
        m1_0.virtualBalance 
    from
        Member m1_0 
    where
        m1_0.id=?
2026-05-28T20:04:35.245+09:00 TRACE 31519 --- [nio-8080-exec-2] org.hibernate.orm.jdbc.bind              : binding parameter (1:BIGINT) <- [1]
2026-05-28T20:04:35.245+09:00 TRACE 31519 --- [nio-8080-exec-3] org.hibernate.orm.jdbc.bind              : binding parameter (1:BIGINT) <- [1]
2026-05-28T20:04:35.245+09:00 DEBUG 31519 --- [nio-8080-exec-6] org.hibernate.SQL                        : 
    select
        m1_0.id,
        m1_0.managerId,
        m1_0.password,
        m1_0.role,
        m1_0.username,
        m1_0.virtualBalance 
    from
        Member m1_0 
    where
        m1_0.id=?
2026-05-28T20:04:35.245+09:00 DEBUG 31519 --- [nio-8080-exec-1] org.hibernate.SQL                        : 
    select
        m1_0.id,
        m1_0.managerId,
        m1_0.password,
        m1_0.role,
        m1_0.username,
        m1_0.virtualBalance 
    from
        Member m1_0 
    where
        m1_0.id=?
2026-05-28T20:04:35.245+09:00 TRACE 31519 --- [nio-8080-exec-6] org.hibernate.orm.jdbc.bind              : binding parameter (1:BIGINT) <- [1]
2026-05-28T20:04:35.245+09:00 TRACE 31519 --- [nio-8080-exec-1] org.hibernate.orm.jdbc.bind              : binding parameter (1:BIGINT) <- [1]
2026-05-28T20:04:35.245+09:00 DEBUG 31519 --- [nio-8080-exec-2] org.hibernate.SQL                        : 
    select
        m1_0.id,
        m1_0.managerId,
        m1_0.password,
        m1_0.role,
        m1_0.username,
        m1_0.virtualBalance 
    from
        Member m1_0 
    where
        m1_0.id=?
2026-05-28T20:04:35.245+09:00 TRACE 31519 --- [nio-8080-exec-2] org.hibernate.orm.jdbc.bind              : binding parameter (1:BIGINT) <- [2]
2026-05-28T20:04:35.246+09:00 DEBUG 31519 --- [nio-8080-exec-1] org.hibernate.SQL                        : 
    select
        m1_0.id,
        m1_0.managerId,
        m1_0.password,
        m1_0.role,
        m1_0.username,
        m1_0.virtualBalance 
    from
        Member m1_0 
    where
        m1_0.id=?
2026-05-28T20:04:35.246+09:00 DEBUG 31519 --- [nio-8080-exec-6] org.hibernate.SQL                        : 
    select
        m1_0.id,
        m1_0.managerId,
        m1_0.password,
        m1_0.role,
        m1_0.username,
        m1_0.virtualBalance 
    from
        Member m1_0 
    where
        m1_0.id=?
2026-05-28T20:04:35.246+09:00 TRACE 31519 --- [nio-8080-exec-1] org.hibernate.orm.jdbc.bind              : binding parameter (1:BIGINT) <- [1]
2026-05-28T20:04:35.246+09:00 TRACE 31519 --- [nio-8080-exec-6] org.hibernate.orm.jdbc.bind              : binding parameter (1:BIGINT) <- [1]
2026-05-28T20:04:35.247+09:00 DEBUG 31519 --- [nio-8080-exec-1] org.hibernate.SQL                        : 
    select
        ds1_0.id,
        ds1_0.createdAt,
        ds1_0.goal,
        ds1_0.member_id,
        ds1_0.result,
        ds1_0.standupDate,
        ds1_0.updatedAt 
    from
        DailyStandup ds1_0 
    where
        ds1_0.member_id=? 
        and ds1_0.standupDate=?
2026-05-28T20:04:35.247+09:00 DEBUG 31519 --- [nio-8080-exec-6] org.hibernate.SQL                        : 
    select
        n1_0.id,
        n1_0.createdAt,
        n1_0.message,
        n1_0.notificationType,
        n1_0.read,
        n1_0.readAt,
        n1_0.receiver_id,
        n1_0.sender_id 
    from
        Notification n1_0 
    where
        n1_0.receiver_id=? 
        and not(n1_0.read) 
    order by
        n1_0.createdAt desc
2026-05-28T20:04:35.247+09:00 TRACE 31519 --- [nio-8080-exec-1] org.hibernate.orm.jdbc.bind              : binding parameter (1:BIGINT) <- [1]
2026-05-28T20:04:35.247+09:00 TRACE 31519 --- [nio-8080-exec-1] org.hibernate.orm.jdbc.bind              : binding parameter (2:DATE) <- [2026-05-28]
2026-05-28T20:04:35.247+09:00 TRACE 31519 --- [nio-8080-exec-6] org.hibernate.orm.jdbc.bind              : binding parameter (1:BIGINT) <- [1]
2026-05-28T20:04:35.249+09:00 DEBUG 31519 --- [nio-8080-exec-5] org.hibernate.SQL                        : 
    select
        m1_0.id,
        m1_0.managerId,
        m1_0.password,
        m1_0.role,
        m1_0.username,
        m1_0.virtualBalance 
    from
        Member m1_0 
    where
        m1_0.id=?
2026-05-28T20:04:35.250+09:00 TRACE 31519 --- [nio-8080-exec-5] org.hibernate.orm.jdbc.bind              : binding parameter (1:BIGINT) <- [1]
2026-05-28T20:04:35.251+09:00 DEBUG 31519 --- [nio-8080-exec-5] org.hibernate.SQL                        : 
    select
        m1_0.id,
        m1_0.managerId,
        m1_0.password,
        m1_0.role,
        m1_0.username,
        m1_0.virtualBalance 
    from
        Member m1_0 
    where
        m1_0.id=?
2026-05-28T20:04:35.251+09:00 TRACE 31519 --- [nio-8080-exec-5] org.hibernate.orm.jdbc.bind              : binding parameter (1:BIGINT) <- [2]
2026-05-28T20:04:35.251+09:00 DEBUG 31519 --- [nio-8080-exec-9] org.hibernate.SQL                        : 
    select
        m1_0.id,
        m1_0.managerId,
        m1_0.password,
        m1_0.role,
        m1_0.username,
        m1_0.virtualBalance 
    from
        Member m1_0 
    where
        m1_0.id=?
2026-05-28T20:04:35.251+09:00 DEBUG 31519 --- [nio-8080-exec-7] org.hibernate.SQL                        : 
    select
        m1_0.id,
        m1_0.managerId,
        m1_0.password,
        m1_0.role,
        m1_0.username,
        m1_0.virtualBalance 
    from
        Member m1_0 
    where
        m1_0.id=?
2026-05-28T20:04:35.251+09:00 TRACE 31519 --- [nio-8080-exec-7] org.hibernate.orm.jdbc.bind              : binding parameter (1:BIGINT) <- [1]
2026-05-28T20:04:35.251+09:00 TRACE 31519 --- [nio-8080-exec-9] org.hibernate.orm.jdbc.bind              : binding parameter (1:BIGINT) <- [1]
2026-05-28T20:04:35.252+09:00 DEBUG 31519 --- [nio-8080-exec-9] org.hibernate.SQL                        : 
    select
        m1_0.id,
        m1_0.managerId,
        m1_0.password,
        m1_0.role,
        m1_0.username,
        m1_0.virtualBalance 
    from
        Member m1_0 
    where
        m1_0.id=?
2026-05-28T20:04:35.252+09:00 DEBUG 31519 --- [nio-8080-exec-7] org.hibernate.SQL                        : 
    select
        m1_0.id,
        m1_0.managerId,
        m1_0.password,
        m1_0.role,
        m1_0.username,
        m1_0.virtualBalance 
    from
        Member m1_0 
    where
        m1_0.id=?
2026-05-28T20:04:35.252+09:00 TRACE 31519 --- [nio-8080-exec-9] org.hibernate.orm.jdbc.bind              : binding parameter (1:BIGINT) <- [1]
2026-05-28T20:04:35.252+09:00 TRACE 31519 --- [nio-8080-exec-7] org.hibernate.orm.jdbc.bind              : binding parameter (1:BIGINT) <- [1]
2026-05-28T20:04:35.253+09:00 DEBUG 31519 --- [nio-8080-exec-9] org.hibernate.SQL                        : 
    select
        ds1_0.id,
        ds1_0.createdAt,
        ds1_0.goal,
        ds1_0.member_id,
        ds1_0.result,
        ds1_0.standupDate,
        ds1_0.updatedAt 
    from
        DailyStandup ds1_0 
    where
        ds1_0.member_id=? 
        and ds1_0.standupDate=?
2026-05-28T20:04:35.253+09:00 DEBUG 31519 --- [nio-8080-exec-7] org.hibernate.SQL                        : 
    select
        n1_0.id,
        n1_0.createdAt,
        n1_0.message,
        n1_0.notificationType,
        n1_0.read,
        n1_0.readAt,
        n1_0.receiver_id,
        n1_0.sender_id 
    from
        Notification n1_0 
    where
        n1_0.receiver_id=? 
        and not(n1_0.read) 
    order by
        n1_0.createdAt desc
2026-05-28T20:04:35.253+09:00 TRACE 31519 --- [nio-8080-exec-7] org.hibernate.orm.jdbc.bind              : binding parameter (1:BIGINT) <- [1]
2026-05-28T20:04:35.253+09:00 TRACE 31519 --- [nio-8080-exec-9] org.hibernate.orm.jdbc.bind              : binding parameter (1:BIGINT) <- [1]
2026-05-28T20:04:35.253+09:00 TRACE 31519 --- [nio-8080-exec-9] org.hibernate.orm.jdbc.bind              : binding parameter (2:DATE) <- [2026-05-28]
2026-05-28T20:04:35.255+09:00 DEBUG 31519 --- [nio-8080-exec-3] org.hibernate.SQL                        : 
    select
        mr1_0.id,
        mr1_0.active,
        mr1_0.createdAt,
        mr1_0.endedAt,
        mr1_0.host_id,
        mr1_0.title 
    from
        MeetingRoom mr1_0 
    join
        Member h1_0 
            on h1_0.id=mr1_0.host_id 
    where
        mr1_0.active=true 
        and (
            h1_0.managerId=? 
            or mr1_0.host_id=?
        ) 
    order by
        mr1_0.createdAt desc
2026-05-28T20:04:35.255+09:00 DEBUG 31519 --- [nio-8080-exec-4] org.hibernate.SQL                        : 
    select
        m1_0.id,
        m1_0.managerId,
        m1_0.password,
        m1_0.role,
        m1_0.username,
        m1_0.virtualBalance 
    from
        Member m1_0 
    where
        m1_0.id=?
2026-05-28T20:04:35.256+09:00 TRACE 31519 --- [nio-8080-exec-4] org.hibernate.orm.jdbc.bind              : binding parameter (1:BIGINT) <- [1]
2026-05-28T20:04:35.256+09:00 TRACE 31519 --- [nio-8080-exec-3] org.hibernate.orm.jdbc.bind              : binding parameter (1:BIGINT) <- [2]
2026-05-28T20:04:35.256+09:00 TRACE 31519 --- [nio-8080-exec-3] org.hibernate.orm.jdbc.bind              : binding parameter (2:BIGINT) <- [2]
2026-05-28T20:04:35.257+09:00 DEBUG 31519 --- [nio-8080-exec-4] org.hibernate.SQL                        : 
    select
        m1_0.id,
        m1_0.managerId,
        m1_0.password,
        m1_0.role,
        m1_0.username,
        m1_0.virtualBalance 
    from
        Member m1_0 
    where
        m1_0.id=?
2026-05-28T20:04:35.257+09:00 DEBUG 31519 --- [nio-8080-exec-2] org.hibernate.SQL                        : 
    select
        m1_0.id,
        m1_0.managerId,
        m1_0.password,
        m1_0.role,
        m1_0.username,
        m1_0.virtualBalance 
    from
        Member m1_0 
    where
        m1_0.id=?
2026-05-28T20:04:35.257+09:00 TRACE 31519 --- [nio-8080-exec-4] org.hibernate.orm.jdbc.bind              : binding parameter (1:BIGINT) <- [2]
2026-05-28T20:04:35.257+09:00 TRACE 31519 --- [nio-8080-exec-2] org.hibernate.orm.jdbc.bind              : binding parameter (1:BIGINT) <- [1]
2026-05-28T20:04:35.259+09:00 DEBUG 31519 --- [nio-8080-exec-2] org.hibernate.SQL                        : 
    select
        m1_0.id,
        m1_0.managerId,
        m1_0.password,
        m1_0.role,
        m1_0.username,
        m1_0.virtualBalance 
    from
        Member m1_0 
    where
        m1_0.managerId=?
2026-05-28T20:04:35.259+09:00 TRACE 31519 --- [nio-8080-exec-2] org.hibernate.orm.jdbc.bind              : binding parameter (1:BIGINT) <- [2]
2026-05-28T20:04:35.262+09:00 DEBUG 31519 --- [nio-8080-exec-6] org.hibernate.SQL                        : 
    select
        m1_0.id,
        m1_0.managerId,
        m1_0.password,
        m1_0.role,
        m1_0.username,
        m1_0.virtualBalance 
    from
        Member m1_0 
    where
        m1_0.id=?
2026-05-28T20:04:35.262+09:00 TRACE 31519 --- [nio-8080-exec-6] org.hibernate.orm.jdbc.bind              : binding parameter (1:BIGINT) <- [1]
2026-05-28T20:04:35.262+09:00 DEBUG 31519 --- [nio-8080-exec-1] org.hibernate.SQL                        : 
    select
        m1_0.id,
        m1_0.managerId,
        m1_0.password,
        m1_0.role,
        m1_0.username,
        m1_0.virtualBalance 
    from
        Member m1_0 
    where
        m1_0.id=?
2026-05-28T20:04:35.262+09:00 TRACE 31519 --- [nio-8080-exec-1] org.hibernate.orm.jdbc.bind              : binding parameter (1:BIGINT) <- [1]
2026-05-28T20:04:35.262+09:00 DEBUG 31519 --- [nio-8080-exec-6] org.hibernate.SQL                        : 
    select
        m1_0.id,
        m1_0.managerId,
        m1_0.password,
        m1_0.role,
        m1_0.username,
        m1_0.virtualBalance 
    from
        Member m1_0 
    where
        m1_0.id=?
2026-05-28T20:04:35.263+09:00 TRACE 31519 --- [nio-8080-exec-6] org.hibernate.orm.jdbc.bind              : binding parameter (1:BIGINT) <- [2]
2026-05-28T20:04:35.263+09:00 DEBUG 31519 --- [nio-8080-exec-5] org.hibernate.SQL                        : 
    select
        m1_0.id,
        m1_0.managerId,
        m1_0.password,
        m1_0.role,
        m1_0.username,
        m1_0.virtualBalance 
    from
        Member m1_0 
    where
        m1_0.id=?
2026-05-28T20:04:35.263+09:00 TRACE 31519 --- [nio-8080-exec-5] org.hibernate.orm.jdbc.bind              : binding parameter (1:BIGINT) <- [1]
2026-05-28T20:04:35.263+09:00 DEBUG 31519 --- [nio-8080-exec-1] org.hibernate.SQL                        : 
    select
        mr1_0.id,
        mr1_0.active,
        mr1_0.createdAt,
        mr1_0.endedAt,
        mr1_0.host_id,
        mr1_0.title 
    from
        MeetingRoom mr1_0 
    join
        Member h1_0 
            on h1_0.id=mr1_0.host_id 
    where
        mr1_0.active=true 
        and (
            h1_0.managerId=? 
            or mr1_0.host_id=?
        ) 
    order by
        mr1_0.createdAt desc
2026-05-28T20:04:35.263+09:00 TRACE 31519 --- [nio-8080-exec-1] org.hibernate.orm.jdbc.bind              : binding parameter (1:BIGINT) <- [2]
2026-05-28T20:04:35.263+09:00 TRACE 31519 --- [nio-8080-exec-1] org.hibernate.orm.jdbc.bind              : binding parameter (2:BIGINT) <- [2]
2026-05-28T20:04:35.264+09:00 DEBUG 31519 --- [nio-8080-exec-5] org.hibernate.SQL                        : 
    select
        m1_0.id,
        m1_0.managerId,
        m1_0.password,
        m1_0.role,
        m1_0.username,
        m1_0.virtualBalance 
    from
        Member m1_0 
    where
        m1_0.managerId=?
2026-05-28T20:04:35.264+09:00 TRACE 31519 --- [nio-8080-exec-5] org.hibernate.orm.jdbc.bind              : binding parameter (1:BIGINT) <- [2]
2026-05-28T20:04:35.268+09:00 DEBUG 31519 --- [nio-8080-exec-7] org.hibernate.SQL                        : 
    select
        m1_0.id,
        m1_0.managerId,
        m1_0.password,
        m1_0.role,
        m1_0.username,
        m1_0.virtualBalance 
    from
        Member m1_0 
    where
        m1_0.id=?
2026-05-28T20:04:35.268+09:00 TRACE 31519 --- [nio-8080-exec-7] org.hibernate.orm.jdbc.bind              : binding parameter (1:BIGINT) <- [1]
2026-05-28T20:04:35.269+09:00 DEBUG 31519 --- [nio-8080-exec-7] org.hibernate.SQL                        : 
    select
        m1_0.id,
        m1_0.managerId,
        m1_0.password,
        m1_0.role,
        m1_0.username,
        m1_0.virtualBalance 
    from
        Member m1_0 
    where
        m1_0.managerId=?
2026-05-28T20:04:35.269+09:00 TRACE 31519 --- [nio-8080-exec-7] org.hibernate.orm.jdbc.bind              : binding parameter (1:BIGINT) <- [2]
2026-05-28T20:04:35.272+09:00 DEBUG 31519 --- [io-8080-exec-10] org.hibernate.SQL                        : 
    select
        m1_0.id,
        m1_0.managerId,
        m1_0.password,
        m1_0.role,
        m1_0.username,
        m1_0.virtualBalance 
    from
        Member m1_0 
    where
        m1_0.id=?
2026-05-28T20:04:35.273+09:00 TRACE 31519 --- [io-8080-exec-10] org.hibernate.orm.jdbc.bind              : binding parameter (1:BIGINT) <- [1]
2026-05-28T20:04:35.274+09:00 DEBUG 31519 --- [io-8080-exec-10] org.hibernate.SQL                        : 
    select
        m1_0.id,
        m1_0.managerId,
        m1_0.password,
        m1_0.role,
        m1_0.username,
        m1_0.virtualBalance 
    from
        Member m1_0 
    where
        m1_0.managerId=?
2026-05-28T20:04:35.274+09:00 TRACE 31519 --- [io-8080-exec-10] org.hibernate.orm.jdbc.bind              : binding parameter (1:BIGINT) <- [2]
2026-05-28T20:04:36.818+09:00 DEBUG 31519 --- [nio-8080-exec-1] org.hibernate.SQL                        : 
    select
        m1_0.id,
        m1_0.managerId,
        m1_0.password,
        m1_0.role,
        m1_0.username,
        m1_0.virtualBalance 
    from
        Member m1_0 
    where
        m1_0.id=?
2026-05-28T20:04:36.818+09:00 TRACE 31519 --- [nio-8080-exec-1] org.hibernate.orm.jdbc.bind              : binding parameter (1:BIGINT) <- [1]
2026-05-28T20:04:36.822+09:00 DEBUG 31519 --- [nio-8080-exec-1] org.hibernate.SQL                        : 
    select
        wl1_0.id,
        wl1_0.clockInTime,
        wl1_0.clockOutTime,
        wl1_0.createdAt,
        wl1_0.member_id,
        wl1_0.workDate 
    from
        WorkLog wl1_0 
    where
        wl1_0.member_id=? 
        and wl1_0.workDate=?
2026-05-28T20:04:36.822+09:00 TRACE 31519 --- [nio-8080-exec-1] org.hibernate.orm.jdbc.bind              : binding parameter (1:BIGINT) <- [1]
2026-05-28T20:04:36.822+09:00 TRACE 31519 --- [nio-8080-exec-1] org.hibernate.orm.jdbc.bind              : binding parameter (2:DATE) <- [2026-05-28]
2026-05-28T20:04:36.824+09:00 DEBUG 31519 --- [nio-8080-exec-1] org.hibernate.SQL                        : 
    insert 
    into
        WorkLog
        (clockInTime, clockOutTime, createdAt, member_id, workDate, id) 
    values
        (?, ?, ?, ?, ?, default)
2026-05-28T20:04:36.824+09:00 TRACE 31519 --- [nio-8080-exec-1] org.hibernate.orm.jdbc.bind              : binding parameter (1:TIMESTAMP) <- [2026-05-28T20:04:36.823550]
2026-05-28T20:04:36.825+09:00 TRACE 31519 --- [nio-8080-exec-1] org.hibernate.orm.jdbc.bind              : binding parameter (2:TIMESTAMP) <- [null]
2026-05-28T20:04:36.825+09:00 TRACE 31519 --- [nio-8080-exec-1] org.hibernate.orm.jdbc.bind              : binding parameter (3:TIMESTAMP) <- [2026-05-28T20:04:36.824245]
2026-05-28T20:04:36.825+09:00 TRACE 31519 --- [nio-8080-exec-1] org.hibernate.orm.jdbc.bind              : binding parameter (4:BIGINT) <- [1]
2026-05-28T20:04:36.825+09:00 TRACE 31519 --- [nio-8080-exec-1] org.hibernate.orm.jdbc.bind              : binding parameter (5:DATE) <- [2026-05-28]
2026-05-28T20:04:36.826+09:00 DEBUG 31519 --- [nio-8080-exec-1] org.hibernate.SQL                        : 
    select
        m1_0.id,
        m1_0.managerId,
        m1_0.password,
        m1_0.role,
        m1_0.username,
        m1_0.virtualBalance 
    from
        Member m1_0 
    where
        m1_0.id=?
2026-05-28T20:04:36.826+09:00 TRACE 31519 --- [nio-8080-exec-1] org.hibernate.orm.jdbc.bind              : binding parameter (1:BIGINT) <- [1]
2026-05-28T20:04:36.828+09:00 DEBUG 31519 --- [nio-8080-exec-1] org.hibernate.SQL                        : 
    select
        ms1_0.id,
        ms1_0.member_id,
        ms1_0.statusType,
        ms1_0.updatedAt 
    from
        MemberStatus ms1_0 
    where
        ms1_0.member_id=?
2026-05-28T20:04:36.828+09:00 TRACE 31519 --- [nio-8080-exec-1] org.hibernate.orm.jdbc.bind              : binding parameter (1:BIGINT) <- [1]
2026-05-28T20:04:36.829+09:00 DEBUG 31519 --- [nio-8080-exec-1] org.hibernate.SQL                        : 
    insert 
    into
        MemberStatus
        (member_id, statusType, updatedAt, id) 
    values
        (?, ?, ?, default)
2026-05-28T20:04:36.829+09:00 TRACE 31519 --- [nio-8080-exec-1] org.hibernate.orm.jdbc.bind              : binding parameter (1:BIGINT) <- [1]
2026-05-28T20:04:36.829+09:00 TRACE 31519 --- [nio-8080-exec-1] org.hibernate.orm.jdbc.bind              : binding parameter (2:ENUM) <- [WORKING]
2026-05-28T20:04:36.829+09:00 TRACE 31519 --- [nio-8080-exec-1] org.hibernate.orm.jdbc.bind              : binding parameter (3:TIMESTAMP) <- [2026-05-28T20:04:36.828967]
2026-05-28T20:04:36.830+09:00  INFO 31519 --- [nio-8080-exec-1] c.worksight.api.service.WorkLogService   : Clock-in: memberId=1, time=2026-05-28T20:04:36.823550
2026-05-28T20:04:36.835+09:00  INFO 31519 --- [nio-8080-exec-1] c.worksight.api.service.WorkLogService   : Broadcasted status: memberId=1, status=WORKING, topic=/topic/team/2
2026-05-28T20:04:39.384+09:00 DEBUG 31519 --- [nio-8080-exec-8] org.hibernate.SQL                        : 
    select
        m1_0.id,
        m1_0.managerId,
        m1_0.password,
        m1_0.role,
        m1_0.username,
        m1_0.virtualBalance 
    from
        Member m1_0 
    where
        m1_0.id=?
2026-05-28T20:04:39.384+09:00 TRACE 31519 --- [nio-8080-exec-8] org.hibernate.orm.jdbc.bind              : binding parameter (1:BIGINT) <- [2]
2026-05-28T20:04:39.385+09:00 DEBUG 31519 --- [nio-8080-exec-7] org.hibernate.SQL                        : 
    select
        m1_0.id,
        m1_0.managerId,
        m1_0.password,
        m1_0.role,
        m1_0.username,
        m1_0.virtualBalance 
    from
        Member m1_0 
    where
        m1_0.id=?
2026-05-28T20:04:39.385+09:00 TRACE 31519 --- [nio-8080-exec-7] org.hibernate.orm.jdbc.bind              : binding parameter (1:BIGINT) <- [2]
2026-05-28T20:04:39.386+09:00 DEBUG 31519 --- [nio-8080-exec-7] org.hibernate.SQL                        : 
    select
        mr1_0.id,
        mr1_0.active,
        mr1_0.createdAt,
        mr1_0.endedAt,
        mr1_0.host_id,
        mr1_0.title 
    from
        MeetingRoom mr1_0 
    join
        Member h1_0 
            on h1_0.id=mr1_0.host_id 
    where
        mr1_0.active=true 
        and (
            h1_0.managerId=? 
            or mr1_0.host_id=?
        ) 
    order by
        mr1_0.createdAt desc
2026-05-28T20:04:39.386+09:00 DEBUG 31519 --- [nio-8080-exec-8] org.hibernate.SQL                        : 
    select
        m1_0.id,
        m1_0.managerId,
        m1_0.password,
        m1_0.role,
        m1_0.username,
        m1_0.virtualBalance 
    from
        Member m1_0 
    where
        m1_0.managerId=?
2026-05-28T20:04:39.386+09:00 TRACE 31519 --- [nio-8080-exec-8] org.hibernate.orm.jdbc.bind              : binding parameter (1:BIGINT) <- [2]
2026-05-28T20:04:39.386+09:00 TRACE 31519 --- [nio-8080-exec-7] org.hibernate.orm.jdbc.bind              : binding parameter (1:BIGINT) <- [2]
2026-05-28T20:04:39.387+09:00 TRACE 31519 --- [nio-8080-exec-7] org.hibernate.orm.jdbc.bind              : binding parameter (2:BIGINT) <- [2]
2026-05-28T20:04:39.387+09:00 DEBUG 31519 --- [nio-8080-exec-4] org.hibernate.SQL                        : 
    select
        m1_0.id,
        m1_0.managerId,
        m1_0.password,
        m1_0.role,
        m1_0.username,
        m1_0.virtualBalance 
    from
        Member m1_0 
    where
        m1_0.id=?
2026-05-28T20:04:39.387+09:00 DEBUG 31519 --- [nio-8080-exec-9] org.hibernate.SQL                        : 
    select
        m1_0.id,
        m1_0.managerId,
        m1_0.password,
        m1_0.role,
        m1_0.username,
        m1_0.virtualBalance 
    from
        Member m1_0 
    where
        m1_0.id=?
2026-05-28T20:04:39.387+09:00 TRACE 31519 --- [nio-8080-exec-4] org.hibernate.orm.jdbc.bind              : binding parameter (1:BIGINT) <- [2]
2026-05-28T20:04:39.387+09:00 TRACE 31519 --- [nio-8080-exec-9] org.hibernate.orm.jdbc.bind              : binding parameter (1:BIGINT) <- [2]
2026-05-28T20:04:39.389+09:00 DEBUG 31519 --- [nio-8080-exec-9] org.hibernate.SQL                        : 
    select
        m1_0.id,
        m1_0.managerId,
        m1_0.password,
        m1_0.role,
        m1_0.username,
        m1_0.virtualBalance 
    from
        Member m1_0 
    where
        m1_0.managerId=?
2026-05-28T20:04:39.389+09:00 TRACE 31519 --- [nio-8080-exec-9] org.hibernate.orm.jdbc.bind              : binding parameter (1:BIGINT) <- [2]
2026-05-28T20:04:39.392+09:00 DEBUG 31519 --- [nio-8080-exec-3] org.hibernate.SQL                        : 
    select
        m1_0.id,
        m1_0.managerId,
        m1_0.password,
        m1_0.role,
        m1_0.username,
        m1_0.virtualBalance 
    from
        Member m1_0 
    where
        m1_0.id=?
2026-05-28T20:04:39.392+09:00 DEBUG 31519 --- [io-8080-exec-10] org.hibernate.SQL                        : 
    select
        m1_0.id,
        m1_0.managerId,
        m1_0.password,
        m1_0.role,
        m1_0.username,
        m1_0.virtualBalance 
    from
        Member m1_0 
    where
        m1_0.id=?
2026-05-28T20:04:39.392+09:00 TRACE 31519 --- [nio-8080-exec-3] org.hibernate.orm.jdbc.bind              : binding parameter (1:BIGINT) <- [2]
2026-05-28T20:04:39.392+09:00 TRACE 31519 --- [io-8080-exec-10] org.hibernate.orm.jdbc.bind              : binding parameter (1:BIGINT) <- [2]
2026-05-28T20:04:39.393+09:00 DEBUG 31519 --- [nio-8080-exec-3] org.hibernate.SQL                        : 
    select
        m1_0.id,
        m1_0.managerId,
        m1_0.password,
        m1_0.role,
        m1_0.username,
        m1_0.virtualBalance 
    from
        Member m1_0 
    where
        m1_0.managerId=?
2026-05-28T20:04:39.393+09:00 DEBUG 31519 --- [nio-8080-exec-6] org.hibernate.SQL                        : 
    select
        m1_0.id,
        m1_0.managerId,
        m1_0.password,
        m1_0.role,
        m1_0.username,
        m1_0.virtualBalance 
    from
        Member m1_0 
    where
        m1_0.id=?
2026-05-28T20:04:39.393+09:00 TRACE 31519 --- [nio-8080-exec-6] org.hibernate.orm.jdbc.bind              : binding parameter (1:BIGINT) <- [2]
2026-05-28T20:04:39.393+09:00 TRACE 31519 --- [nio-8080-exec-3] org.hibernate.orm.jdbc.bind              : binding parameter (1:BIGINT) <- [2]
2026-05-28T20:04:39.394+09:00 DEBUG 31519 --- [nio-8080-exec-2] org.hibernate.SQL                        : 
    select
        m1_0.id,
        m1_0.managerId,
        m1_0.password,
        m1_0.role,
        m1_0.username,
        m1_0.virtualBalance 
    from
        Member m1_0 
    where
        m1_0.id=?
2026-05-28T20:04:39.394+09:00 TRACE 31519 --- [nio-8080-exec-2] org.hibernate.orm.jdbc.bind              : binding parameter (1:BIGINT) <- [2]
2026-05-28T20:04:39.394+09:00 DEBUG 31519 --- [nio-8080-exec-1] org.hibernate.SQL                        : 
    select
        m1_0.id,
        m1_0.managerId,
        m1_0.password,
        m1_0.role,
        m1_0.username,
        m1_0.virtualBalance 
    from
        Member m1_0 
    where
        m1_0.id=?
2026-05-28T20:04:39.394+09:00 TRACE 31519 --- [nio-8080-exec-1] org.hibernate.orm.jdbc.bind              : binding parameter (1:BIGINT) <- [2]
2026-05-28T20:04:39.394+09:00 DEBUG 31519 --- [nio-8080-exec-4] org.hibernate.SQL                        : 
    select
        ds1_0.id,
        ds1_0.createdAt,
        ds1_0.goal,
        ds1_0.member_id,
        ds1_0.result,
        ds1_0.standupDate,
        ds1_0.updatedAt 
    from
        DailyStandup ds1_0 
    join
        Member m1_0 
            on m1_0.id=ds1_0.member_id 
    where
        (
            m1_0.managerId=? 
            or m1_0.id=?
        ) 
        and ds1_0.standupDate=? 
    order by
        m1_0.username
2026-05-28T20:04:39.394+09:00 DEBUG 31519 --- [nio-8080-exec-6] org.hibernate.SQL                        : 
    select
        m1_0.id,
        m1_0.managerId,
        m1_0.password,
        m1_0.role,
        m1_0.username,
        m1_0.virtualBalance 
    from
        Member m1_0 
    where
        m1_0.managerId=?
2026-05-28T20:04:39.394+09:00 TRACE 31519 --- [nio-8080-exec-6] org.hibernate.orm.jdbc.bind              : binding parameter (1:BIGINT) <- [2]
2026-05-28T20:04:39.395+09:00 TRACE 31519 --- [nio-8080-exec-4] org.hibernate.orm.jdbc.bind              : binding parameter (1:BIGINT) <- [2]
2026-05-28T20:04:39.395+09:00 TRACE 31519 --- [nio-8080-exec-4] org.hibernate.orm.jdbc.bind              : binding parameter (2:BIGINT) <- [2]
2026-05-28T20:04:39.395+09:00 DEBUG 31519 --- [io-8080-exec-10] org.hibernate.SQL                        : 
    select
        ms1_0.id,
        ms1_0.member_id,
        ms1_0.statusType,
        ms1_0.updatedAt 
    from
        MemberStatus ms1_0 
    join
        Member m1_0 
            on m1_0.id=ms1_0.member_id 
    where
        m1_0.managerId=?
2026-05-28T20:04:39.395+09:00 TRACE 31519 --- [nio-8080-exec-4] org.hibernate.orm.jdbc.bind              : binding parameter (3:DATE) <- [2026-05-28]
2026-05-28T20:04:39.395+09:00 TRACE 31519 --- [io-8080-exec-10] org.hibernate.orm.jdbc.bind              : binding parameter (1:BIGINT) <- [2]
2026-05-28T20:04:39.395+09:00 DEBUG 31519 --- [nio-8080-exec-2] org.hibernate.SQL                        : 
    select
        mr1_0.id,
        mr1_0.active,
        mr1_0.createdAt,
        mr1_0.endedAt,
        mr1_0.host_id,
        mr1_0.title 
    from
        MeetingRoom mr1_0 
    join
        Member h1_0 
            on h1_0.id=mr1_0.host_id 
    where
        mr1_0.active=true 
        and (
            h1_0.managerId=? 
            or mr1_0.host_id=?
        ) 
    order by
        mr1_0.createdAt desc
2026-05-28T20:04:39.395+09:00 DEBUG 31519 --- [nio-8080-exec-1] org.hibernate.SQL                        : 
    select
        ds1_0.id,
        ds1_0.createdAt,
        ds1_0.goal,
        ds1_0.member_id,
        ds1_0.result,
        ds1_0.standupDate,
        ds1_0.updatedAt 
    from
        DailyStandup ds1_0 
    join
        Member m1_0 
            on m1_0.id=ds1_0.member_id 
    where
        (
            m1_0.managerId=? 
            or m1_0.id=?
        ) 
        and ds1_0.standupDate=? 
    order by
        m1_0.username
2026-05-28T20:04:39.395+09:00 TRACE 31519 --- [nio-8080-exec-2] org.hibernate.orm.jdbc.bind              : binding parameter (1:BIGINT) <- [2]
2026-05-28T20:04:39.395+09:00 TRACE 31519 --- [nio-8080-exec-2] org.hibernate.orm.jdbc.bind              : binding parameter (2:BIGINT) <- [2]
2026-05-28T20:04:39.395+09:00 TRACE 31519 --- [nio-8080-exec-1] org.hibernate.orm.jdbc.bind              : binding parameter (1:BIGINT) <- [2]
2026-05-28T20:04:39.395+09:00 TRACE 31519 --- [nio-8080-exec-1] org.hibernate.orm.jdbc.bind              : binding parameter (2:BIGINT) <- [2]
2026-05-28T20:04:39.395+09:00 TRACE 31519 --- [nio-8080-exec-1] org.hibernate.orm.jdbc.bind              : binding parameter (3:DATE) <- [2026-05-28]
2026-05-28T20:04:39.399+09:00 DEBUG 31519 --- [nio-8080-exec-5] org.hibernate.SQL                        : 
    select
        m1_0.id,
        m1_0.managerId,
        m1_0.password,
        m1_0.role,
        m1_0.username,
        m1_0.virtualBalance 
    from
        Member m1_0 
    where
        m1_0.id=?
2026-05-28T20:04:39.399+09:00 TRACE 31519 --- [nio-8080-exec-5] org.hibernate.orm.jdbc.bind              : binding parameter (1:BIGINT) <- [2]
2026-05-28T20:04:39.399+09:00 DEBUG 31519 --- [io-8080-exec-10] org.hibernate.SQL                        : 
    select
        m1_0.id,
        m1_0.managerId,
        m1_0.password,
        m1_0.role,
        m1_0.username,
        m1_0.virtualBalance 
    from
        Member m1_0 
    where
        m1_0.id=?
2026-05-28T20:04:39.399+09:00 TRACE 31519 --- [io-8080-exec-10] org.hibernate.orm.jdbc.bind              : binding parameter (1:BIGINT) <- [1]
2026-05-28T20:04:39.400+09:00 DEBUG 31519 --- [nio-8080-exec-5] org.hibernate.SQL                        : 
    select
        ms1_0.id,
        ms1_0.member_id,
        ms1_0.statusType,
        ms1_0.updatedAt 
    from
        MemberStatus ms1_0 
    join
        Member m1_0 
            on m1_0.id=ms1_0.member_id 
    where
        m1_0.managerId=?
2026-05-28T20:04:39.401+09:00 TRACE 31519 --- [nio-8080-exec-5] org.hibernate.orm.jdbc.bind              : binding parameter (1:BIGINT) <- [2]
2026-05-28T20:04:39.401+09:00 DEBUG 31519 --- [nio-8080-exec-5] org.hibernate.SQL                        : 
    select
        m1_0.id,
        m1_0.managerId,
        m1_0.password,
        m1_0.role,
        m1_0.username,
        m1_0.virtualBalance 
    from
        Member m1_0 
    where
        m1_0.id=?
2026-05-28T20:04:39.401+09:00 TRACE 31519 --- [nio-8080-exec-5] org.hibernate.orm.jdbc.bind              : binding parameter (1:BIGINT) <- [1]
2026-05-28T20:04:40.303+09:00 DEBUG 31519 --- [nio-8080-exec-1] org.hibernate.SQL                        : 
    select
        m1_0.id,
        m1_0.managerId,
        m1_0.password,
        m1_0.role,
        m1_0.username,
        m1_0.virtualBalance 
    from
        Member m1_0 
    where
        m1_0.id=?
2026-05-28T20:04:40.303+09:00 TRACE 31519 --- [nio-8080-exec-1] org.hibernate.orm.jdbc.bind              : binding parameter (1:BIGINT) <- [2]
2026-05-28T20:04:40.304+09:00 DEBUG 31519 --- [nio-8080-exec-5] org.hibernate.SQL                        : 
    select
        m1_0.id,
        m1_0.managerId,
        m1_0.password,
        m1_0.role,
        m1_0.username,
        m1_0.virtualBalance 
    from
        Member m1_0 
    where
        m1_0.id=?
2026-05-28T20:04:40.304+09:00 TRACE 31519 --- [nio-8080-exec-5] org.hibernate.orm.jdbc.bind              : binding parameter (1:BIGINT) <- [2]
2026-05-28T20:04:40.305+09:00 DEBUG 31519 --- [nio-8080-exec-1] org.hibernate.SQL                        : 
    select
        m1_0.id,
        m1_0.managerId,
        m1_0.password,
        m1_0.role,
        m1_0.username,
        m1_0.virtualBalance 
    from
        Member m1_0 
    where
        m1_0.managerId=?
2026-05-28T20:04:40.305+09:00 DEBUG 31519 --- [nio-8080-exec-5] org.hibernate.SQL                        : 
    select
        m1_0.id,
        m1_0.managerId,
        m1_0.password,
        m1_0.role,
        m1_0.username,
        m1_0.virtualBalance 
    from
        Member m1_0 
    where
        m1_0.managerId=?
2026-05-28T20:04:40.306+09:00 TRACE 31519 --- [nio-8080-exec-1] org.hibernate.orm.jdbc.bind              : binding parameter (1:BIGINT) <- [2]
2026-05-28T20:04:40.306+09:00 TRACE 31519 --- [nio-8080-exec-5] org.hibernate.orm.jdbc.bind              : binding parameter (1:BIGINT) <- [2]
2026-05-28T20:04:40.317+09:00 DEBUG 31519 --- [nio-8080-exec-3] org.hibernate.SQL                        : 
    select
        m1_0.id,
        m1_0.managerId,
        m1_0.password,
        m1_0.role,
        m1_0.username,
        m1_0.virtualBalance 
    from
        Member m1_0 
    where
        m1_0.id=?
2026-05-28T20:04:40.317+09:00 TRACE 31519 --- [nio-8080-exec-3] org.hibernate.orm.jdbc.bind              : binding parameter (1:BIGINT) <- [2]
2026-05-28T20:04:40.318+09:00 DEBUG 31519 --- [nio-8080-exec-6] org.hibernate.SQL                        : 
    select
        m1_0.id,
        m1_0.managerId,
        m1_0.password,
        m1_0.role,
        m1_0.username,
        m1_0.virtualBalance 
    from
        Member m1_0 
    where
        m1_0.id=?
2026-05-28T20:04:40.318+09:00 TRACE 31519 --- [nio-8080-exec-6] org.hibernate.orm.jdbc.bind              : binding parameter (1:BIGINT) <- [2]
2026-05-28T20:04:40.319+09:00 DEBUG 31519 --- [nio-8080-exec-3] org.hibernate.SQL                        : 
    select
        cr1_0.id,
        cr1_0.createdAt,
        cr1_0.member1_id,
        cr1_0.member2_id 
    from
        chat_room cr1_0 
    where
        cr1_0.member1_id=? 
        or cr1_0.member2_id=?
2026-05-28T20:04:40.319+09:00 DEBUG 31519 --- [nio-8080-exec-6] org.hibernate.SQL                        : 
    select
        cr1_0.id,
        cr1_0.createdAt,
        cr1_0.member1_id,
        cr1_0.member2_id 
    from
        chat_room cr1_0 
    where
        cr1_0.member1_id=? 
        or cr1_0.member2_id=?
2026-05-28T20:04:40.320+09:00 TRACE 31519 --- [nio-8080-exec-3] org.hibernate.orm.jdbc.bind              : binding parameter (1:BIGINT) <- [2]
2026-05-28T20:04:40.320+09:00 TRACE 31519 --- [nio-8080-exec-3] org.hibernate.orm.jdbc.bind              : binding parameter (2:BIGINT) <- [2]
2026-05-28T20:04:40.320+09:00 TRACE 31519 --- [nio-8080-exec-6] org.hibernate.orm.jdbc.bind              : binding parameter (1:BIGINT) <- [2]
2026-05-28T20:04:40.320+09:00 TRACE 31519 --- [nio-8080-exec-6] org.hibernate.orm.jdbc.bind              : binding parameter (2:BIGINT) <- [2]
2026-05-28T20:04:41.634+09:00 DEBUG 31519 --- [nio-8080-exec-8] org.hibernate.SQL                        : 
    select
        m1_0.id,
        m1_0.managerId,
        m1_0.password,
        m1_0.role,
        m1_0.username,
        m1_0.virtualBalance 
    from
        Member m1_0 
    where
        m1_0.id=?
2026-05-28T20:04:41.634+09:00 TRACE 31519 --- [nio-8080-exec-8] org.hibernate.orm.jdbc.bind              : binding parameter (1:BIGINT) <- [1]
2026-05-28T20:04:41.635+09:00 DEBUG 31519 --- [nio-8080-exec-8] org.hibernate.SQL                        : 
    select
        m1_0.id,
        m1_0.managerId,
        m1_0.password,
        m1_0.role,
        m1_0.username,
        m1_0.virtualBalance 
    from
        Member m1_0 
    where
        m1_0.id=?
2026-05-28T20:04:41.635+09:00 TRACE 31519 --- [nio-8080-exec-8] org.hibernate.orm.jdbc.bind              : binding parameter (1:BIGINT) <- [2]
2026-05-28T20:04:41.641+09:00 DEBUG 31519 --- [nio-8080-exec-4] org.hibernate.SQL                        : 
    select
        m1_0.id,
        m1_0.managerId,
        m1_0.password,
        m1_0.role,
        m1_0.username,
        m1_0.virtualBalance 
    from
        Member m1_0 
    where
        m1_0.id=?
2026-05-28T20:04:41.641+09:00 TRACE 31519 --- [nio-8080-exec-4] org.hibernate.orm.jdbc.bind              : binding parameter (1:BIGINT) <- [1]
2026-05-28T20:04:41.643+09:00 DEBUG 31519 --- [nio-8080-exec-4] org.hibernate.SQL                        : 
    select
        m1_0.id,
        m1_0.managerId,
        m1_0.password,
        m1_0.role,
        m1_0.username,
        m1_0.virtualBalance 
    from
        Member m1_0 
    where
        m1_0.id=?
2026-05-28T20:04:41.643+09:00 TRACE 31519 --- [nio-8080-exec-4] org.hibernate.orm.jdbc.bind              : binding parameter (1:BIGINT) <- [2]
2026-05-28T20:04:41.646+09:00 DEBUG 31519 --- [nio-8080-exec-1] org.hibernate.SQL                        : 
    select
        m1_0.id,
        m1_0.managerId,
        m1_0.password,
        m1_0.role,
        m1_0.username,
        m1_0.virtualBalance 
    from
        Member m1_0 
    where
        m1_0.id=?
2026-05-28T20:04:41.646+09:00 TRACE 31519 --- [nio-8080-exec-1] org.hibernate.orm.jdbc.bind              : binding parameter (1:BIGINT) <- [1]
2026-05-28T20:04:41.647+09:00 DEBUG 31519 --- [nio-8080-exec-1] org.hibernate.SQL                        : 
    select
        m1_0.id,
        m1_0.managerId,
        m1_0.password,
        m1_0.role,
        m1_0.username,
        m1_0.virtualBalance 
    from
        Member m1_0 
    where
        m1_0.managerId=?
2026-05-28T20:04:41.647+09:00 TRACE 31519 --- [nio-8080-exec-1] org.hibernate.orm.jdbc.bind              : binding parameter (1:BIGINT) <- [2]
2026-05-28T20:04:41.652+09:00 DEBUG 31519 --- [nio-8080-exec-3] org.hibernate.SQL                        : 
    select
        m1_0.id,
        m1_0.managerId,
        m1_0.password,
        m1_0.role,
        m1_0.username,
        m1_0.virtualBalance 
    from
        Member m1_0 
    where
        m1_0.id=?
2026-05-28T20:04:41.652+09:00 TRACE 31519 --- [nio-8080-exec-3] org.hibernate.orm.jdbc.bind              : binding parameter (1:BIGINT) <- [1]
2026-05-28T20:04:41.653+09:00 DEBUG 31519 --- [nio-8080-exec-5] org.hibernate.SQL                        : 
    select
        m1_0.id,
        m1_0.managerId,
        m1_0.password,
        m1_0.role,
        m1_0.username,
        m1_0.virtualBalance 
    from
        Member m1_0 
    where
        m1_0.id=?
2026-05-28T20:04:41.653+09:00 TRACE 31519 --- [nio-8080-exec-5] org.hibernate.orm.jdbc.bind              : binding parameter (1:BIGINT) <- [1]
2026-05-28T20:04:41.653+09:00 DEBUG 31519 --- [nio-8080-exec-3] org.hibernate.SQL                        : 
    select
        m1_0.id,
        m1_0.managerId,
        m1_0.password,
        m1_0.role,
        m1_0.username,
        m1_0.virtualBalance 
    from
        Member m1_0 
    where
        m1_0.managerId=?
2026-05-28T20:04:41.653+09:00 TRACE 31519 --- [nio-8080-exec-3] org.hibernate.orm.jdbc.bind              : binding parameter (1:BIGINT) <- [2]
2026-05-28T20:04:41.653+09:00 DEBUG 31519 --- [nio-8080-exec-5] org.hibernate.SQL                        : 
    select
        cr1_0.id,
        cr1_0.createdAt,
        cr1_0.member1_id,
        cr1_0.member2_id 
    from
        chat_room cr1_0 
    where
        cr1_0.member1_id=? 
        or cr1_0.member2_id=?
2026-05-28T20:04:41.653+09:00 TRACE 31519 --- [nio-8080-exec-5] org.hibernate.orm.jdbc.bind              : binding parameter (1:BIGINT) <- [1]
2026-05-28T20:04:41.653+09:00 TRACE 31519 --- [nio-8080-exec-5] org.hibernate.orm.jdbc.bind              : binding parameter (2:BIGINT) <- [1]
2026-05-28T20:04:41.660+09:00 DEBUG 31519 --- [nio-8080-exec-2] org.hibernate.SQL                        : 
    select
        m1_0.id,
        m1_0.managerId,
        m1_0.password,
        m1_0.role,
        m1_0.username,
        m1_0.virtualBalance 
    from
        Member m1_0 
    where
        m1_0.id=?
2026-05-28T20:04:41.660+09:00 TRACE 31519 --- [nio-8080-exec-2] org.hibernate.orm.jdbc.bind              : binding parameter (1:BIGINT) <- [1]
2026-05-28T20:04:41.661+09:00 DEBUG 31519 --- [nio-8080-exec-2] org.hibernate.SQL                        : 
    select
        cr1_0.id,
        cr1_0.createdAt,
        cr1_0.member1_id,
        cr1_0.member2_id 
    from
        chat_room cr1_0 
    where
        cr1_0.member1_id=? 
        or cr1_0.member2_id=?
2026-05-28T20:04:41.662+09:00 TRACE 31519 --- [nio-8080-exec-2] org.hibernate.orm.jdbc.bind              : binding parameter (1:BIGINT) <- [1]
2026-05-28T20:04:41.662+09:00 TRACE 31519 --- [nio-8080-exec-2] org.hibernate.orm.jdbc.bind              : binding parameter (2:BIGINT) <- [1]
2026-05-28T20:04:42.775+09:00 DEBUG 31519 --- [nio-8080-exec-7] org.hibernate.SQL                        : 
    select
        m1_0.id,
        m1_0.managerId,
        m1_0.password,
        m1_0.role,
        m1_0.username,
        m1_0.virtualBalance 
    from
        Member m1_0 
    where
        m1_0.id=?
2026-05-28T20:04:42.775+09:00 TRACE 31519 --- [nio-8080-exec-7] org.hibernate.orm.jdbc.bind              : binding parameter (1:BIGINT) <- [2]
2026-05-28T20:04:42.778+09:00 DEBUG 31519 --- [nio-8080-exec-7] org.hibernate.SQL                        : 
    select
        m1_0.id,
        m1_0.managerId,
        m1_0.password,
        m1_0.role,
        m1_0.username,
        m1_0.virtualBalance 
    from
        Member m1_0 
    where
        m1_0.id=?
2026-05-28T20:04:42.778+09:00 TRACE 31519 --- [nio-8080-exec-7] org.hibernate.orm.jdbc.bind              : binding parameter (1:BIGINT) <- [1]
2026-05-28T20:04:42.782+09:00 DEBUG 31519 --- [nio-8080-exec-7] org.hibernate.SQL                        : 
    select
        cr1_0.id,
        cr1_0.createdAt,
        cr1_0.member1_id,
        cr1_0.member2_id 
    from
        chat_room cr1_0 
    where
        cr1_0.member1_id=? 
        and cr1_0.member2_id=?
2026-05-28T20:04:42.782+09:00 TRACE 31519 --- [nio-8080-exec-7] org.hibernate.orm.jdbc.bind              : binding parameter (1:BIGINT) <- [1]
2026-05-28T20:04:42.782+09:00 TRACE 31519 --- [nio-8080-exec-7] org.hibernate.orm.jdbc.bind              : binding parameter (2:BIGINT) <- [2]
2026-05-28T20:04:42.784+09:00 DEBUG 31519 --- [nio-8080-exec-7] org.hibernate.SQL                        : 
    insert 
    into
        chat_room
        (createdAt, member1_id, member2_id, id) 
    values
        (?, ?, ?, default)
2026-05-28T20:04:42.784+09:00 TRACE 31519 --- [nio-8080-exec-7] org.hibernate.orm.jdbc.bind              : binding parameter (1:TIMESTAMP) <- [2026-05-28T20:04:42.784317]
2026-05-28T20:04:42.784+09:00 TRACE 31519 --- [nio-8080-exec-7] org.hibernate.orm.jdbc.bind              : binding parameter (2:BIGINT) <- [1]
2026-05-28T20:04:42.784+09:00 TRACE 31519 --- [nio-8080-exec-7] org.hibernate.orm.jdbc.bind              : binding parameter (3:BIGINT) <- [2]
2026-05-28T20:04:42.799+09:00 DEBUG 31519 --- [nio-8080-exec-7] org.hibernate.SQL                        : 
    update
        chat_message cm1_0 
    set
        read=true,
        readAt=localtimestamp 
    where
        cm1_0.chat_room_id=? 
        and cm1_0.sender_id<>? 
        and cm1_0.read=false
2026-05-28T20:04:42.799+09:00 TRACE 31519 --- [nio-8080-exec-7] org.hibernate.orm.jdbc.bind              : binding parameter (1:BIGINT) <- [1]
2026-05-28T20:04:42.799+09:00 TRACE 31519 --- [nio-8080-exec-7] org.hibernate.orm.jdbc.bind              : binding parameter (2:BIGINT) <- [2]
2026-05-28T20:04:42.806+09:00 DEBUG 31519 --- [nio-8080-exec-7] org.hibernate.SQL                        : 
    select
        cm1_0.id,
        cm1_0.chat_room_id,
        cm1_0.content,
        cm1_0.createdAt,
        cm1_0.messageType,
        cm1_0.read,
        cm1_0.readAt,
        cm1_0.sender_id 
    from
        chat_message cm1_0 
    where
        cm1_0.chat_room_id=? 
    order by
        cm1_0.createdAt desc 
    fetch
        first ? rows only
2026-05-28T20:04:42.806+09:00 TRACE 31519 --- [nio-8080-exec-7] org.hibernate.orm.jdbc.bind              : binding parameter (1:BIGINT) <- [1]
2026-05-28T20:04:42.806+09:00 TRACE 31519 --- [nio-8080-exec-7] org.hibernate.orm.jdbc.bind              : binding parameter (2:INTEGER) <- [50]
2026-05-28T20:04:42.807+09:00 DEBUG 31519 --- [nio-8080-exec-7] org.hibernate.SQL                        : 
    select
        ms1_0.id,
        ms1_0.member_id,
        ms1_0.statusType,
        ms1_0.updatedAt 
    from
        MemberStatus ms1_0 
    where
        ms1_0.member_id=?
2026-05-28T20:04:42.808+09:00 TRACE 31519 --- [nio-8080-exec-7] org.hibernate.orm.jdbc.bind              : binding parameter (1:BIGINT) <- [1]
2026-05-28T20:04:42.820+09:00 DEBUG 31519 --- [nio-8080-exec-4] org.hibernate.SQL                        : 
    select
        m1_0.id,
        m1_0.managerId,
        m1_0.password,
        m1_0.role,
        m1_0.username,
        m1_0.virtualBalance 
    from
        Member m1_0 
    where
        m1_0.id=?
2026-05-28T20:04:42.820+09:00 TRACE 31519 --- [nio-8080-exec-4] org.hibernate.orm.jdbc.bind              : binding parameter (1:BIGINT) <- [2]
2026-05-28T20:04:42.821+09:00 DEBUG 31519 --- [nio-8080-exec-4] org.hibernate.SQL                        : 
    select
        cr1_0.id,
        cr1_0.createdAt,
        cr1_0.member1_id,
        cr1_0.member2_id 
    from
        chat_room cr1_0 
    where
        cr1_0.member1_id=? 
        or cr1_0.member2_id=?
2026-05-28T20:04:42.821+09:00 TRACE 31519 --- [nio-8080-exec-4] org.hibernate.orm.jdbc.bind              : binding parameter (1:BIGINT) <- [2]
2026-05-28T20:04:42.821+09:00 TRACE 31519 --- [nio-8080-exec-4] org.hibernate.orm.jdbc.bind              : binding parameter (2:BIGINT) <- [2]
2026-05-28T20:04:42.821+09:00 DEBUG 31519 --- [nio-8080-exec-4] org.hibernate.SQL                        : 
    select
        m1_0.id,
        m1_0.managerId,
        m1_0.password,
        m1_0.role,
        m1_0.username,
        m1_0.virtualBalance 
    from
        Member m1_0 
    where
        m1_0.id=?
2026-05-28T20:04:42.821+09:00 TRACE 31519 --- [nio-8080-exec-4] org.hibernate.orm.jdbc.bind              : binding parameter (1:BIGINT) <- [1]
2026-05-28T20:04:42.822+09:00 DEBUG 31519 --- [nio-8080-exec-4] org.hibernate.SQL                        : 
    select
        ms1_0.id,
        ms1_0.member_id,
        ms1_0.statusType,
        ms1_0.updatedAt 
    from
        MemberStatus ms1_0 
    where
        ms1_0.member_id=?
2026-05-28T20:04:42.822+09:00 TRACE 31519 --- [nio-8080-exec-4] org.hibernate.orm.jdbc.bind              : binding parameter (1:BIGINT) <- [1]
2026-05-28T20:04:42.822+09:00 DEBUG 31519 --- [nio-8080-exec-4] org.hibernate.SQL                        : 
    select
        cm1_0.id,
        cm1_0.chat_room_id,
        cm1_0.content,
        cm1_0.createdAt,
        cm1_0.messageType,
        cm1_0.read,
        cm1_0.readAt,
        cm1_0.sender_id 
    from
        chat_message cm1_0 
    where
        cm1_0.chat_room_id=? 
    order by
        cm1_0.createdAt desc 
    fetch
        first ? rows only
2026-05-28T20:04:42.822+09:00 TRACE 31519 --- [nio-8080-exec-4] org.hibernate.orm.jdbc.bind              : binding parameter (1:BIGINT) <- [1]
2026-05-28T20:04:42.822+09:00 TRACE 31519 --- [nio-8080-exec-4] org.hibernate.orm.jdbc.bind              : binding parameter (2:INTEGER) <- [1]
2026-05-28T20:04:42.824+09:00 DEBUG 31519 --- [nio-8080-exec-4] org.hibernate.SQL                        : 
    select
        count(cm1_0.id) 
    from
        chat_message cm1_0 
    where
        cm1_0.chat_room_id=? 
        and cm1_0.sender_id<>? 
        and cm1_0.read=false
2026-05-28T20:04:42.827+09:00 TRACE 31519 --- [nio-8080-exec-4] org.hibernate.orm.jdbc.bind              : binding parameter (1:BIGINT) <- [1]
2026-05-28T20:04:42.827+09:00 TRACE 31519 --- [nio-8080-exec-4] org.hibernate.orm.jdbc.bind              : binding parameter (2:BIGINT) <- [2]
2026-05-28T20:04:45.620+09:00 DEBUG 31519 --- [nio-8080-exec-1] org.hibernate.SQL                        : 
    select
        m1_0.id,
        m1_0.managerId,
        m1_0.password,
        m1_0.role,
        m1_0.username,
        m1_0.virtualBalance 
    from
        Member m1_0 
    where
        m1_0.id=?
2026-05-28T20:04:45.620+09:00 TRACE 31519 --- [nio-8080-exec-1] org.hibernate.orm.jdbc.bind              : binding parameter (1:BIGINT) <- [2]
2026-05-28T20:04:45.621+09:00 DEBUG 31519 --- [nio-8080-exec-5] org.hibernate.SQL                        : 
    select
        m1_0.id,
        m1_0.managerId,
        m1_0.password,
        m1_0.role,
        m1_0.username,
        m1_0.virtualBalance 
    from
        Member m1_0 
    where
        m1_0.id=?
2026-05-28T20:04:45.621+09:00 TRACE 31519 --- [nio-8080-exec-5] org.hibernate.orm.jdbc.bind              : binding parameter (1:BIGINT) <- [2]
2026-05-28T20:04:45.622+09:00 DEBUG 31519 --- [nio-8080-exec-1] org.hibernate.SQL                        : 
    select
        m1_0.id,
        m1_0.managerId,
        m1_0.password,
        m1_0.role,
        m1_0.username,
        m1_0.virtualBalance 
    from
        Member m1_0 
    where
        m1_0.managerId=?
2026-05-28T20:04:45.622+09:00 DEBUG 31519 --- [nio-8080-exec-5] org.hibernate.SQL                        : 
    select
        m1_0.id,
        m1_0.managerId,
        m1_0.password,
        m1_0.role,
        m1_0.username,
        m1_0.virtualBalance 
    from
        Member m1_0 
    where
        m1_0.managerId=?
2026-05-28T20:04:45.622+09:00 TRACE 31519 --- [nio-8080-exec-1] org.hibernate.orm.jdbc.bind              : binding parameter (1:BIGINT) <- [2]
2026-05-28T20:04:45.622+09:00 TRACE 31519 --- [nio-8080-exec-5] org.hibernate.orm.jdbc.bind              : binding parameter (1:BIGINT) <- [2]
2026-05-28T20:04:45.631+09:00 DEBUG 31519 --- [nio-8080-exec-9] org.hibernate.SQL                        : 
    select
        m1_0.id,
        m1_0.managerId,
        m1_0.password,
        m1_0.role,
        m1_0.username,
        m1_0.virtualBalance 
    from
        Member m1_0 
    where
        m1_0.id=?
2026-05-28T20:04:45.631+09:00 TRACE 31519 --- [nio-8080-exec-9] org.hibernate.orm.jdbc.bind              : binding parameter (1:BIGINT) <- [2]
2026-05-28T20:04:45.632+09:00 DEBUG 31519 --- [nio-8080-exec-9] org.hibernate.SQL                        : 
    select
        cr1_0.id,
        cr1_0.createdAt,
        cr1_0.member1_id,
        cr1_0.member2_id 
    from
        chat_room cr1_0 
    where
        cr1_0.member1_id=? 
        or cr1_0.member2_id=?
2026-05-28T20:04:45.632+09:00 TRACE 31519 --- [nio-8080-exec-9] org.hibernate.orm.jdbc.bind              : binding parameter (1:BIGINT) <- [2]
2026-05-28T20:04:45.632+09:00 TRACE 31519 --- [nio-8080-exec-9] org.hibernate.orm.jdbc.bind              : binding parameter (2:BIGINT) <- [2]
2026-05-28T20:04:45.632+09:00 DEBUG 31519 --- [nio-8080-exec-9] org.hibernate.SQL                        : 
    select
        m1_0.id,
        m1_0.managerId,
        m1_0.password,
        m1_0.role,
        m1_0.username,
        m1_0.virtualBalance 
    from
        Member m1_0 
    where
        m1_0.id=?
2026-05-28T20:04:45.632+09:00 TRACE 31519 --- [nio-8080-exec-9] org.hibernate.orm.jdbc.bind              : binding parameter (1:BIGINT) <- [1]
2026-05-28T20:04:45.632+09:00 DEBUG 31519 --- [nio-8080-exec-4] org.hibernate.SQL                        : 
    select
        m1_0.id,
        m1_0.managerId,
        m1_0.password,
        m1_0.role,
        m1_0.username,
        m1_0.virtualBalance 
    from
        Member m1_0 
    where
        m1_0.id=?
2026-05-28T20:04:45.633+09:00 TRACE 31519 --- [nio-8080-exec-4] org.hibernate.orm.jdbc.bind              : binding parameter (1:BIGINT) <- [2]
2026-05-28T20:04:45.633+09:00 DEBUG 31519 --- [nio-8080-exec-9] org.hibernate.SQL                        : 
    select
        ms1_0.id,
        ms1_0.member_id,
        ms1_0.statusType,
        ms1_0.updatedAt 
    from
        MemberStatus ms1_0 
    where
        ms1_0.member_id=?
2026-05-28T20:04:45.633+09:00 TRACE 31519 --- [nio-8080-exec-9] org.hibernate.orm.jdbc.bind              : binding parameter (1:BIGINT) <- [1]
2026-05-28T20:04:45.633+09:00 DEBUG 31519 --- [nio-8080-exec-4] org.hibernate.SQL                        : 
    select
        cr1_0.id,
        cr1_0.createdAt,
        cr1_0.member1_id,
        cr1_0.member2_id 
    from
        chat_room cr1_0 
    where
        cr1_0.member1_id=? 
        or cr1_0.member2_id=?
2026-05-28T20:04:45.633+09:00 TRACE 31519 --- [nio-8080-exec-4] org.hibernate.orm.jdbc.bind              : binding parameter (1:BIGINT) <- [2]
2026-05-28T20:04:45.633+09:00 TRACE 31519 --- [nio-8080-exec-4] org.hibernate.orm.jdbc.bind              : binding parameter (2:BIGINT) <- [2]
2026-05-28T20:04:45.633+09:00 DEBUG 31519 --- [nio-8080-exec-4] org.hibernate.SQL                        : 
    select
        m1_0.id,
        m1_0.managerId,
        m1_0.password,
        m1_0.role,
        m1_0.username,
        m1_0.virtualBalance 
    from
        Member m1_0 
    where
        m1_0.id=?
2026-05-28T20:04:45.633+09:00 TRACE 31519 --- [nio-8080-exec-4] org.hibernate.orm.jdbc.bind              : binding parameter (1:BIGINT) <- [1]
2026-05-28T20:04:45.633+09:00 DEBUG 31519 --- [nio-8080-exec-9] org.hibernate.SQL                        : 
    select
        cm1_0.id,
        cm1_0.chat_room_id,
        cm1_0.content,
        cm1_0.createdAt,
        cm1_0.messageType,
        cm1_0.read,
        cm1_0.readAt,
        cm1_0.sender_id 
    from
        chat_message cm1_0 
    where
        cm1_0.chat_room_id=? 
    order by
        cm1_0.createdAt desc 
    fetch
        first ? rows only
2026-05-28T20:04:45.633+09:00 TRACE 31519 --- [nio-8080-exec-9] org.hibernate.orm.jdbc.bind              : binding parameter (1:BIGINT) <- [1]
2026-05-28T20:04:45.634+09:00 TRACE 31519 --- [nio-8080-exec-9] org.hibernate.orm.jdbc.bind              : binding parameter (2:INTEGER) <- [1]
2026-05-28T20:04:45.634+09:00 DEBUG 31519 --- [nio-8080-exec-4] org.hibernate.SQL                        : 
    select
        ms1_0.id,
        ms1_0.member_id,
        ms1_0.statusType,
        ms1_0.updatedAt 
    from
        MemberStatus ms1_0 
    where
        ms1_0.member_id=?
2026-05-28T20:04:45.634+09:00 DEBUG 31519 --- [nio-8080-exec-9] org.hibernate.SQL                        : 
    select
        count(cm1_0.id) 
    from
        chat_message cm1_0 
    where
        cm1_0.chat_room_id=? 
        and cm1_0.sender_id<>? 
        and cm1_0.read=false
2026-05-28T20:04:45.634+09:00 TRACE 31519 --- [nio-8080-exec-9] org.hibernate.orm.jdbc.bind              : binding parameter (1:BIGINT) <- [1]
2026-05-28T20:04:45.634+09:00 TRACE 31519 --- [nio-8080-exec-9] org.hibernate.orm.jdbc.bind              : binding parameter (2:BIGINT) <- [2]
2026-05-28T20:04:45.634+09:00 TRACE 31519 --- [nio-8080-exec-4] org.hibernate.orm.jdbc.bind              : binding parameter (1:BIGINT) <- [1]
2026-05-28T20:04:45.634+09:00 DEBUG 31519 --- [nio-8080-exec-4] org.hibernate.SQL                        : 
    select
        cm1_0.id,
        cm1_0.chat_room_id,
        cm1_0.content,
        cm1_0.createdAt,
        cm1_0.messageType,
        cm1_0.read,
        cm1_0.readAt,
        cm1_0.sender_id 
    from
        chat_message cm1_0 
    where
        cm1_0.chat_room_id=? 
    order by
        cm1_0.createdAt desc 
    fetch
        first ? rows only
2026-05-28T20:04:45.635+09:00 TRACE 31519 --- [nio-8080-exec-4] org.hibernate.orm.jdbc.bind              : binding parameter (1:BIGINT) <- [1]
2026-05-28T20:04:45.635+09:00 TRACE 31519 --- [nio-8080-exec-4] org.hibernate.orm.jdbc.bind              : binding parameter (2:INTEGER) <- [1]
2026-05-28T20:04:45.635+09:00 DEBUG 31519 --- [nio-8080-exec-4] org.hibernate.SQL                        : 
    select
        count(cm1_0.id) 
    from
        chat_message cm1_0 
    where
        cm1_0.chat_room_id=? 
        and cm1_0.sender_id<>? 
        and cm1_0.read=false
2026-05-28T20:04:45.635+09:00 TRACE 31519 --- [nio-8080-exec-4] org.hibernate.orm.jdbc.bind              : binding parameter (1:BIGINT) <- [1]
2026-05-28T20:04:45.635+09:00 TRACE 31519 --- [nio-8080-exec-4] org.hibernate.orm.jdbc.bind              : binding parameter (2:BIGINT) <- [2]
2026-05-28T20:04:45.641+09:00 DEBUG 31519 --- [nio-8080-exec-1] org.hibernate.SQL                        : 
    select
        m1_0.id,
        m1_0.managerId,
        m1_0.password,
        m1_0.role,
        m1_0.username,
        m1_0.virtualBalance 
    from
        Member m1_0 
    where
        m1_0.id=?
2026-05-28T20:04:45.641+09:00 DEBUG 31519 --- [io-8080-exec-10] org.hibernate.SQL                        : 
    select
        m1_0.id,
        m1_0.managerId,
        m1_0.password,
        m1_0.role,
        m1_0.username,
        m1_0.virtualBalance 
    from
        Member m1_0 
    where
        m1_0.id=?
2026-05-28T20:04:45.641+09:00 TRACE 31519 --- [nio-8080-exec-1] org.hibernate.orm.jdbc.bind              : binding parameter (1:BIGINT) <- [2]
2026-05-28T20:04:45.641+09:00 TRACE 31519 --- [io-8080-exec-10] org.hibernate.orm.jdbc.bind              : binding parameter (1:BIGINT) <- [2]
2026-05-28T20:04:45.642+09:00 DEBUG 31519 --- [io-8080-exec-10] org.hibernate.SQL                        : 
    select
        m1_0.id,
        m1_0.managerId,
        m1_0.password,
        m1_0.role,
        m1_0.username,
        m1_0.virtualBalance 
    from
        Member m1_0 
    where
        m1_0.id=?
2026-05-28T20:04:45.642+09:00 DEBUG 31519 --- [nio-8080-exec-1] org.hibernate.SQL                        : 
    select
        m1_0.id,
        m1_0.managerId,
        m1_0.password,
        m1_0.role,
        m1_0.username,
        m1_0.virtualBalance 
    from
        Member m1_0 
    where
        m1_0.id=?
2026-05-28T20:04:45.642+09:00 TRACE 31519 --- [io-8080-exec-10] org.hibernate.orm.jdbc.bind              : binding parameter (1:BIGINT) <- [1]
2026-05-28T20:04:45.642+09:00 TRACE 31519 --- [nio-8080-exec-1] org.hibernate.orm.jdbc.bind              : binding parameter (1:BIGINT) <- [1]
2026-05-28T20:04:45.642+09:00 DEBUG 31519 --- [nio-8080-exec-1] org.hibernate.SQL                        : 
    select
        cr1_0.id,
        cr1_0.createdAt,
        cr1_0.member1_id,
        cr1_0.member2_id 
    from
        chat_room cr1_0 
    where
        cr1_0.member1_id=? 
        and cr1_0.member2_id=?
2026-05-28T20:04:45.642+09:00 DEBUG 31519 --- [io-8080-exec-10] org.hibernate.SQL                        : 
    select
        cr1_0.id,
        cr1_0.createdAt,
        cr1_0.member1_id,
        cr1_0.member2_id 
    from
        chat_room cr1_0 
    where
        cr1_0.member1_id=? 
        and cr1_0.member2_id=?
2026-05-28T20:04:45.642+09:00 TRACE 31519 --- [nio-8080-exec-1] org.hibernate.orm.jdbc.bind              : binding parameter (1:BIGINT) <- [1]
2026-05-28T20:04:45.642+09:00 TRACE 31519 --- [nio-8080-exec-1] org.hibernate.orm.jdbc.bind              : binding parameter (2:BIGINT) <- [2]
2026-05-28T20:04:45.643+09:00 TRACE 31519 --- [io-8080-exec-10] org.hibernate.orm.jdbc.bind              : binding parameter (1:BIGINT) <- [1]
2026-05-28T20:04:45.643+09:00 TRACE 31519 --- [io-8080-exec-10] org.hibernate.orm.jdbc.bind              : binding parameter (2:BIGINT) <- [2]
2026-05-28T20:04:45.643+09:00 DEBUG 31519 --- [io-8080-exec-10] org.hibernate.SQL                        : 
    update
        chat_message cm1_0 
    set
        read=true,
        readAt=localtimestamp 
    where
        cm1_0.chat_room_id=? 
        and cm1_0.sender_id<>? 
        and cm1_0.read=false
2026-05-28T20:04:45.643+09:00 DEBUG 31519 --- [nio-8080-exec-1] org.hibernate.SQL                        : 
    update
        chat_message cm1_0 
    set
        read=true,
        readAt=localtimestamp 
    where
        cm1_0.chat_room_id=? 
        and cm1_0.sender_id<>? 
        and cm1_0.read=false
2026-05-28T20:04:45.643+09:00 TRACE 31519 --- [io-8080-exec-10] org.hibernate.orm.jdbc.bind              : binding parameter (1:BIGINT) <- [1]
2026-05-28T20:04:45.643+09:00 TRACE 31519 --- [io-8080-exec-10] org.hibernate.orm.jdbc.bind              : binding parameter (2:BIGINT) <- [2]
2026-05-28T20:04:45.644+09:00 TRACE 31519 --- [nio-8080-exec-1] org.hibernate.orm.jdbc.bind              : binding parameter (1:BIGINT) <- [1]
2026-05-28T20:04:45.644+09:00 TRACE 31519 --- [nio-8080-exec-1] org.hibernate.orm.jdbc.bind              : binding parameter (2:BIGINT) <- [2]
2026-05-28T20:04:45.645+09:00 DEBUG 31519 --- [io-8080-exec-10] org.hibernate.SQL                        : 
    select
        cm1_0.id,
        cm1_0.chat_room_id,
        cm1_0.content,
        cm1_0.createdAt,
        cm1_0.messageType,
        cm1_0.read,
        cm1_0.readAt,
        cm1_0.sender_id 
    from
        chat_message cm1_0 
    where
        cm1_0.chat_room_id=? 
    order by
        cm1_0.createdAt desc 
    fetch
        first ? rows only
2026-05-28T20:04:45.645+09:00 DEBUG 31519 --- [nio-8080-exec-1] org.hibernate.SQL                        : 
    select
        cm1_0.id,
        cm1_0.chat_room_id,
        cm1_0.content,
        cm1_0.createdAt,
        cm1_0.messageType,
        cm1_0.read,
        cm1_0.readAt,
        cm1_0.sender_id 
    from
        chat_message cm1_0 
    where
        cm1_0.chat_room_id=? 
    order by
        cm1_0.createdAt desc 
    fetch
        first ? rows only
2026-05-28T20:04:45.645+09:00 TRACE 31519 --- [io-8080-exec-10] org.hibernate.orm.jdbc.bind              : binding parameter (1:BIGINT) <- [1]
2026-05-28T20:04:45.645+09:00 TRACE 31519 --- [io-8080-exec-10] org.hibernate.orm.jdbc.bind              : binding parameter (2:INTEGER) <- [50]
2026-05-28T20:04:45.645+09:00 TRACE 31519 --- [nio-8080-exec-1] org.hibernate.orm.jdbc.bind              : binding parameter (1:BIGINT) <- [1]
2026-05-28T20:04:45.645+09:00 TRACE 31519 --- [nio-8080-exec-1] org.hibernate.orm.jdbc.bind              : binding parameter (2:INTEGER) <- [50]
2026-05-28T20:04:45.646+09:00 DEBUG 31519 --- [nio-8080-exec-1] org.hibernate.SQL                        : 
    select
        ms1_0.id,
        ms1_0.member_id,
        ms1_0.statusType,
        ms1_0.updatedAt 
    from
        MemberStatus ms1_0 
    where
        ms1_0.member_id=?
2026-05-28T20:04:45.646+09:00 DEBUG 31519 --- [io-8080-exec-10] org.hibernate.SQL                        : 
    select
        ms1_0.id,
        ms1_0.member_id,
        ms1_0.statusType,
        ms1_0.updatedAt 
    from
        MemberStatus ms1_0 
    where
        ms1_0.member_id=?
2026-05-28T20:04:45.646+09:00 TRACE 31519 --- [nio-8080-exec-1] org.hibernate.orm.jdbc.bind              : binding parameter (1:BIGINT) <- [1]
2026-05-28T20:04:45.646+09:00 TRACE 31519 --- [io-8080-exec-10] org.hibernate.orm.jdbc.bind              : binding parameter (1:BIGINT) <- [1]
2026-05-28T20:04:45.652+09:00 DEBUG 31519 --- [nio-8080-exec-8] org.hibernate.SQL                        : 
    select
        m1_0.id,
        m1_0.managerId,
        m1_0.password,
        m1_0.role,
        m1_0.username,
        m1_0.virtualBalance 
    from
        Member m1_0 
    where
        m1_0.id=?
2026-05-28T20:04:45.652+09:00 TRACE 31519 --- [nio-8080-exec-8] org.hibernate.orm.jdbc.bind              : binding parameter (1:BIGINT) <- [2]
2026-05-28T20:04:45.653+09:00 DEBUG 31519 --- [nio-8080-exec-8] org.hibernate.SQL                        : 
    select
        m1_0.id,
        m1_0.managerId,
        m1_0.password,
        m1_0.role,
        m1_0.username,
        m1_0.virtualBalance 
    from
        Member m1_0 
    where
        m1_0.id=?
2026-05-28T20:04:45.653+09:00 TRACE 31519 --- [nio-8080-exec-8] org.hibernate.orm.jdbc.bind              : binding parameter (1:BIGINT) <- [1]
2026-05-28T20:04:45.653+09:00 DEBUG 31519 --- [nio-8080-exec-2] org.hibernate.SQL                        : 
    select
        m1_0.id,
        m1_0.managerId,
        m1_0.password,
        m1_0.role,
        m1_0.username,
        m1_0.virtualBalance 
    from
        Member m1_0 
    where
        m1_0.id=?
2026-05-28T20:04:45.653+09:00 TRACE 31519 --- [nio-8080-exec-2] org.hibernate.orm.jdbc.bind              : binding parameter (1:BIGINT) <- [2]
2026-05-28T20:04:45.654+09:00 DEBUG 31519 --- [nio-8080-exec-2] org.hibernate.SQL                        : 
    select
        m1_0.id,
        m1_0.managerId,
        m1_0.password,
        m1_0.role,
        m1_0.username,
        m1_0.virtualBalance 
    from
        Member m1_0 
    where
        m1_0.id=?
2026-05-28T20:04:45.654+09:00 DEBUG 31519 --- [nio-8080-exec-8] org.hibernate.SQL                        : 
    select
        ms1_0.id,
        ms1_0.member_id,
        ms1_0.statusType,
        ms1_0.updatedAt 
    from
        MemberStatus ms1_0 
    where
        ms1_0.member_id=?
2026-05-28T20:04:45.654+09:00 TRACE 31519 --- [nio-8080-exec-2] org.hibernate.orm.jdbc.bind              : binding parameter (1:BIGINT) <- [1]
2026-05-28T20:04:45.654+09:00 TRACE 31519 --- [nio-8080-exec-8] org.hibernate.orm.jdbc.bind              : binding parameter (1:BIGINT) <- [1]
2026-05-28T20:04:45.655+09:00 DEBUG 31519 --- [nio-8080-exec-2] org.hibernate.SQL                        : 
    select
        ms1_0.id,
        ms1_0.member_id,
        ms1_0.statusType,
        ms1_0.updatedAt 
    from
        MemberStatus ms1_0 
    where
        ms1_0.member_id=?
2026-05-28T20:04:45.655+09:00 TRACE 31519 --- [nio-8080-exec-2] org.hibernate.orm.jdbc.bind              : binding parameter (1:BIGINT) <- [1]
2026-05-28T20:04:45.661+09:00 DEBUG 31519 --- [nio-8080-exec-7] org.hibernate.SQL                        : 
    select
        m1_0.id,
        m1_0.managerId,
        m1_0.password,
        m1_0.role,
        m1_0.username,
        m1_0.virtualBalance 
    from
        Member m1_0 
    where
        m1_0.id=?
2026-05-28T20:04:45.661+09:00 TRACE 31519 --- [nio-8080-exec-7] org.hibernate.orm.jdbc.bind              : binding parameter (1:BIGINT) <- [2]
2026-05-28T20:04:45.661+09:00 DEBUG 31519 --- [nio-8080-exec-6] org.hibernate.SQL                        : 
    select
        m1_0.id,
        m1_0.managerId,
        m1_0.password,
        m1_0.role,
        m1_0.username,
        m1_0.virtualBalance 
    from
        Member m1_0 
    where
        m1_0.id=?
2026-05-28T20:04:45.661+09:00 TRACE 31519 --- [nio-8080-exec-6] org.hibernate.orm.jdbc.bind              : binding parameter (1:BIGINT) <- [2]
2026-05-28T20:04:45.662+09:00 DEBUG 31519 --- [nio-8080-exec-7] org.hibernate.SQL                        : 
    select
        cr1_0.id,
        cr1_0.createdAt,
        cr1_0.member1_id,
        cr1_0.member2_id 
    from
        chat_room cr1_0 
    where
        cr1_0.id=?
2026-05-28T20:04:45.662+09:00 DEBUG 31519 --- [nio-8080-exec-6] org.hibernate.SQL                        : 
    select
        cr1_0.id,
        cr1_0.createdAt,
        cr1_0.member1_id,
        cr1_0.member2_id 
    from
        chat_room cr1_0 
    where
        cr1_0.id=?
2026-05-28T20:04:45.662+09:00 TRACE 31519 --- [nio-8080-exec-7] org.hibernate.orm.jdbc.bind              : binding parameter (1:BIGINT) <- [1]
2026-05-28T20:04:45.662+09:00 TRACE 31519 --- [nio-8080-exec-6] org.hibernate.orm.jdbc.bind              : binding parameter (1:BIGINT) <- [1]
2026-05-28T20:04:45.663+09:00 DEBUG 31519 --- [nio-8080-exec-6] org.hibernate.SQL                        : 
    update
        chat_message cm1_0 
    set
        read=true,
        readAt=localtimestamp 
    where
        cm1_0.chat_room_id=? 
        and cm1_0.sender_id<>? 
        and cm1_0.read=false
2026-05-28T20:04:45.663+09:00 DEBUG 31519 --- [nio-8080-exec-7] org.hibernate.SQL                        : 
    update
        chat_message cm1_0 
    set
        read=true,
        readAt=localtimestamp 
    where
        cm1_0.chat_room_id=? 
        and cm1_0.sender_id<>? 
        and cm1_0.read=false
2026-05-28T20:04:45.663+09:00 TRACE 31519 --- [nio-8080-exec-7] org.hibernate.orm.jdbc.bind              : binding parameter (1:BIGINT) <- [1]
2026-05-28T20:04:45.663+09:00 TRACE 31519 --- [nio-8080-exec-7] org.hibernate.orm.jdbc.bind              : binding parameter (2:BIGINT) <- [2]
2026-05-28T20:04:45.663+09:00 TRACE 31519 --- [nio-8080-exec-6] org.hibernate.orm.jdbc.bind              : binding parameter (1:BIGINT) <- [1]
2026-05-28T20:04:45.663+09:00 TRACE 31519 --- [nio-8080-exec-6] org.hibernate.orm.jdbc.bind              : binding parameter (2:BIGINT) <- [2]
2026-05-28T20:04:46.404+09:00 DEBUG 31519 --- [nio-8080-exec-3] org.hibernate.SQL                        : 
    select
        m1_0.id,
        m1_0.managerId,
        m1_0.password,
        m1_0.role,
        m1_0.username,
        m1_0.virtualBalance 
    from
        Member m1_0 
    where
        m1_0.id=?
2026-05-28T20:04:46.405+09:00 TRACE 31519 --- [nio-8080-exec-3] org.hibernate.orm.jdbc.bind              : binding parameter (1:BIGINT) <- [1]
2026-05-28T20:04:46.407+09:00 DEBUG 31519 --- [nio-8080-exec-3] org.hibernate.SQL                        : 
    select
        m1_0.id,
        m1_0.managerId,
        m1_0.password,
        m1_0.role,
        m1_0.username,
        m1_0.virtualBalance 
    from
        Member m1_0 
    where
        m1_0.id=?
2026-05-28T20:04:46.407+09:00 TRACE 31519 --- [nio-8080-exec-3] org.hibernate.orm.jdbc.bind              : binding parameter (1:BIGINT) <- [2]
2026-05-28T20:04:46.408+09:00 DEBUG 31519 --- [nio-8080-exec-3] org.hibernate.SQL                        : 
    select
        cr1_0.id,
        cr1_0.createdAt,
        cr1_0.member1_id,
        cr1_0.member2_id 
    from
        chat_room cr1_0 
    where
        cr1_0.member1_id=? 
        and cr1_0.member2_id=?
2026-05-28T20:04:46.408+09:00 TRACE 31519 --- [nio-8080-exec-3] org.hibernate.orm.jdbc.bind              : binding parameter (1:BIGINT) <- [1]
2026-05-28T20:04:46.408+09:00 TRACE 31519 --- [nio-8080-exec-3] org.hibernate.orm.jdbc.bind              : binding parameter (2:BIGINT) <- [2]
2026-05-28T20:04:46.409+09:00 DEBUG 31519 --- [nio-8080-exec-3] org.hibernate.SQL                        : 
    update
        chat_message cm1_0 
    set
        read=true,
        readAt=localtimestamp 
    where
        cm1_0.chat_room_id=? 
        and cm1_0.sender_id<>? 
        and cm1_0.read=false
2026-05-28T20:04:46.409+09:00 TRACE 31519 --- [nio-8080-exec-3] org.hibernate.orm.jdbc.bind              : binding parameter (1:BIGINT) <- [1]
2026-05-28T20:04:46.409+09:00 TRACE 31519 --- [nio-8080-exec-3] org.hibernate.orm.jdbc.bind              : binding parameter (2:BIGINT) <- [1]
2026-05-28T20:04:46.411+09:00 DEBUG 31519 --- [nio-8080-exec-3] org.hibernate.SQL                        : 
    select
        cm1_0.id,
        cm1_0.chat_room_id,
        cm1_0.content,
        cm1_0.createdAt,
        cm1_0.messageType,
        cm1_0.read,
        cm1_0.readAt,
        cm1_0.sender_id 
    from
        chat_message cm1_0 
    where
        cm1_0.chat_room_id=? 
    order by
        cm1_0.createdAt desc 
    fetch
        first ? rows only
2026-05-28T20:04:46.411+09:00 TRACE 31519 --- [nio-8080-exec-3] org.hibernate.orm.jdbc.bind              : binding parameter (1:BIGINT) <- [1]
2026-05-28T20:04:46.411+09:00 TRACE 31519 --- [nio-8080-exec-3] org.hibernate.orm.jdbc.bind              : binding parameter (2:INTEGER) <- [50]
2026-05-28T20:04:46.412+09:00 DEBUG 31519 --- [nio-8080-exec-3] org.hibernate.SQL                        : 
    select
        ms1_0.id,
        ms1_0.member_id,
        ms1_0.statusType,
        ms1_0.updatedAt 
    from
        MemberStatus ms1_0 
    where
        ms1_0.member_id=?
2026-05-28T20:04:46.412+09:00 TRACE 31519 --- [nio-8080-exec-3] org.hibernate.orm.jdbc.bind              : binding parameter (1:BIGINT) <- [2]
2026-05-28T20:04:46.420+09:00 DEBUG 31519 --- [nio-8080-exec-9] org.hibernate.SQL                        : 
    select
        m1_0.id,
        m1_0.managerId,
        m1_0.password,
        m1_0.role,
        m1_0.username,
        m1_0.virtualBalance 
    from
        Member m1_0 
    where
        m1_0.id=?
2026-05-28T20:04:46.420+09:00 TRACE 31519 --- [nio-8080-exec-9] org.hibernate.orm.jdbc.bind              : binding parameter (1:BIGINT) <- [1]
2026-05-28T20:04:46.421+09:00 DEBUG 31519 --- [nio-8080-exec-9] org.hibernate.SQL                        : 
    select
        cr1_0.id,
        cr1_0.createdAt,
        cr1_0.member1_id,
        cr1_0.member2_id 
    from
        chat_room cr1_0 
    where
        cr1_0.member1_id=? 
        or cr1_0.member2_id=?
2026-05-28T20:04:46.421+09:00 TRACE 31519 --- [nio-8080-exec-9] org.hibernate.orm.jdbc.bind              : binding parameter (1:BIGINT) <- [1]
2026-05-28T20:04:46.421+09:00 TRACE 31519 --- [nio-8080-exec-9] org.hibernate.orm.jdbc.bind              : binding parameter (2:BIGINT) <- [1]
2026-05-28T20:04:46.422+09:00 DEBUG 31519 --- [nio-8080-exec-9] org.hibernate.SQL                        : 
    select
        m1_0.id,
        m1_0.managerId,
        m1_0.password,
        m1_0.role,
        m1_0.username,
        m1_0.virtualBalance 
    from
        Member m1_0 
    where
        m1_0.id=?
2026-05-28T20:04:46.422+09:00 TRACE 31519 --- [nio-8080-exec-9] org.hibernate.orm.jdbc.bind              : binding parameter (1:BIGINT) <- [2]
2026-05-28T20:04:46.423+09:00 DEBUG 31519 --- [nio-8080-exec-9] org.hibernate.SQL                        : 
    select
        ms1_0.id,
        ms1_0.member_id,
        ms1_0.statusType,
        ms1_0.updatedAt 
    from
        MemberStatus ms1_0 
    where
        ms1_0.member_id=?
2026-05-28T20:04:46.423+09:00 TRACE 31519 --- [nio-8080-exec-9] org.hibernate.orm.jdbc.bind              : binding parameter (1:BIGINT) <- [2]
2026-05-28T20:04:46.424+09:00 DEBUG 31519 --- [nio-8080-exec-9] org.hibernate.SQL                        : 
    select
        cm1_0.id,
        cm1_0.chat_room_id,
        cm1_0.content,
        cm1_0.createdAt,
        cm1_0.messageType,
        cm1_0.read,
        cm1_0.readAt,
        cm1_0.sender_id 
    from
        chat_message cm1_0 
    where
        cm1_0.chat_room_id=? 
    order by
        cm1_0.createdAt desc 
    fetch
        first ? rows only
2026-05-28T20:04:46.424+09:00 TRACE 31519 --- [nio-8080-exec-9] org.hibernate.orm.jdbc.bind              : binding parameter (1:BIGINT) <- [1]
2026-05-28T20:04:46.424+09:00 TRACE 31519 --- [nio-8080-exec-9] org.hibernate.orm.jdbc.bind              : binding parameter (2:INTEGER) <- [1]
2026-05-28T20:04:46.424+09:00 DEBUG 31519 --- [nio-8080-exec-9] org.hibernate.SQL                        : 
    select
        count(cm1_0.id) 
    from
        chat_message cm1_0 
    where
        cm1_0.chat_room_id=? 
        and cm1_0.sender_id<>? 
        and cm1_0.read=false
2026-05-28T20:04:46.424+09:00 TRACE 31519 --- [nio-8080-exec-9] org.hibernate.orm.jdbc.bind              : binding parameter (1:BIGINT) <- [1]
2026-05-28T20:04:46.424+09:00 TRACE 31519 --- [nio-8080-exec-9] org.hibernate.orm.jdbc.bind              : binding parameter (2:BIGINT) <- [1]
2026-05-28T20:04:48.617+09:00 DEBUG 31519 --- [nio-8080-exec-4] org.hibernate.SQL                        : 
    select
        m1_0.id,
        m1_0.managerId,
        m1_0.password,
        m1_0.role,
        m1_0.username,
        m1_0.virtualBalance 
    from
        Member m1_0 
    where
        m1_0.id=?
2026-05-28T20:04:48.617+09:00 TRACE 31519 --- [nio-8080-exec-4] org.hibernate.orm.jdbc.bind              : binding parameter (1:BIGINT) <- [1]
2026-05-28T20:04:48.618+09:00 DEBUG 31519 --- [nio-8080-exec-4] org.hibernate.SQL                        : 
    select
        m1_0.id,
        m1_0.managerId,
        m1_0.password,
        m1_0.role,
        m1_0.username,
        m1_0.virtualBalance 
    from
        Member m1_0 
    where
        m1_0.id=?
2026-05-28T20:04:48.618+09:00 TRACE 31519 --- [nio-8080-exec-4] org.hibernate.orm.jdbc.bind              : binding parameter (1:BIGINT) <- [2]
2026-05-28T20:04:48.623+09:00 DEBUG 31519 --- [nio-8080-exec-2] org.hibernate.SQL                        : 
    select
        m1_0.id,
        m1_0.managerId,
        m1_0.password,
        m1_0.role,
        m1_0.username,
        m1_0.virtualBalance 
    from
        Member m1_0 
    where
        m1_0.id=?
2026-05-28T20:04:48.623+09:00 DEBUG 31519 --- [nio-8080-exec-6] org.hibernate.SQL                        : 
    select
        m1_0.id,
        m1_0.managerId,
        m1_0.password,
        m1_0.role,
        m1_0.username,
        m1_0.virtualBalance 
    from
        Member m1_0 
    where
        m1_0.id=?
2026-05-28T20:04:48.624+09:00 TRACE 31519 --- [nio-8080-exec-6] org.hibernate.orm.jdbc.bind              : binding parameter (1:BIGINT) <- [1]
2026-05-28T20:04:48.624+09:00 TRACE 31519 --- [nio-8080-exec-2] org.hibernate.orm.jdbc.bind              : binding parameter (1:BIGINT) <- [1]
2026-05-28T20:04:48.624+09:00 DEBUG 31519 --- [nio-8080-exec-2] org.hibernate.SQL                        : 
    select
        m1_0.id,
        m1_0.managerId,
        m1_0.password,
        m1_0.role,
        m1_0.username,
        m1_0.virtualBalance 
    from
        Member m1_0 
    where
        m1_0.id=?
2026-05-28T20:04:48.625+09:00 TRACE 31519 --- [nio-8080-exec-2] org.hibernate.orm.jdbc.bind              : binding parameter (1:BIGINT) <- [2]
2026-05-28T20:04:48.625+09:00 DEBUG 31519 --- [nio-8080-exec-6] org.hibernate.SQL                        : 
    select
        m1_0.id,
        m1_0.managerId,
        m1_0.password,
        m1_0.role,
        m1_0.username,
        m1_0.virtualBalance 
    from
        Member m1_0 
    where
        m1_0.managerId=?
2026-05-28T20:04:48.625+09:00 TRACE 31519 --- [nio-8080-exec-6] org.hibernate.orm.jdbc.bind              : binding parameter (1:BIGINT) <- [2]
2026-05-28T20:04:48.628+09:00 DEBUG 31519 --- [nio-8080-exec-9] org.hibernate.SQL                        : 
    select
        m1_0.id,
        m1_0.managerId,
        m1_0.password,
        m1_0.role,
        m1_0.username,
        m1_0.virtualBalance 
    from
        Member m1_0 
    where
        m1_0.id=?
2026-05-28T20:04:48.628+09:00 TRACE 31519 --- [nio-8080-exec-9] org.hibernate.orm.jdbc.bind              : binding parameter (1:BIGINT) <- [1]
2026-05-28T20:04:48.629+09:00 DEBUG 31519 --- [nio-8080-exec-5] org.hibernate.SQL                        : 
    select
        m1_0.id,
        m1_0.managerId,
        m1_0.password,
        m1_0.role,
        m1_0.username,
        m1_0.virtualBalance 
    from
        Member m1_0 
    where
        m1_0.id=?
2026-05-28T20:04:48.629+09:00 TRACE 31519 --- [nio-8080-exec-5] org.hibernate.orm.jdbc.bind              : binding parameter (1:BIGINT) <- [1]
2026-05-28T20:04:48.629+09:00 DEBUG 31519 --- [nio-8080-exec-9] org.hibernate.SQL                        : 
    select
        m1_0.id,
        m1_0.managerId,
        m1_0.password,
        m1_0.role,
        m1_0.username,
        m1_0.virtualBalance 
    from
        Member m1_0 
    where
        m1_0.managerId=?
2026-05-28T20:04:48.629+09:00 TRACE 31519 --- [nio-8080-exec-9] org.hibernate.orm.jdbc.bind              : binding parameter (1:BIGINT) <- [2]
2026-05-28T20:04:48.629+09:00 DEBUG 31519 --- [nio-8080-exec-5] org.hibernate.SQL                        : 
    select
        cr1_0.id,
        cr1_0.createdAt,
        cr1_0.member1_id,
        cr1_0.member2_id 
    from
        chat_room cr1_0 
    where
        cr1_0.member1_id=? 
        or cr1_0.member2_id=?
2026-05-28T20:04:48.629+09:00 TRACE 31519 --- [nio-8080-exec-5] org.hibernate.orm.jdbc.bind              : binding parameter (1:BIGINT) <- [1]
2026-05-28T20:04:48.629+09:00 TRACE 31519 --- [nio-8080-exec-5] org.hibernate.orm.jdbc.bind              : binding parameter (2:BIGINT) <- [1]
2026-05-28T20:04:48.630+09:00 DEBUG 31519 --- [nio-8080-exec-5] org.hibernate.SQL                        : 
    select
        m1_0.id,
        m1_0.managerId,
        m1_0.password,
        m1_0.role,
        m1_0.username,
        m1_0.virtualBalance 
    from
        Member m1_0 
    where
        m1_0.id=?
2026-05-28T20:04:48.630+09:00 TRACE 31519 --- [nio-8080-exec-5] org.hibernate.orm.jdbc.bind              : binding parameter (1:BIGINT) <- [2]
2026-05-28T20:04:48.630+09:00 DEBUG 31519 --- [nio-8080-exec-5] org.hibernate.SQL                        : 
    select
        ms1_0.id,
        ms1_0.member_id,
        ms1_0.statusType,
        ms1_0.updatedAt 
    from
        MemberStatus ms1_0 
    where
        ms1_0.member_id=?
2026-05-28T20:04:48.630+09:00 TRACE 31519 --- [nio-8080-exec-5] org.hibernate.orm.jdbc.bind              : binding parameter (1:BIGINT) <- [2]
2026-05-28T20:04:48.631+09:00 DEBUG 31519 --- [nio-8080-exec-5] org.hibernate.SQL                        : 
    select
        cm1_0.id,
        cm1_0.chat_room_id,
        cm1_0.content,
        cm1_0.createdAt,
        cm1_0.messageType,
        cm1_0.read,
        cm1_0.readAt,
        cm1_0.sender_id 
    from
        chat_message cm1_0 
    where
        cm1_0.chat_room_id=? 
    order by
        cm1_0.createdAt desc 
    fetch
        first ? rows only
2026-05-28T20:04:48.631+09:00 TRACE 31519 --- [nio-8080-exec-5] org.hibernate.orm.jdbc.bind              : binding parameter (1:BIGINT) <- [1]
2026-05-28T20:04:48.631+09:00 TRACE 31519 --- [nio-8080-exec-5] org.hibernate.orm.jdbc.bind              : binding parameter (2:INTEGER) <- [1]
2026-05-28T20:04:48.631+09:00 DEBUG 31519 --- [nio-8080-exec-5] org.hibernate.SQL                        : 
    select
        count(cm1_0.id) 
    from
        chat_message cm1_0 
    where
        cm1_0.chat_room_id=? 
        and cm1_0.sender_id<>? 
        and cm1_0.read=false
2026-05-28T20:04:48.631+09:00 TRACE 31519 --- [nio-8080-exec-5] org.hibernate.orm.jdbc.bind              : binding parameter (1:BIGINT) <- [1]
2026-05-28T20:04:48.631+09:00 TRACE 31519 --- [nio-8080-exec-5] org.hibernate.orm.jdbc.bind              : binding parameter (2:BIGINT) <- [1]
2026-05-28T20:04:48.635+09:00 DEBUG 31519 --- [nio-8080-exec-1] org.hibernate.SQL                        : 
    select
        m1_0.id,
        m1_0.managerId,
        m1_0.password,
        m1_0.role,
        m1_0.username,
        m1_0.virtualBalance 
    from
        Member m1_0 
    where
        m1_0.id=?
2026-05-28T20:04:48.635+09:00 TRACE 31519 --- [nio-8080-exec-1] org.hibernate.orm.jdbc.bind              : binding parameter (1:BIGINT) <- [1]
2026-05-28T20:04:48.636+09:00 DEBUG 31519 --- [nio-8080-exec-1] org.hibernate.SQL                        : 
    select
        cr1_0.id,
        cr1_0.createdAt,
        cr1_0.member1_id,
        cr1_0.member2_id 
    from
        chat_room cr1_0 
    where
        cr1_0.member1_id=? 
        or cr1_0.member2_id=?
2026-05-28T20:04:48.636+09:00 TRACE 31519 --- [nio-8080-exec-1] org.hibernate.orm.jdbc.bind              : binding parameter (1:BIGINT) <- [1]
2026-05-28T20:04:48.636+09:00 TRACE 31519 --- [nio-8080-exec-1] org.hibernate.orm.jdbc.bind              : binding parameter (2:BIGINT) <- [1]
2026-05-28T20:04:48.636+09:00 DEBUG 31519 --- [nio-8080-exec-1] org.hibernate.SQL                        : 
    select
        m1_0.id,
        m1_0.managerId,
        m1_0.password,
        m1_0.role,
        m1_0.username,
        m1_0.virtualBalance 
    from
        Member m1_0 
    where
        m1_0.id=?
2026-05-28T20:04:48.636+09:00 TRACE 31519 --- [nio-8080-exec-1] org.hibernate.orm.jdbc.bind              : binding parameter (1:BIGINT) <- [2]
2026-05-28T20:04:48.636+09:00 DEBUG 31519 --- [io-8080-exec-10] org.hibernate.SQL                        : 
    select
        m1_0.id,
        m1_0.managerId,
        m1_0.password,
        m1_0.role,
        m1_0.username,
        m1_0.virtualBalance 
    from
        Member m1_0 
    where
        m1_0.id=?
2026-05-28T20:04:48.636+09:00 TRACE 31519 --- [io-8080-exec-10] org.hibernate.orm.jdbc.bind              : binding parameter (1:BIGINT) <- [1]
2026-05-28T20:04:48.636+09:00 DEBUG 31519 --- [nio-8080-exec-8] org.hibernate.SQL                        : 
    select
        m1_0.id,
        m1_0.managerId,
        m1_0.password,
        m1_0.role,
        m1_0.username,
        m1_0.virtualBalance 
    from
        Member m1_0 
    where
        m1_0.id=?
2026-05-28T20:04:48.636+09:00 TRACE 31519 --- [nio-8080-exec-8] org.hibernate.orm.jdbc.bind              : binding parameter (1:BIGINT) <- [1]
2026-05-28T20:04:48.637+09:00 DEBUG 31519 --- [io-8080-exec-10] org.hibernate.SQL                        : 
    select
        m1_0.id,
        m1_0.managerId,
        m1_0.password,
        m1_0.role,
        m1_0.username,
        m1_0.virtualBalance 
    from
        Member m1_0 
    where
        m1_0.id=?
2026-05-28T20:04:48.637+09:00 TRACE 31519 --- [io-8080-exec-10] org.hibernate.orm.jdbc.bind              : binding parameter (1:BIGINT) <- [2]
2026-05-28T20:04:48.637+09:00 DEBUG 31519 --- [nio-8080-exec-8] org.hibernate.SQL                        : 
    select
        m1_0.id,
        m1_0.managerId,
        m1_0.password,
        m1_0.role,
        m1_0.username,
        m1_0.virtualBalance 
    from
        Member m1_0 
    where
        m1_0.id=?
2026-05-28T20:04:48.637+09:00 TRACE 31519 --- [nio-8080-exec-8] org.hibernate.orm.jdbc.bind              : binding parameter (1:BIGINT) <- [2]
2026-05-28T20:04:48.637+09:00 DEBUG 31519 --- [nio-8080-exec-1] org.hibernate.SQL                        : 
    select
        ms1_0.id,
        ms1_0.member_id,
        ms1_0.statusType,
        ms1_0.updatedAt 
    from
        MemberStatus ms1_0 
    where
        ms1_0.member_id=?
2026-05-28T20:04:48.637+09:00 TRACE 31519 --- [nio-8080-exec-1] org.hibernate.orm.jdbc.bind              : binding parameter (1:BIGINT) <- [2]
2026-05-28T20:04:48.637+09:00 DEBUG 31519 --- [io-8080-exec-10] org.hibernate.SQL                        : 
    select
        cr1_0.id,
        cr1_0.createdAt,
        cr1_0.member1_id,
        cr1_0.member2_id 
    from
        chat_room cr1_0 
    where
        cr1_0.member1_id=? 
        and cr1_0.member2_id=?
2026-05-28T20:04:48.637+09:00 DEBUG 31519 --- [nio-8080-exec-8] org.hibernate.SQL                        : 
    select
        cr1_0.id,
        cr1_0.createdAt,
        cr1_0.member1_id,
        cr1_0.member2_id 
    from
        chat_room cr1_0 
    where
        cr1_0.member1_id=? 
        and cr1_0.member2_id=?
2026-05-28T20:04:48.637+09:00 TRACE 31519 --- [io-8080-exec-10] org.hibernate.orm.jdbc.bind              : binding parameter (1:BIGINT) <- [1]
2026-05-28T20:04:48.637+09:00 TRACE 31519 --- [io-8080-exec-10] org.hibernate.orm.jdbc.bind              : binding parameter (2:BIGINT) <- [2]
2026-05-28T20:04:48.637+09:00 TRACE 31519 --- [nio-8080-exec-8] org.hibernate.orm.jdbc.bind              : binding parameter (1:BIGINT) <- [1]
2026-05-28T20:04:48.637+09:00 TRACE 31519 --- [nio-8080-exec-8] org.hibernate.orm.jdbc.bind              : binding parameter (2:BIGINT) <- [2]
2026-05-28T20:04:48.637+09:00 DEBUG 31519 --- [nio-8080-exec-1] org.hibernate.SQL                        : 
    select
        cm1_0.id,
        cm1_0.chat_room_id,
        cm1_0.content,
        cm1_0.createdAt,
        cm1_0.messageType,
        cm1_0.read,
        cm1_0.readAt,
        cm1_0.sender_id 
    from
        chat_message cm1_0 
    where
        cm1_0.chat_room_id=? 
    order by
        cm1_0.createdAt desc 
    fetch
        first ? rows only
2026-05-28T20:04:48.637+09:00 DEBUG 31519 --- [io-8080-exec-10] org.hibernate.SQL                        : 
    update
        chat_message cm1_0 
    set
        read=true,
        readAt=localtimestamp 
    where
        cm1_0.chat_room_id=? 
        and cm1_0.sender_id<>? 
        and cm1_0.read=false
2026-05-28T20:04:48.637+09:00 TRACE 31519 --- [nio-8080-exec-1] org.hibernate.orm.jdbc.bind              : binding parameter (1:BIGINT) <- [1]
2026-05-28T20:04:48.637+09:00 TRACE 31519 --- [nio-8080-exec-1] org.hibernate.orm.jdbc.bind              : binding parameter (2:INTEGER) <- [1]
2026-05-28T20:04:48.637+09:00 TRACE 31519 --- [io-8080-exec-10] org.hibernate.orm.jdbc.bind              : binding parameter (1:BIGINT) <- [1]
2026-05-28T20:04:48.637+09:00 TRACE 31519 --- [io-8080-exec-10] org.hibernate.orm.jdbc.bind              : binding parameter (2:BIGINT) <- [1]
2026-05-28T20:04:48.638+09:00 DEBUG 31519 --- [nio-8080-exec-8] org.hibernate.SQL                        : 
    update
        chat_message cm1_0 
    set
        read=true,
        readAt=localtimestamp 
    where
        cm1_0.chat_room_id=? 
        and cm1_0.sender_id<>? 
        and cm1_0.read=false
2026-05-28T20:04:48.638+09:00 TRACE 31519 --- [nio-8080-exec-8] org.hibernate.orm.jdbc.bind              : binding parameter (1:BIGINT) <- [1]
2026-05-28T20:04:48.638+09:00 TRACE 31519 --- [nio-8080-exec-8] org.hibernate.orm.jdbc.bind              : binding parameter (2:BIGINT) <- [1]
2026-05-28T20:04:48.638+09:00 DEBUG 31519 --- [nio-8080-exec-1] org.hibernate.SQL                        : 
    select
        count(cm1_0.id) 
    from
        chat_message cm1_0 
    where
        cm1_0.chat_room_id=? 
        and cm1_0.sender_id<>? 
        and cm1_0.read=false
2026-05-28T20:04:48.638+09:00 TRACE 31519 --- [nio-8080-exec-1] org.hibernate.orm.jdbc.bind              : binding parameter (1:BIGINT) <- [1]
2026-05-28T20:04:48.638+09:00 TRACE 31519 --- [nio-8080-exec-1] org.hibernate.orm.jdbc.bind              : binding parameter (2:BIGINT) <- [1]
2026-05-28T20:04:48.638+09:00 DEBUG 31519 --- [io-8080-exec-10] org.hibernate.SQL                        : 
    select
        cm1_0.id,
        cm1_0.chat_room_id,
        cm1_0.content,
        cm1_0.createdAt,
        cm1_0.messageType,
        cm1_0.read,
        cm1_0.readAt,
        cm1_0.sender_id 
    from
        chat_message cm1_0 
    where
        cm1_0.chat_room_id=? 
    order by
        cm1_0.createdAt desc 
    fetch
        first ? rows only
2026-05-28T20:04:48.638+09:00 TRACE 31519 --- [io-8080-exec-10] org.hibernate.orm.jdbc.bind              : binding parameter (1:BIGINT) <- [1]
2026-05-28T20:04:48.638+09:00 TRACE 31519 --- [io-8080-exec-10] org.hibernate.orm.jdbc.bind              : binding parameter (2:INTEGER) <- [50]
2026-05-28T20:04:48.638+09:00 DEBUG 31519 --- [nio-8080-exec-8] org.hibernate.SQL                        : 
    select
        cm1_0.id,
        cm1_0.chat_room_id,
        cm1_0.content,
        cm1_0.createdAt,
        cm1_0.messageType,
        cm1_0.read,
        cm1_0.readAt,
        cm1_0.sender_id 
    from
        chat_message cm1_0 
    where
        cm1_0.chat_room_id=? 
    order by
        cm1_0.createdAt desc 
    fetch
        first ? rows only
2026-05-28T20:04:48.638+09:00 TRACE 31519 --- [nio-8080-exec-8] org.hibernate.orm.jdbc.bind              : binding parameter (1:BIGINT) <- [1]
2026-05-28T20:04:48.638+09:00 TRACE 31519 --- [nio-8080-exec-8] org.hibernate.orm.jdbc.bind              : binding parameter (2:INTEGER) <- [50]
2026-05-28T20:04:48.639+09:00 DEBUG 31519 --- [io-8080-exec-10] org.hibernate.SQL                        : 
    select
        ms1_0.id,
        ms1_0.member_id,
        ms1_0.statusType,
        ms1_0.updatedAt 
    from
        MemberStatus ms1_0 
    where
        ms1_0.member_id=?
2026-05-28T20:04:48.639+09:00 TRACE 31519 --- [io-8080-exec-10] org.hibernate.orm.jdbc.bind              : binding parameter (1:BIGINT) <- [2]
2026-05-28T20:04:48.639+09:00 DEBUG 31519 --- [nio-8080-exec-8] org.hibernate.SQL                        : 
    select
        ms1_0.id,
        ms1_0.member_id,
        ms1_0.statusType,
        ms1_0.updatedAt 
    from
        MemberStatus ms1_0 
    where
        ms1_0.member_id=?
2026-05-28T20:04:48.639+09:00 TRACE 31519 --- [nio-8080-exec-8] org.hibernate.orm.jdbc.bind              : binding parameter (1:BIGINT) <- [2]
2026-05-28T20:04:48.643+09:00 DEBUG 31519 --- [nio-8080-exec-2] org.hibernate.SQL                        : 
    select
        m1_0.id,
        m1_0.managerId,
        m1_0.password,
        m1_0.role,
        m1_0.username,
        m1_0.virtualBalance 
    from
        Member m1_0 
    where
        m1_0.id=?
2026-05-28T20:04:48.643+09:00 TRACE 31519 --- [nio-8080-exec-2] org.hibernate.orm.jdbc.bind              : binding parameter (1:BIGINT) <- [1]
2026-05-28T20:04:48.644+09:00 DEBUG 31519 --- [nio-8080-exec-2] org.hibernate.SQL                        : 
    select
        m1_0.id,
        m1_0.managerId,
        m1_0.password,
        m1_0.role,
        m1_0.username,
        m1_0.virtualBalance 
    from
        Member m1_0 
    where
        m1_0.id=?
2026-05-28T20:04:48.644+09:00 TRACE 31519 --- [nio-8080-exec-2] org.hibernate.orm.jdbc.bind              : binding parameter (1:BIGINT) <- [2]
2026-05-28T20:04:48.645+09:00 DEBUG 31519 --- [nio-8080-exec-2] org.hibernate.SQL                        : 
    select
        ms1_0.id,
        ms1_0.member_id,
        ms1_0.statusType,
        ms1_0.updatedAt 
    from
        MemberStatus ms1_0 
    where
        ms1_0.member_id=?
2026-05-28T20:04:48.645+09:00 TRACE 31519 --- [nio-8080-exec-2] org.hibernate.orm.jdbc.bind              : binding parameter (1:BIGINT) <- [2]
2026-05-28T20:04:48.648+09:00 DEBUG 31519 --- [nio-8080-exec-6] org.hibernate.SQL                        : 
    select
        m1_0.id,
        m1_0.managerId,
        m1_0.password,
        m1_0.role,
        m1_0.username,
        m1_0.virtualBalance 
    from
        Member m1_0 
    where
        m1_0.id=?
2026-05-28T20:04:48.648+09:00 TRACE 31519 --- [nio-8080-exec-6] org.hibernate.orm.jdbc.bind              : binding parameter (1:BIGINT) <- [1]
2026-05-28T20:04:48.649+09:00 DEBUG 31519 --- [nio-8080-exec-9] org.hibernate.SQL                        : 
    select
        m1_0.id,
        m1_0.managerId,
        m1_0.password,
        m1_0.role,
        m1_0.username,
        m1_0.virtualBalance 
    from
        Member m1_0 
    where
        m1_0.id=?
2026-05-28T20:04:48.649+09:00 TRACE 31519 --- [nio-8080-exec-9] org.hibernate.orm.jdbc.bind              : binding parameter (1:BIGINT) <- [1]
2026-05-28T20:04:48.649+09:00 DEBUG 31519 --- [nio-8080-exec-6] org.hibernate.SQL                        : 
    select
        m1_0.id,
        m1_0.managerId,
        m1_0.password,
        m1_0.role,
        m1_0.username,
        m1_0.virtualBalance 
    from
        Member m1_0 
    where
        m1_0.id=?
2026-05-28T20:04:48.649+09:00 TRACE 31519 --- [nio-8080-exec-6] org.hibernate.orm.jdbc.bind              : binding parameter (1:BIGINT) <- [2]
2026-05-28T20:04:48.649+09:00 DEBUG 31519 --- [nio-8080-exec-9] org.hibernate.SQL                        : 
    select
        cr1_0.id,
        cr1_0.createdAt,
        cr1_0.member1_id,
        cr1_0.member2_id 
    from
        chat_room cr1_0 
    where
        cr1_0.id=?
2026-05-28T20:04:48.649+09:00 TRACE 31519 --- [nio-8080-exec-9] org.hibernate.orm.jdbc.bind              : binding parameter (1:BIGINT) <- [1]
2026-05-28T20:04:48.650+09:00 DEBUG 31519 --- [nio-8080-exec-6] org.hibernate.SQL                        : 
    select
        ms1_0.id,
        ms1_0.member_id,
        ms1_0.statusType,
        ms1_0.updatedAt 
    from
        MemberStatus ms1_0 
    where
        ms1_0.member_id=?
2026-05-28T20:04:48.650+09:00 TRACE 31519 --- [nio-8080-exec-6] org.hibernate.orm.jdbc.bind              : binding parameter (1:BIGINT) <- [2]
2026-05-28T20:04:48.650+09:00 DEBUG 31519 --- [nio-8080-exec-9] org.hibernate.SQL                        : 
    update
        chat_message cm1_0 
    set
        read=true,
        readAt=localtimestamp 
    where
        cm1_0.chat_room_id=? 
        and cm1_0.sender_id<>? 
        and cm1_0.read=false
2026-05-28T20:04:48.650+09:00 TRACE 31519 --- [nio-8080-exec-9] org.hibernate.orm.jdbc.bind              : binding parameter (1:BIGINT) <- [1]
2026-05-28T20:04:48.650+09:00 TRACE 31519 --- [nio-8080-exec-9] org.hibernate.orm.jdbc.bind              : binding parameter (2:BIGINT) <- [1]
2026-05-28T20:04:48.655+09:00 DEBUG 31519 --- [nio-8080-exec-5] org.hibernate.SQL                        : 
    select
        m1_0.id,
        m1_0.managerId,
        m1_0.password,
        m1_0.role,
        m1_0.username,
        m1_0.virtualBalance 
    from
        Member m1_0 
    where
        m1_0.id=?
2026-05-28T20:04:48.655+09:00 TRACE 31519 --- [nio-8080-exec-5] org.hibernate.orm.jdbc.bind              : binding parameter (1:BIGINT) <- [1]
2026-05-28T20:04:48.656+09:00 DEBUG 31519 --- [nio-8080-exec-5] org.hibernate.SQL                        : 
    select
        cr1_0.id,
        cr1_0.createdAt,
        cr1_0.member1_id,
        cr1_0.member2_id 
    from
        chat_room cr1_0 
    where
        cr1_0.id=?
2026-05-28T20:04:48.656+09:00 TRACE 31519 --- [nio-8080-exec-5] org.hibernate.orm.jdbc.bind              : binding parameter (1:BIGINT) <- [1]
2026-05-28T20:04:48.657+09:00 DEBUG 31519 --- [nio-8080-exec-5] org.hibernate.SQL                        : 
    update
        chat_message cm1_0 
    set
        read=true,
        readAt=localtimestamp 
    where
        cm1_0.chat_room_id=? 
        and cm1_0.sender_id<>? 
        and cm1_0.read=false
2026-05-28T20:04:48.657+09:00 TRACE 31519 --- [nio-8080-exec-5] org.hibernate.orm.jdbc.bind              : binding parameter (1:BIGINT) <- [1]
2026-05-28T20:04:48.657+09:00 TRACE 31519 --- [nio-8080-exec-5] org.hibernate.orm.jdbc.bind              : binding parameter (2:BIGINT) <- [1]
2026-05-28T20:04:51.598+09:00 DEBUG 31519 --- [nio-8080-exec-4] org.hibernate.SQL                        : 
    select
        m1_0.id,
        m1_0.managerId,
        m1_0.password,
        m1_0.role,
        m1_0.username,
        m1_0.virtualBalance 
    from
        Member m1_0 
    where
        m1_0.id=?
2026-05-28T20:04:51.598+09:00 TRACE 31519 --- [nio-8080-exec-4] org.hibernate.orm.jdbc.bind              : binding parameter (1:BIGINT) <- [1]
2026-05-28T20:04:51.602+09:00 DEBUG 31519 --- [nio-8080-exec-4] org.hibernate.SQL                        : 
    select
        cr1_0.id,
        cr1_0.createdAt,
        cr1_0.member1_id,
        cr1_0.member2_id 
    from
        chat_room cr1_0 
    where
        cr1_0.id=?
2026-05-28T20:04:51.602+09:00 TRACE 31519 --- [nio-8080-exec-4] org.hibernate.orm.jdbc.bind              : binding parameter (1:BIGINT) <- [1]
2026-05-28T20:04:51.603+09:00 DEBUG 31519 --- [nio-8080-exec-4] org.hibernate.SQL                        : 
    select
        m1_0.id,
        m1_0.managerId,
        m1_0.password,
        m1_0.role,
        m1_0.username,
        m1_0.virtualBalance 
    from
        Member m1_0 
    where
        m1_0.id=?
2026-05-28T20:04:51.603+09:00 TRACE 31519 --- [nio-8080-exec-4] org.hibernate.orm.jdbc.bind              : binding parameter (1:BIGINT) <- [1]
2026-05-28T20:04:51.605+09:00 DEBUG 31519 --- [nio-8080-exec-4] org.hibernate.SQL                        : 
    insert 
    into
        chat_message
        (chat_room_id, content, createdAt, messageType, read, readAt, sender_id, id) 
    values
        (?, ?, ?, ?, ?, ?, ?, default)
2026-05-28T20:04:51.605+09:00 TRACE 31519 --- [nio-8080-exec-4] org.hibernate.orm.jdbc.bind              : binding parameter (1:BIGINT) <- [1]
2026-05-28T20:04:51.605+09:00 TRACE 31519 --- [nio-8080-exec-4] org.hibernate.orm.jdbc.bind              : binding parameter (2:VARCHAR) <- [시발]
2026-05-28T20:04:51.605+09:00 TRACE 31519 --- [nio-8080-exec-4] org.hibernate.orm.jdbc.bind              : binding parameter (3:TIMESTAMP) <- [2026-05-28T20:04:51.605302]
2026-05-28T20:04:51.605+09:00 TRACE 31519 --- [nio-8080-exec-4] org.hibernate.orm.jdbc.bind              : binding parameter (4:ENUM) <- [NORMAL]
2026-05-28T20:04:51.605+09:00 TRACE 31519 --- [nio-8080-exec-4] org.hibernate.orm.jdbc.bind              : binding parameter (5:BOOLEAN) <- [false]
2026-05-28T20:04:51.605+09:00 TRACE 31519 --- [nio-8080-exec-4] org.hibernate.orm.jdbc.bind              : binding parameter (6:TIMESTAMP) <- [null]
2026-05-28T20:04:51.605+09:00 TRACE 31519 --- [nio-8080-exec-4] org.hibernate.orm.jdbc.bind              : binding parameter (7:BIGINT) <- [1]
2026-05-28T20:04:51.606+09:00 DEBUG 31519 --- [nio-8080-exec-4] org.hibernate.SQL                        : 
    select
        m1_0.id,
        m1_0.managerId,
        m1_0.password,
        m1_0.role,
        m1_0.username,
        m1_0.virtualBalance 
    from
        Member m1_0 
    where
        m1_0.id=?
2026-05-28T20:04:51.606+09:00 TRACE 31519 --- [nio-8080-exec-4] org.hibernate.orm.jdbc.bind              : binding parameter (1:BIGINT) <- [2]
2026-05-28T20:04:51.608+09:00 DEBUG 31519 --- [nio-8080-exec-4] org.hibernate.SQL                        : 
    select
        ms1_0.id,
        ms1_0.member_id,
        ms1_0.statusType,
        ms1_0.updatedAt 
    from
        MemberStatus ms1_0 
    where
        ms1_0.member_id=?
2026-05-28T20:04:51.608+09:00 TRACE 31519 --- [nio-8080-exec-4] org.hibernate.orm.jdbc.bind              : binding parameter (1:BIGINT) <- [2]
2026-05-28T20:04:51.608+09:00  INFO 31519 --- [nio-8080-exec-4] com.worksight.api.service.ChatService    : Chat message sent: roomId=1, senderId=1, type=NORMAL, receiverStatus=OFFLINE
2026-05-28T20:04:51.611+09:00  INFO 31519 --- [nio-8080-exec-4] com.worksight.api.service.ChatService    : Chat pushed: event=CHAT_MESSAGE_RECEIVED, receiverId=2, receiverStatus=OFFLINE
2026-05-28T20:04:55.664+09:00 DEBUG 31519 --- [nio-8080-exec-1] org.hibernate.SQL                        : 
    select
        m1_0.id,
        m1_0.managerId,
        m1_0.password,
        m1_0.role,
        m1_0.username,
        m1_0.virtualBalance 
    from
        Member m1_0 
    where
        m1_0.id=?
2026-05-28T20:04:55.664+09:00 TRACE 31519 --- [nio-8080-exec-1] org.hibernate.orm.jdbc.bind              : binding parameter (1:BIGINT) <- [2]
2026-05-28T20:04:55.665+09:00 DEBUG 31519 --- [nio-8080-exec-8] org.hibernate.SQL                        : 
    select
        m1_0.id,
        m1_0.managerId,
        m1_0.password,
        m1_0.role,
        m1_0.username,
        m1_0.virtualBalance 
    from
        Member m1_0 
    where
        m1_0.id=?
2026-05-28T20:04:55.665+09:00 TRACE 31519 --- [nio-8080-exec-8] org.hibernate.orm.jdbc.bind              : binding parameter (1:BIGINT) <- [2]
2026-05-28T20:04:55.665+09:00 DEBUG 31519 --- [nio-8080-exec-1] org.hibernate.SQL                        : 
    select
        m1_0.id,
        m1_0.managerId,
        m1_0.password,
        m1_0.role,
        m1_0.username,
        m1_0.virtualBalance 
    from
        Member m1_0 
    where
        m1_0.managerId=?
2026-05-28T20:04:55.665+09:00 TRACE 31519 --- [nio-8080-exec-1] org.hibernate.orm.jdbc.bind              : binding parameter (1:BIGINT) <- [2]
2026-05-28T20:04:55.666+09:00 DEBUG 31519 --- [nio-8080-exec-8] org.hibernate.SQL                        : 
    select
        m1_0.id,
        m1_0.managerId,
        m1_0.password,
        m1_0.role,
        m1_0.username,
        m1_0.virtualBalance 
    from
        Member m1_0 
    where
        m1_0.managerId=?
2026-05-28T20:04:55.666+09:00 TRACE 31519 --- [nio-8080-exec-8] org.hibernate.orm.jdbc.bind              : binding parameter (1:BIGINT) <- [2]
2026-05-28T20:04:55.673+09:00 DEBUG 31519 --- [nio-8080-exec-9] org.hibernate.SQL                        : 
    select
        m1_0.id,
        m1_0.managerId,
        m1_0.password,
        m1_0.role,
        m1_0.username,
        m1_0.virtualBalance 
    from
        Member m1_0 
    where
        m1_0.id=?
2026-05-28T20:04:55.673+09:00 DEBUG 31519 --- [nio-8080-exec-6] org.hibernate.SQL                        : 
    select
        m1_0.id,
        m1_0.managerId,
        m1_0.password,
        m1_0.role,
        m1_0.username,
        m1_0.virtualBalance 
    from
        Member m1_0 
    where
        m1_0.id=?
2026-05-28T20:04:55.673+09:00 TRACE 31519 --- [nio-8080-exec-9] org.hibernate.orm.jdbc.bind              : binding parameter (1:BIGINT) <- [2]
2026-05-28T20:04:55.673+09:00 TRACE 31519 --- [nio-8080-exec-6] org.hibernate.orm.jdbc.bind              : binding parameter (1:BIGINT) <- [2]
2026-05-28T20:04:55.675+09:00 DEBUG 31519 --- [nio-8080-exec-6] org.hibernate.SQL                        : 
    select
        cr1_0.id,
        cr1_0.createdAt,
        cr1_0.member1_id,
        cr1_0.member2_id 
    from
        chat_room cr1_0 
    where
        cr1_0.member1_id=? 
        or cr1_0.member2_id=?
2026-05-28T20:04:55.675+09:00 DEBUG 31519 --- [nio-8080-exec-9] org.hibernate.SQL                        : 
    select
        cr1_0.id,
        cr1_0.createdAt,
        cr1_0.member1_id,
        cr1_0.member2_id 
    from
        chat_room cr1_0 
    where
        cr1_0.member1_id=? 
        or cr1_0.member2_id=?
2026-05-28T20:04:55.675+09:00 TRACE 31519 --- [nio-8080-exec-9] org.hibernate.orm.jdbc.bind              : binding parameter (1:BIGINT) <- [2]
2026-05-28T20:04:55.675+09:00 TRACE 31519 --- [nio-8080-exec-6] org.hibernate.orm.jdbc.bind              : binding parameter (1:BIGINT) <- [2]
2026-05-28T20:04:55.675+09:00 TRACE 31519 --- [nio-8080-exec-9] org.hibernate.orm.jdbc.bind              : binding parameter (2:BIGINT) <- [2]
2026-05-28T20:04:55.675+09:00 TRACE 31519 --- [nio-8080-exec-6] org.hibernate.orm.jdbc.bind              : binding parameter (2:BIGINT) <- [2]
2026-05-28T20:04:55.676+09:00 DEBUG 31519 --- [nio-8080-exec-6] org.hibernate.SQL                        : 
    select
        m1_0.id,
        m1_0.managerId,
        m1_0.password,
        m1_0.role,
        m1_0.username,
        m1_0.virtualBalance 
    from
        Member m1_0 
    where
        m1_0.id=?
2026-05-28T20:04:55.676+09:00 TRACE 31519 --- [nio-8080-exec-6] org.hibernate.orm.jdbc.bind              : binding parameter (1:BIGINT) <- [1]
2026-05-28T20:04:55.676+09:00 DEBUG 31519 --- [nio-8080-exec-9] org.hibernate.SQL                        : 
    select
        m1_0.id,
        m1_0.managerId,
        m1_0.password,
        m1_0.role,
        m1_0.username,
        m1_0.virtualBalance 
    from
        Member m1_0 
    where
        m1_0.id=?
2026-05-28T20:04:55.676+09:00 TRACE 31519 --- [nio-8080-exec-9] org.hibernate.orm.jdbc.bind              : binding parameter (1:BIGINT) <- [1]
2026-05-28T20:04:55.677+09:00 DEBUG 31519 --- [nio-8080-exec-6] org.hibernate.SQL                        : 
    select
        ms1_0.id,
        ms1_0.member_id,
        ms1_0.statusType,
        ms1_0.updatedAt 
    from
        MemberStatus ms1_0 
    where
        ms1_0.member_id=?
2026-05-28T20:04:55.677+09:00 DEBUG 31519 --- [nio-8080-exec-9] org.hibernate.SQL                        : 
    select
        ms1_0.id,
        ms1_0.member_id,
        ms1_0.statusType,
        ms1_0.updatedAt 
    from
        MemberStatus ms1_0 
    where
        ms1_0.member_id=?
2026-05-28T20:04:55.677+09:00 TRACE 31519 --- [nio-8080-exec-6] org.hibernate.orm.jdbc.bind              : binding parameter (1:BIGINT) <- [1]
2026-05-28T20:04:55.677+09:00 TRACE 31519 --- [nio-8080-exec-9] org.hibernate.orm.jdbc.bind              : binding parameter (1:BIGINT) <- [1]
2026-05-28T20:04:55.678+09:00 DEBUG 31519 --- [nio-8080-exec-9] org.hibernate.SQL                        : 
    select
        cm1_0.id,
        cm1_0.chat_room_id,
        cm1_0.content,
        cm1_0.createdAt,
        cm1_0.messageType,
        cm1_0.read,
        cm1_0.readAt,
        cm1_0.sender_id 
    from
        chat_message cm1_0 
    where
        cm1_0.chat_room_id=? 
    order by
        cm1_0.createdAt desc 
    fetch
        first ? rows only
2026-05-28T20:04:55.678+09:00 DEBUG 31519 --- [nio-8080-exec-6] org.hibernate.SQL                        : 
    select
        cm1_0.id,
        cm1_0.chat_room_id,
        cm1_0.content,
        cm1_0.createdAt,
        cm1_0.messageType,
        cm1_0.read,
        cm1_0.readAt,
        cm1_0.sender_id 
    from
        chat_message cm1_0 
    where
        cm1_0.chat_room_id=? 
    order by
        cm1_0.createdAt desc 
    fetch
        first ? rows only
2026-05-28T20:04:55.678+09:00 TRACE 31519 --- [nio-8080-exec-9] org.hibernate.orm.jdbc.bind              : binding parameter (1:BIGINT) <- [1]
2026-05-28T20:04:55.678+09:00 TRACE 31519 --- [nio-8080-exec-9] org.hibernate.orm.jdbc.bind              : binding parameter (2:INTEGER) <- [1]
2026-05-28T20:04:55.678+09:00 TRACE 31519 --- [nio-8080-exec-6] org.hibernate.orm.jdbc.bind              : binding parameter (1:BIGINT) <- [1]
2026-05-28T20:04:55.678+09:00 TRACE 31519 --- [nio-8080-exec-6] org.hibernate.orm.jdbc.bind              : binding parameter (2:INTEGER) <- [1]
2026-05-28T20:04:55.679+09:00 DEBUG 31519 --- [nio-8080-exec-9] org.hibernate.SQL                        : 
    select
        count(cm1_0.id) 
    from
        chat_message cm1_0 
    where
        cm1_0.chat_room_id=? 
        and cm1_0.sender_id<>? 
        and cm1_0.read=false
2026-05-28T20:04:55.679+09:00 DEBUG 31519 --- [nio-8080-exec-6] org.hibernate.SQL                        : 
    select
        count(cm1_0.id) 
    from
        chat_message cm1_0 
    where
        cm1_0.chat_room_id=? 
        and cm1_0.sender_id<>? 
        and cm1_0.read=false
2026-05-28T20:04:55.680+09:00 TRACE 31519 --- [nio-8080-exec-9] org.hibernate.orm.jdbc.bind              : binding parameter (1:BIGINT) <- [1]
2026-05-28T20:04:55.680+09:00 TRACE 31519 --- [nio-8080-exec-9] org.hibernate.orm.jdbc.bind              : binding parameter (2:BIGINT) <- [2]
2026-05-28T20:04:55.680+09:00 TRACE 31519 --- [nio-8080-exec-6] org.hibernate.orm.jdbc.bind              : binding parameter (1:BIGINT) <- [1]
2026-05-28T20:04:55.680+09:00 TRACE 31519 --- [nio-8080-exec-6] org.hibernate.orm.jdbc.bind              : binding parameter (2:BIGINT) <- [2]
2026-05-28T20:04:55.689+09:00 DEBUG 31519 --- [nio-8080-exec-1] org.hibernate.SQL                        : 
    select
        m1_0.id,
        m1_0.managerId,
        m1_0.password,
        m1_0.role,
        m1_0.username,
        m1_0.virtualBalance 
    from
        Member m1_0 
    where
        m1_0.id=?
2026-05-28T20:04:55.689+09:00 TRACE 31519 --- [nio-8080-exec-1] org.hibernate.orm.jdbc.bind              : binding parameter (1:BIGINT) <- [2]
2026-05-28T20:04:55.689+09:00 DEBUG 31519 --- [io-8080-exec-10] org.hibernate.SQL                        : 
    select
        m1_0.id,
        m1_0.managerId,
        m1_0.password,
        m1_0.role,
        m1_0.username,
        m1_0.virtualBalance 
    from
        Member m1_0 
    where
        m1_0.id=?
2026-05-28T20:04:55.689+09:00 TRACE 31519 --- [io-8080-exec-10] org.hibernate.orm.jdbc.bind              : binding parameter (1:BIGINT) <- [2]
2026-05-28T20:04:55.690+09:00 DEBUG 31519 --- [io-8080-exec-10] org.hibernate.SQL                        : 
    select
        m1_0.id,
        m1_0.managerId,
        m1_0.password,
        m1_0.role,
        m1_0.username,
        m1_0.virtualBalance 
    from
        Member m1_0 
    where
        m1_0.id=?
2026-05-28T20:04:55.690+09:00 TRACE 31519 --- [io-8080-exec-10] org.hibernate.orm.jdbc.bind              : binding parameter (1:BIGINT) <- [1]
2026-05-28T20:04:55.690+09:00 DEBUG 31519 --- [nio-8080-exec-1] org.hibernate.SQL                        : 
    select
        m1_0.id,
        m1_0.managerId,
        m1_0.password,
        m1_0.role,
        m1_0.username,
        m1_0.virtualBalance 
    from
        Member m1_0 
    where
        m1_0.id=?
2026-05-28T20:04:55.690+09:00 TRACE 31519 --- [nio-8080-exec-1] org.hibernate.orm.jdbc.bind              : binding parameter (1:BIGINT) <- [1]
2026-05-28T20:04:55.690+09:00 DEBUG 31519 --- [io-8080-exec-10] org.hibernate.SQL                        : 
    select
        cr1_0.id,
        cr1_0.createdAt,
        cr1_0.member1_id,
        cr1_0.member2_id 
    from
        chat_room cr1_0 
    where
        cr1_0.member1_id=? 
        and cr1_0.member2_id=?
2026-05-28T20:04:55.690+09:00 TRACE 31519 --- [io-8080-exec-10] org.hibernate.orm.jdbc.bind              : binding parameter (1:BIGINT) <- [1]
2026-05-28T20:04:55.690+09:00 TRACE 31519 --- [io-8080-exec-10] org.hibernate.orm.jdbc.bind              : binding parameter (2:BIGINT) <- [2]
2026-05-28T20:04:55.690+09:00 DEBUG 31519 --- [nio-8080-exec-1] org.hibernate.SQL                        : 
    select
        cr1_0.id,
        cr1_0.createdAt,
        cr1_0.member1_id,
        cr1_0.member2_id 
    from
        chat_room cr1_0 
    where
        cr1_0.member1_id=? 
        and cr1_0.member2_id=?
2026-05-28T20:04:55.690+09:00 TRACE 31519 --- [nio-8080-exec-1] org.hibernate.orm.jdbc.bind              : binding parameter (1:BIGINT) <- [1]
2026-05-28T20:04:55.690+09:00 TRACE 31519 --- [nio-8080-exec-1] org.hibernate.orm.jdbc.bind              : binding parameter (2:BIGINT) <- [2]
2026-05-28T20:04:55.691+09:00 DEBUG 31519 --- [io-8080-exec-10] org.hibernate.SQL                        : 
    update
        chat_message cm1_0 
    set
        read=true,
        readAt=localtimestamp 
    where
        cm1_0.chat_room_id=? 
        and cm1_0.sender_id<>? 
        and cm1_0.read=false
2026-05-28T20:04:55.691+09:00 DEBUG 31519 --- [nio-8080-exec-1] org.hibernate.SQL                        : 
    update
        chat_message cm1_0 
    set
        read=true,
        readAt=localtimestamp 
    where
        cm1_0.chat_room_id=? 
        and cm1_0.sender_id<>? 
        and cm1_0.read=false
2026-05-28T20:04:55.691+09:00 TRACE 31519 --- [io-8080-exec-10] org.hibernate.orm.jdbc.bind              : binding parameter (1:BIGINT) <- [1]
2026-05-28T20:04:55.691+09:00 TRACE 31519 --- [io-8080-exec-10] org.hibernate.orm.jdbc.bind              : binding parameter (2:BIGINT) <- [2]
2026-05-28T20:04:55.691+09:00 TRACE 31519 --- [nio-8080-exec-1] org.hibernate.orm.jdbc.bind              : binding parameter (1:BIGINT) <- [1]
2026-05-28T20:04:55.691+09:00 TRACE 31519 --- [nio-8080-exec-1] org.hibernate.orm.jdbc.bind              : binding parameter (2:BIGINT) <- [2]
2026-05-28T20:04:55.692+09:00 DEBUG 31519 --- [io-8080-exec-10] org.hibernate.SQL                        : 
    select
        cm1_0.id,
        cm1_0.chat_room_id,
        cm1_0.content,
        cm1_0.createdAt,
        cm1_0.messageType,
        cm1_0.read,
        cm1_0.readAt,
        cm1_0.sender_id 
    from
        chat_message cm1_0 
    where
        cm1_0.chat_room_id=? 
    order by
        cm1_0.createdAt desc 
    fetch
        first ? rows only
2026-05-28T20:04:55.693+09:00 TRACE 31519 --- [io-8080-exec-10] org.hibernate.orm.jdbc.bind              : binding parameter (1:BIGINT) <- [1]
2026-05-28T20:04:55.693+09:00 TRACE 31519 --- [io-8080-exec-10] org.hibernate.orm.jdbc.bind              : binding parameter (2:INTEGER) <- [50]
2026-05-28T20:04:55.694+09:00 DEBUG 31519 --- [io-8080-exec-10] org.hibernate.SQL                        : 
    select
        ms1_0.id,
        ms1_0.member_id,
        ms1_0.statusType,
        ms1_0.updatedAt 
    from
        MemberStatus ms1_0 
    where
        ms1_0.member_id=?
2026-05-28T20:04:55.694+09:00 TRACE 31519 --- [io-8080-exec-10] org.hibernate.orm.jdbc.bind              : binding parameter (1:BIGINT) <- [1]
2026-05-28T20:04:55.695+09:00 DEBUG 31519 --- [nio-8080-exec-1] org.hibernate.SQL                        : 
    select
        cm1_0.id,
        cm1_0.chat_room_id,
        cm1_0.content,
        cm1_0.createdAt,
        cm1_0.messageType,
        cm1_0.read,
        cm1_0.readAt,
        cm1_0.sender_id 
    from
        chat_message cm1_0 
    where
        cm1_0.chat_room_id=? 
    order by
        cm1_0.createdAt desc 
    fetch
        first ? rows only
2026-05-28T20:04:55.695+09:00 TRACE 31519 --- [nio-8080-exec-1] org.hibernate.orm.jdbc.bind              : binding parameter (1:BIGINT) <- [1]
2026-05-28T20:04:55.695+09:00 TRACE 31519 --- [nio-8080-exec-1] org.hibernate.orm.jdbc.bind              : binding parameter (2:INTEGER) <- [50]
2026-05-28T20:04:55.696+09:00 DEBUG 31519 --- [nio-8080-exec-1] org.hibernate.SQL                        : 
    select
        ms1_0.id,
        ms1_0.member_id,
        ms1_0.statusType,
        ms1_0.updatedAt 
    from
        MemberStatus ms1_0 
    where
        ms1_0.member_id=?
2026-05-28T20:04:55.696+09:00 TRACE 31519 --- [nio-8080-exec-1] org.hibernate.orm.jdbc.bind              : binding parameter (1:BIGINT) <- [1]
2026-05-28T20:04:55.700+09:00 DEBUG 31519 --- [nio-8080-exec-5] org.hibernate.SQL                        : 
    select
        m1_0.id,
        m1_0.managerId,
        m1_0.password,
        m1_0.role,
        m1_0.username,
        m1_0.virtualBalance 
    from
        Member m1_0 
    where
        m1_0.id=?
2026-05-28T20:04:55.700+09:00 TRACE 31519 --- [nio-8080-exec-5] org.hibernate.orm.jdbc.bind              : binding parameter (1:BIGINT) <- [2]
2026-05-28T20:04:55.701+09:00 DEBUG 31519 --- [nio-8080-exec-5] org.hibernate.SQL                        : 
    select
        m1_0.id,
        m1_0.managerId,
        m1_0.password,
        m1_0.role,
        m1_0.username,
        m1_0.virtualBalance 
    from
        Member m1_0 
    where
        m1_0.id=?
2026-05-28T20:04:55.701+09:00 TRACE 31519 --- [nio-8080-exec-5] org.hibernate.orm.jdbc.bind              : binding parameter (1:BIGINT) <- [1]
2026-05-28T20:04:55.701+09:00 DEBUG 31519 --- [nio-8080-exec-4] org.hibernate.SQL                        : 
    select
        m1_0.id,
        m1_0.managerId,
        m1_0.password,
        m1_0.role,
        m1_0.username,
        m1_0.virtualBalance 
    from
        Member m1_0 
    where
        m1_0.id=?
2026-05-28T20:04:55.701+09:00 TRACE 31519 --- [nio-8080-exec-4] org.hibernate.orm.jdbc.bind              : binding parameter (1:BIGINT) <- [2]
2026-05-28T20:04:55.702+09:00 DEBUG 31519 --- [nio-8080-exec-4] org.hibernate.SQL                        : 
    select
        m1_0.id,
        m1_0.managerId,
        m1_0.password,
        m1_0.role,
        m1_0.username,
        m1_0.virtualBalance 
    from
        Member m1_0 
    where
        m1_0.id=?
2026-05-28T20:04:55.702+09:00 TRACE 31519 --- [nio-8080-exec-4] org.hibernate.orm.jdbc.bind              : binding parameter (1:BIGINT) <- [1]
2026-05-28T20:04:55.702+09:00 DEBUG 31519 --- [nio-8080-exec-5] org.hibernate.SQL                        : 
    select
        ms1_0.id,
        ms1_0.member_id,
        ms1_0.statusType,
        ms1_0.updatedAt 
    from
        MemberStatus ms1_0 
    where
        ms1_0.member_id=?
2026-05-28T20:04:55.702+09:00 TRACE 31519 --- [nio-8080-exec-5] org.hibernate.orm.jdbc.bind              : binding parameter (1:BIGINT) <- [1]
2026-05-28T20:04:55.702+09:00 DEBUG 31519 --- [nio-8080-exec-4] org.hibernate.SQL                        : 
    select
        ms1_0.id,
        ms1_0.member_id,
        ms1_0.statusType,
        ms1_0.updatedAt 
    from
        MemberStatus ms1_0 
    where
        ms1_0.member_id=?
2026-05-28T20:04:55.702+09:00 TRACE 31519 --- [nio-8080-exec-4] org.hibernate.orm.jdbc.bind              : binding parameter (1:BIGINT) <- [1]
2026-05-28T20:04:55.708+09:00 DEBUG 31519 --- [nio-8080-exec-3] org.hibernate.SQL                        : 
    select
        m1_0.id,
        m1_0.managerId,
        m1_0.password,
        m1_0.role,
        m1_0.username,
        m1_0.virtualBalance 
    from
        Member m1_0 
    where
        m1_0.id=?
2026-05-28T20:04:55.708+09:00 TRACE 31519 --- [nio-8080-exec-3] org.hibernate.orm.jdbc.bind              : binding parameter (1:BIGINT) <- [2]
2026-05-28T20:04:55.708+09:00 DEBUG 31519 --- [nio-8080-exec-3] org.hibernate.SQL                        : 
    select
        cr1_0.id,
        cr1_0.createdAt,
        cr1_0.member1_id,
        cr1_0.member2_id 
    from
        chat_room cr1_0 
    where
        cr1_0.id=?
2026-05-28T20:04:55.708+09:00 TRACE 31519 --- [nio-8080-exec-3] org.hibernate.orm.jdbc.bind              : binding parameter (1:BIGINT) <- [1]
2026-05-28T20:04:55.709+09:00 DEBUG 31519 --- [nio-8080-exec-3] org.hibernate.SQL                        : 
    update
        chat_message cm1_0 
    set
        read=true,
        readAt=localtimestamp 
    where
        cm1_0.chat_room_id=? 
        and cm1_0.sender_id<>? 
        and cm1_0.read=false
2026-05-28T20:04:55.709+09:00 TRACE 31519 --- [nio-8080-exec-3] org.hibernate.orm.jdbc.bind              : binding parameter (1:BIGINT) <- [1]
2026-05-28T20:04:55.709+09:00 TRACE 31519 --- [nio-8080-exec-3] org.hibernate.orm.jdbc.bind              : binding parameter (2:BIGINT) <- [2]
2026-05-28T20:04:55.709+09:00 DEBUG 31519 --- [nio-8080-exec-6] org.hibernate.SQL                        : 
    select
        m1_0.id,
        m1_0.managerId,
        m1_0.password,
        m1_0.role,
        m1_0.username,
        m1_0.virtualBalance 
    from
        Member m1_0 
    where
        m1_0.id=?
2026-05-28T20:04:55.709+09:00 TRACE 31519 --- [nio-8080-exec-6] org.hibernate.orm.jdbc.bind              : binding parameter (1:BIGINT) <- [2]
2026-05-28T20:04:55.710+09:00 DEBUG 31519 --- [nio-8080-exec-6] org.hibernate.SQL                        : 
    select
        cr1_0.id,
        cr1_0.createdAt,
        cr1_0.member1_id,
        cr1_0.member2_id 
    from
        chat_room cr1_0 
    where
        cr1_0.id=?
2026-05-28T20:04:55.710+09:00 TRACE 31519 --- [nio-8080-exec-6] org.hibernate.orm.jdbc.bind              : binding parameter (1:BIGINT) <- [1]
2026-05-28T20:04:55.710+09:00 DEBUG 31519 --- [nio-8080-exec-6] org.hibernate.SQL                        : 
    update
        chat_message cm1_0 
    set
        read=true,
        readAt=localtimestamp 
    where
        cm1_0.chat_room_id=? 
        and cm1_0.sender_id<>? 
        and cm1_0.read=false
2026-05-28T20:04:55.710+09:00 TRACE 31519 --- [nio-8080-exec-6] org.hibernate.orm.jdbc.bind              : binding parameter (1:BIGINT) <- [1]
2026-05-28T20:04:55.710+09:00 TRACE 31519 --- [nio-8080-exec-6] org.hibernate.orm.jdbc.bind              : binding parameter (2:BIGINT) <- [2]
2026-05-28T20:04:58.131+09:00 DEBUG 31519 --- [nio-8080-exec-9] org.hibernate.SQL                        : 
    select
        m1_0.id,
        m1_0.managerId,
        m1_0.password,
        m1_0.role,
        m1_0.username,
        m1_0.virtualBalance 
    from
        Member m1_0 
    where
        m1_0.id=?
2026-05-28T20:04:58.131+09:00 TRACE 31519 --- [nio-8080-exec-9] org.hibernate.orm.jdbc.bind              : binding parameter (1:BIGINT) <- [2]
2026-05-28T20:04:58.133+09:00 DEBUG 31519 --- [nio-8080-exec-9] org.hibernate.SQL                        : 
    select
        cr1_0.id,
        cr1_0.createdAt,
        cr1_0.member1_id,
        cr1_0.member2_id 
    from
        chat_room cr1_0 
    where
        cr1_0.id=?
2026-05-28T20:04:58.133+09:00 TRACE 31519 --- [nio-8080-exec-9] org.hibernate.orm.jdbc.bind              : binding parameter (1:BIGINT) <- [1]
2026-05-28T20:04:58.133+09:00 DEBUG 31519 --- [nio-8080-exec-9] org.hibernate.SQL                        : 
    select
        m1_0.id,
        m1_0.managerId,
        m1_0.password,
        m1_0.role,
        m1_0.username,
        m1_0.virtualBalance 
    from
        Member m1_0 
    where
        m1_0.id=?
2026-05-28T20:04:58.133+09:00 TRACE 31519 --- [nio-8080-exec-9] org.hibernate.orm.jdbc.bind              : binding parameter (1:BIGINT) <- [2]
2026-05-28T20:04:58.134+09:00 DEBUG 31519 --- [nio-8080-exec-9] org.hibernate.SQL                        : 
    insert 
    into
        chat_message
        (chat_room_id, content, createdAt, messageType, read, readAt, sender_id, id) 
    values
        (?, ?, ?, ?, ?, ?, ?, default)
2026-05-28T20:04:58.134+09:00 TRACE 31519 --- [nio-8080-exec-9] org.hibernate.orm.jdbc.bind              : binding parameter (1:BIGINT) <- [1]
2026-05-28T20:04:58.134+09:00 TRACE 31519 --- [nio-8080-exec-9] org.hibernate.orm.jdbc.bind              : binding parameter (2:VARCHAR) <- [개새끼]
2026-05-28T20:04:58.134+09:00 TRACE 31519 --- [nio-8080-exec-9] org.hibernate.orm.jdbc.bind              : binding parameter (3:TIMESTAMP) <- [2026-05-28T20:04:58.133847]
2026-05-28T20:04:58.134+09:00 TRACE 31519 --- [nio-8080-exec-9] org.hibernate.orm.jdbc.bind              : binding parameter (4:ENUM) <- [NORMAL]
2026-05-28T20:04:58.134+09:00 TRACE 31519 --- [nio-8080-exec-9] org.hibernate.orm.jdbc.bind              : binding parameter (5:BOOLEAN) <- [false]
2026-05-28T20:04:58.134+09:00 TRACE 31519 --- [nio-8080-exec-9] org.hibernate.orm.jdbc.bind              : binding parameter (6:TIMESTAMP) <- [null]
2026-05-28T20:04:58.134+09:00 TRACE 31519 --- [nio-8080-exec-9] org.hibernate.orm.jdbc.bind              : binding parameter (7:BIGINT) <- [2]
2026-05-28T20:04:58.135+09:00 DEBUG 31519 --- [nio-8080-exec-9] org.hibernate.SQL                        : 
    select
        m1_0.id,
        m1_0.managerId,
        m1_0.password,
        m1_0.role,
        m1_0.username,
        m1_0.virtualBalance 
    from
        Member m1_0 
    where
        m1_0.id=?
2026-05-28T20:04:58.135+09:00 TRACE 31519 --- [nio-8080-exec-9] org.hibernate.orm.jdbc.bind              : binding parameter (1:BIGINT) <- [1]
2026-05-28T20:04:58.136+09:00 DEBUG 31519 --- [nio-8080-exec-9] org.hibernate.SQL                        : 
    select
        ms1_0.id,
        ms1_0.member_id,
        ms1_0.statusType,
        ms1_0.updatedAt 
    from
        MemberStatus ms1_0 
    where
        ms1_0.member_id=?
2026-05-28T20:04:58.136+09:00 TRACE 31519 --- [nio-8080-exec-9] org.hibernate.orm.jdbc.bind              : binding parameter (1:BIGINT) <- [1]
2026-05-28T20:04:58.137+09:00  INFO 31519 --- [nio-8080-exec-9] com.worksight.api.service.ChatService    : Chat message sent: roomId=1, senderId=2, type=NORMAL, receiverStatus=WORKING
2026-05-28T20:04:58.138+09:00  INFO 31519 --- [nio-8080-exec-9] com.worksight.api.service.ChatService    : Chat pushed: event=CHAT_MESSAGE_RECEIVED, receiverId=1, receiverStatus=WORKING
2026-05-28T20:04:58.209+09:00  INFO 31519 --- [MessageBroker-6] o.s.w.s.c.WebSocketMessageBrokerStats    : WebSocketSession[2 current WS(2)-HttpStream(0)-HttpPoll(0), 20 total, 0 closed abnormally (0 connect failure, 0 send limit, 0 transport error)], stompSubProtocol[processed CONNECT(20)-CONNECTED(20)-DISCONNECT(13)], stompBrokerRelay[null], inboundChannel[pool size = 30, active threads = 0, queued tasks = 0, completed tasks = 267], outboundChannel[pool size = 30, active threads = 0, queued tasks = 0, completed tasks = 68], sockJsScheduler[pool size = 15, active threads = 1, queued tasks = 3, completed tasks = 14]
2026-05-28T20:06:39.708+09:00 DEBUG 31519 --- [nio-8080-exec-7] org.hibernate.SQL                        : 
    select
        m1_0.id,
        m1_0.managerId,
        m1_0.password,
        m1_0.role,
        m1_0.username,
        m1_0.virtualBalance 
    from
        Member m1_0 
    where
        m1_0.id=?
2026-05-28T20:06:39.708+09:00 TRACE 31519 --- [nio-8080-exec-7] org.hibernate.orm.jdbc.bind              : binding parameter (1:BIGINT) <- [1]
2026-05-28T20:06:39.710+09:00 DEBUG 31519 --- [nio-8080-exec-7] org.hibernate.SQL                        : 
    select
        cr1_0.id,
        cr1_0.createdAt,
        cr1_0.member1_id,
        cr1_0.member2_id 
    from
        chat_room cr1_0 
    where
        cr1_0.id=?
2026-05-28T20:06:39.710+09:00 TRACE 31519 --- [nio-8080-exec-7] org.hibernate.orm.jdbc.bind              : binding parameter (1:BIGINT) <- [1]
2026-05-28T20:06:39.711+09:00 DEBUG 31519 --- [nio-8080-exec-7] org.hibernate.SQL                        : 
    select
        m1_0.id,
        m1_0.managerId,
        m1_0.password,
        m1_0.role,
        m1_0.username,
        m1_0.virtualBalance 
    from
        Member m1_0 
    where
        m1_0.id=?
2026-05-28T20:06:39.711+09:00 TRACE 31519 --- [nio-8080-exec-7] org.hibernate.orm.jdbc.bind              : binding parameter (1:BIGINT) <- [1]
2026-05-28T20:06:39.711+09:00 DEBUG 31519 --- [nio-8080-exec-7] org.hibernate.SQL                        : 
    insert 
    into
        chat_message
        (chat_room_id, content, createdAt, messageType, read, readAt, sender_id, id) 
    values
        (?, ?, ?, ?, ?, ?, ?, default)
2026-05-28T20:06:39.711+09:00 TRACE 31519 --- [nio-8080-exec-7] org.hibernate.orm.jdbc.bind              : binding parameter (1:BIGINT) <- [1]
2026-05-28T20:06:39.711+09:00 TRACE 31519 --- [nio-8080-exec-7] org.hibernate.orm.jdbc.bind              : binding parameter (2:VARCHAR) <- [씨발 기획자]
2026-05-28T20:06:39.712+09:00 TRACE 31519 --- [nio-8080-exec-7] org.hibernate.orm.jdbc.bind              : binding parameter (3:TIMESTAMP) <- [2026-05-28T20:06:39.711671]
2026-05-28T20:06:39.712+09:00 TRACE 31519 --- [nio-8080-exec-7] org.hibernate.orm.jdbc.bind              : binding parameter (4:ENUM) <- [NORMAL]
2026-05-28T20:06:39.712+09:00 TRACE 31519 --- [nio-8080-exec-7] org.hibernate.orm.jdbc.bind              : binding parameter (5:BOOLEAN) <- [false]
2026-05-28T20:06:39.712+09:00 TRACE 31519 --- [nio-8080-exec-7] org.hibernate.orm.jdbc.bind              : binding parameter (6:TIMESTAMP) <- [null]
2026-05-28T20:06:39.712+09:00 TRACE 31519 --- [nio-8080-exec-7] org.hibernate.orm.jdbc.bind              : binding parameter (7:BIGINT) <- [1]
2026-05-28T20:06:39.712+09:00 DEBUG 31519 --- [nio-8080-exec-7] org.hibernate.SQL                        : 
    select
        m1_0.id,
        m1_0.managerId,
        m1_0.password,
        m1_0.role,
        m1_0.username,
        m1_0.virtualBalance 
    from
        Member m1_0 
    where
        m1_0.id=?
2026-05-28T20:06:39.712+09:00 TRACE 31519 --- [nio-8080-exec-7] org.hibernate.orm.jdbc.bind              : binding parameter (1:BIGINT) <- [2]
2026-05-28T20:06:39.715+09:00 DEBUG 31519 --- [nio-8080-exec-7] org.hibernate.SQL                        : 
    select
        ms1_0.id,
        ms1_0.member_id,
        ms1_0.statusType,
        ms1_0.updatedAt 
    from
        MemberStatus ms1_0 
    where
        ms1_0.member_id=?
2026-05-28T20:06:39.715+09:00 TRACE 31519 --- [nio-8080-exec-7] org.hibernate.orm.jdbc.bind              : binding parameter (1:BIGINT) <- [2]
2026-05-28T20:06:39.715+09:00  INFO 31519 --- [nio-8080-exec-7] com.worksight.api.service.ChatService    : Chat message sent: roomId=1, senderId=1, type=NORMAL, receiverStatus=OFFLINE
2026-05-28T20:06:39.716+09:00  INFO 31519 --- [nio-8080-exec-7] com.worksight.api.service.ChatService    : Chat pushed: event=CHAT_MESSAGE_RECEIVED, receiverId=2, receiverStatus=OFFLINE
2026-05-28T20:06:50.309+09:00 DEBUG 31519 --- [nio-8080-exec-8] org.hibernate.SQL                        : 
    select
        m1_0.id,
        m1_0.managerId,
        m1_0.password,
        m1_0.role,
        m1_0.username,
        m1_0.virtualBalance 
    from
        Member m1_0 
    where
        m1_0.id=?
2026-05-28T20:06:50.309+09:00 TRACE 31519 --- [nio-8080-exec-8] org.hibernate.orm.jdbc.bind              : binding parameter (1:BIGINT) <- [2]
2026-05-28T20:06:50.311+09:00 DEBUG 31519 --- [nio-8080-exec-8] org.hibernate.SQL                        : 
    select
        cr1_0.id,
        cr1_0.createdAt,
        cr1_0.member1_id,
        cr1_0.member2_id 
    from
        chat_room cr1_0 
    where
        cr1_0.id=?
2026-05-28T20:06:50.311+09:00 TRACE 31519 --- [nio-8080-exec-8] org.hibernate.orm.jdbc.bind              : binding parameter (1:BIGINT) <- [1]
2026-05-28T20:06:50.312+09:00 DEBUG 31519 --- [nio-8080-exec-8] org.hibernate.SQL                        : 
    select
        m1_0.id,
        m1_0.managerId,
        m1_0.password,
        m1_0.role,
        m1_0.username,
        m1_0.virtualBalance 
    from
        Member m1_0 
    where
        m1_0.id=?
2026-05-28T20:06:50.312+09:00 TRACE 31519 --- [nio-8080-exec-8] org.hibernate.orm.jdbc.bind              : binding parameter (1:BIGINT) <- [2]
2026-05-28T20:06:50.312+09:00 DEBUG 31519 --- [nio-8080-exec-8] org.hibernate.SQL                        : 
    insert 
    into
        chat_message
        (chat_room_id, content, createdAt, messageType, read, readAt, sender_id, id) 
    values
        (?, ?, ?, ?, ?, ?, ?, default)
2026-05-28T20:06:50.312+09:00 TRACE 31519 --- [nio-8080-exec-8] org.hibernate.orm.jdbc.bind              : binding parameter (1:BIGINT) <- [1]
2026-05-28T20:06:50.312+09:00 TRACE 31519 --- [nio-8080-exec-8] org.hibernate.orm.jdbc.bind              : binding parameter (2:VARCHAR) <- [뭐 씨발]
2026-05-28T20:06:50.312+09:00 TRACE 31519 --- [nio-8080-exec-8] org.hibernate.orm.jdbc.bind              : binding parameter (3:TIMESTAMP) <- [2026-05-28T20:06:50.312497]
2026-05-28T20:06:50.312+09:00 TRACE 31519 --- [nio-8080-exec-8] org.hibernate.orm.jdbc.bind              : binding parameter (4:ENUM) <- [NORMAL]
2026-05-28T20:06:50.313+09:00 TRACE 31519 --- [nio-8080-exec-8] org.hibernate.orm.jdbc.bind              : binding parameter (5:BOOLEAN) <- [false]
2026-05-28T20:06:50.313+09:00 TRACE 31519 --- [nio-8080-exec-8] org.hibernate.orm.jdbc.bind              : binding parameter (6:TIMESTAMP) <- [null]
2026-05-28T20:06:50.313+09:00 TRACE 31519 --- [nio-8080-exec-8] org.hibernate.orm.jdbc.bind              : binding parameter (7:BIGINT) <- [2]
2026-05-28T20:06:50.313+09:00 DEBUG 31519 --- [nio-8080-exec-8] org.hibernate.SQL                        : 
    select
        m1_0.id,
        m1_0.managerId,
        m1_0.password,
        m1_0.role,
        m1_0.username,
        m1_0.virtualBalance 
    from
        Member m1_0 
    where
        m1_0.id=?
2026-05-28T20:06:50.313+09:00 TRACE 31519 --- [nio-8080-exec-8] org.hibernate.orm.jdbc.bind              : binding parameter (1:BIGINT) <- [1]
2026-05-28T20:06:50.315+09:00 DEBUG 31519 --- [nio-8080-exec-8] org.hibernate.SQL                        : 
    select
        ms1_0.id,
        ms1_0.member_id,
        ms1_0.statusType,
        ms1_0.updatedAt 
    from
        MemberStatus ms1_0 
    where
        ms1_0.member_id=?
2026-05-28T20:06:50.315+09:00 TRACE 31519 --- [nio-8080-exec-8] org.hibernate.orm.jdbc.bind              : binding parameter (1:BIGINT) <- [1]
2026-05-28T20:06:50.316+09:00  INFO 31519 --- [nio-8080-exec-8] com.worksight.api.service.ChatService    : Chat message sent: roomId=1, senderId=2, type=NORMAL, receiverStatus=WORKING
2026-05-28T20:06:50.317+09:00  INFO 31519 --- [nio-8080-exec-8] com.worksight.api.service.ChatService    : Chat pushed: event=CHAT_MESSAGE_RECEIVED, receiverId=1, receiverStatus=WORKING
2026-05-28T20:06:54.958+09:00 DEBUG 31519 --- [io-8080-exec-10] org.hibernate.SQL                        : 
    select
        m1_0.id,
        m1_0.managerId,
        m1_0.password,
        m1_0.role,
        m1_0.username,
        m1_0.virtualBalance 
    from
        Member m1_0 
    where
        m1_0.id=?
2026-05-28T20:06:54.958+09:00 TRACE 31519 --- [io-8080-exec-10] org.hibernate.orm.jdbc.bind              : binding parameter (1:BIGINT) <- [1]
2026-05-28T20:06:54.959+09:00 DEBUG 31519 --- [io-8080-exec-10] org.hibernate.SQL                        : 
    select
        m1_0.id,
        m1_0.managerId,
        m1_0.password,
        m1_0.role,
        m1_0.username,
        m1_0.virtualBalance 
    from
        Member m1_0 
    where
        m1_0.id=?
2026-05-28T20:06:54.959+09:00 TRACE 31519 --- [io-8080-exec-10] org.hibernate.orm.jdbc.bind              : binding parameter (1:BIGINT) <- [2]
2026-05-28T20:06:54.964+09:00 DEBUG 31519 --- [nio-8080-exec-4] org.hibernate.SQL                        : 
    select
        m1_0.id,
        m1_0.managerId,
        m1_0.password,
        m1_0.role,
        m1_0.username,
        m1_0.virtualBalance 
    from
        Member m1_0 
    where
        m1_0.id=?
2026-05-28T20:06:54.964+09:00 TRACE 31519 --- [nio-8080-exec-4] org.hibernate.orm.jdbc.bind              : binding parameter (1:BIGINT) <- [1]
2026-05-28T20:06:54.964+09:00 DEBUG 31519 --- [nio-8080-exec-3] org.hibernate.SQL                        : 
    select
        m1_0.id,
        m1_0.managerId,
        m1_0.password,
        m1_0.role,
        m1_0.username,
        m1_0.virtualBalance 
    from
        Member m1_0 
    where
        m1_0.id=?
2026-05-28T20:06:54.965+09:00 TRACE 31519 --- [nio-8080-exec-3] org.hibernate.orm.jdbc.bind              : binding parameter (1:BIGINT) <- [1]
2026-05-28T20:06:54.965+09:00 DEBUG 31519 --- [nio-8080-exec-4] org.hibernate.SQL                        : 
    select
        m1_0.id,
        m1_0.managerId,
        m1_0.password,
        m1_0.role,
        m1_0.username,
        m1_0.virtualBalance 
    from
        Member m1_0 
    where
        m1_0.id=?
2026-05-28T20:06:54.965+09:00 TRACE 31519 --- [nio-8080-exec-4] org.hibernate.orm.jdbc.bind              : binding parameter (1:BIGINT) <- [2]
2026-05-28T20:06:54.966+09:00 DEBUG 31519 --- [nio-8080-exec-3] org.hibernate.SQL                        : 
    select
        m1_0.id,
        m1_0.managerId,
        m1_0.password,
        m1_0.role,
        m1_0.username,
        m1_0.virtualBalance 
    from
        Member m1_0 
    where
        m1_0.managerId=?
2026-05-28T20:06:54.966+09:00 TRACE 31519 --- [nio-8080-exec-3] org.hibernate.orm.jdbc.bind              : binding parameter (1:BIGINT) <- [2]
2026-05-28T20:06:54.969+09:00 DEBUG 31519 --- [nio-8080-exec-7] org.hibernate.SQL                        : 
    select
        m1_0.id,
        m1_0.managerId,
        m1_0.password,
        m1_0.role,
        m1_0.username,
        m1_0.virtualBalance 
    from
        Member m1_0 
    where
        m1_0.id=?
2026-05-28T20:06:54.969+09:00 TRACE 31519 --- [nio-8080-exec-7] org.hibernate.orm.jdbc.bind              : binding parameter (1:BIGINT) <- [1]
2026-05-28T20:06:54.971+09:00 DEBUG 31519 --- [nio-8080-exec-7] org.hibernate.SQL                        : 
    select
        m1_0.id,
        m1_0.managerId,
        m1_0.password,
        m1_0.role,
        m1_0.username,
        m1_0.virtualBalance 
    from
        Member m1_0 
    where
        m1_0.managerId=?
2026-05-28T20:06:54.971+09:00 TRACE 31519 --- [nio-8080-exec-7] org.hibernate.orm.jdbc.bind              : binding parameter (1:BIGINT) <- [2]
2026-05-28T20:06:54.974+09:00 DEBUG 31519 --- [nio-8080-exec-2] org.hibernate.SQL                        : 
    select
        m1_0.id,
        m1_0.managerId,
        m1_0.password,
        m1_0.role,
        m1_0.username,
        m1_0.virtualBalance 
    from
        Member m1_0 
    where
        m1_0.id=?
2026-05-28T20:06:54.974+09:00 TRACE 31519 --- [nio-8080-exec-2] org.hibernate.orm.jdbc.bind              : binding parameter (1:BIGINT) <- [1]
2026-05-28T20:06:54.975+09:00 DEBUG 31519 --- [nio-8080-exec-2] org.hibernate.SQL                        : 
    select
        cr1_0.id,
        cr1_0.createdAt,
        cr1_0.member1_id,
        cr1_0.member2_id 
    from
        chat_room cr1_0 
    where
        cr1_0.member1_id=? 
        or cr1_0.member2_id=?
2026-05-28T20:06:54.975+09:00 TRACE 31519 --- [nio-8080-exec-2] org.hibernate.orm.jdbc.bind              : binding parameter (1:BIGINT) <- [1]
2026-05-28T20:06:54.975+09:00 TRACE 31519 --- [nio-8080-exec-2] org.hibernate.orm.jdbc.bind              : binding parameter (2:BIGINT) <- [1]
2026-05-28T20:06:54.975+09:00 DEBUG 31519 --- [nio-8080-exec-2] org.hibernate.SQL                        : 
    select
        m1_0.id,
        m1_0.managerId,
        m1_0.password,
        m1_0.role,
        m1_0.username,
        m1_0.virtualBalance 
    from
        Member m1_0 
    where
        m1_0.id=?
2026-05-28T20:06:54.975+09:00 TRACE 31519 --- [nio-8080-exec-2] org.hibernate.orm.jdbc.bind              : binding parameter (1:BIGINT) <- [2]
2026-05-28T20:06:54.975+09:00 DEBUG 31519 --- [nio-8080-exec-2] org.hibernate.SQL                        : 
    select
        ms1_0.id,
        ms1_0.member_id,
        ms1_0.statusType,
        ms1_0.updatedAt 
    from
        MemberStatus ms1_0 
    where
        ms1_0.member_id=?
2026-05-28T20:06:54.975+09:00 TRACE 31519 --- [nio-8080-exec-2] org.hibernate.orm.jdbc.bind              : binding parameter (1:BIGINT) <- [2]
2026-05-28T20:06:54.976+09:00 DEBUG 31519 --- [nio-8080-exec-2] org.hibernate.SQL                        : 
    select
        cm1_0.id,
        cm1_0.chat_room_id,
        cm1_0.content,
        cm1_0.createdAt,
        cm1_0.messageType,
        cm1_0.read,
        cm1_0.readAt,
        cm1_0.sender_id 
    from
        chat_message cm1_0 
    where
        cm1_0.chat_room_id=? 
    order by
        cm1_0.createdAt desc 
    fetch
        first ? rows only
2026-05-28T20:06:54.976+09:00 TRACE 31519 --- [nio-8080-exec-2] org.hibernate.orm.jdbc.bind              : binding parameter (1:BIGINT) <- [1]
2026-05-28T20:06:54.976+09:00 TRACE 31519 --- [nio-8080-exec-2] org.hibernate.orm.jdbc.bind              : binding parameter (2:INTEGER) <- [1]
2026-05-28T20:06:54.977+09:00 DEBUG 31519 --- [nio-8080-exec-2] org.hibernate.SQL                        : 
    select
        count(cm1_0.id) 
    from
        chat_message cm1_0 
    where
        cm1_0.chat_room_id=? 
        and cm1_0.sender_id<>? 
        and cm1_0.read=false
2026-05-28T20:06:54.977+09:00 TRACE 31519 --- [nio-8080-exec-2] org.hibernate.orm.jdbc.bind              : binding parameter (1:BIGINT) <- [1]
2026-05-28T20:06:54.977+09:00 TRACE 31519 --- [nio-8080-exec-2] org.hibernate.orm.jdbc.bind              : binding parameter (2:BIGINT) <- [1]
2026-05-28T20:06:54.980+09:00 DEBUG 31519 --- [io-8080-exec-10] org.hibernate.SQL                        : 
    select
        m1_0.id,
        m1_0.managerId,
        m1_0.password,
        m1_0.role,
        m1_0.username,
        m1_0.virtualBalance 
    from
        Member m1_0 
    where
        m1_0.id=?
2026-05-28T20:06:54.980+09:00 TRACE 31519 --- [io-8080-exec-10] org.hibernate.orm.jdbc.bind              : binding parameter (1:BIGINT) <- [1]
2026-05-28T20:06:54.981+09:00 DEBUG 31519 --- [io-8080-exec-10] org.hibernate.SQL                        : 
    select
        cr1_0.id,
        cr1_0.createdAt,
        cr1_0.member1_id,
        cr1_0.member2_id 
    from
        chat_room cr1_0 
    where
        cr1_0.member1_id=? 
        or cr1_0.member2_id=?
2026-05-28T20:06:54.981+09:00 TRACE 31519 --- [io-8080-exec-10] org.hibernate.orm.jdbc.bind              : binding parameter (1:BIGINT) <- [1]
2026-05-28T20:06:54.981+09:00 TRACE 31519 --- [io-8080-exec-10] org.hibernate.orm.jdbc.bind              : binding parameter (2:BIGINT) <- [1]
2026-05-28T20:06:54.981+09:00 DEBUG 31519 --- [io-8080-exec-10] org.hibernate.SQL                        : 
    select
        m1_0.id,
        m1_0.managerId,
        m1_0.password,
        m1_0.role,
        m1_0.username,
        m1_0.virtualBalance 
    from
        Member m1_0 
    where
        m1_0.id=?
2026-05-28T20:06:54.981+09:00 TRACE 31519 --- [io-8080-exec-10] org.hibernate.orm.jdbc.bind              : binding parameter (1:BIGINT) <- [2]
2026-05-28T20:06:54.982+09:00 DEBUG 31519 --- [io-8080-exec-10] org.hibernate.SQL                        : 
    select
        ms1_0.id,
        ms1_0.member_id,
        ms1_0.statusType,
        ms1_0.updatedAt 
    from
        MemberStatus ms1_0 
    where
        ms1_0.member_id=?
2026-05-28T20:06:54.982+09:00 TRACE 31519 --- [io-8080-exec-10] org.hibernate.orm.jdbc.bind              : binding parameter (1:BIGINT) <- [2]
2026-05-28T20:06:54.983+09:00 DEBUG 31519 --- [io-8080-exec-10] org.hibernate.SQL                        : 
    select
        cm1_0.id,
        cm1_0.chat_room_id,
        cm1_0.content,
        cm1_0.createdAt,
        cm1_0.messageType,
        cm1_0.read,
        cm1_0.readAt,
        cm1_0.sender_id 
    from
        chat_message cm1_0 
    where
        cm1_0.chat_room_id=? 
    order by
        cm1_0.createdAt desc 
    fetch
        first ? rows only
2026-05-28T20:06:54.983+09:00 TRACE 31519 --- [io-8080-exec-10] org.hibernate.orm.jdbc.bind              : binding parameter (1:BIGINT) <- [1]
2026-05-28T20:06:54.983+09:00 TRACE 31519 --- [io-8080-exec-10] org.hibernate.orm.jdbc.bind              : binding parameter (2:INTEGER) <- [1]
2026-05-28T20:06:54.983+09:00 DEBUG 31519 --- [io-8080-exec-10] org.hibernate.SQL                        : 
    select
        count(cm1_0.id) 
    from
        chat_message cm1_0 
    where
        cm1_0.chat_room_id=? 
        and cm1_0.sender_id<>? 
        and cm1_0.read=false
2026-05-28T20:06:54.983+09:00 TRACE 31519 --- [io-8080-exec-10] org.hibernate.orm.jdbc.bind              : binding parameter (1:BIGINT) <- [1]
2026-05-28T20:06:54.983+09:00 TRACE 31519 --- [io-8080-exec-10] org.hibernate.orm.jdbc.bind              : binding parameter (2:BIGINT) <- [1]
2026-05-28T20:06:54.984+09:00 DEBUG 31519 --- [nio-8080-exec-4] org.hibernate.SQL                        : 
    select
        m1_0.id,
        m1_0.managerId,
        m1_0.password,
        m1_0.role,
        m1_0.username,
        m1_0.virtualBalance 
    from
        Member m1_0 
    where
        m1_0.id=?
2026-05-28T20:06:54.984+09:00 DEBUG 31519 --- [nio-8080-exec-6] org.hibernate.SQL                        : 
    select
        m1_0.id,
        m1_0.managerId,
        m1_0.password,
        m1_0.role,
        m1_0.username,
        m1_0.virtualBalance 
    from
        Member m1_0 
    where
        m1_0.id=?
2026-05-28T20:06:54.984+09:00 TRACE 31519 --- [nio-8080-exec-4] org.hibernate.orm.jdbc.bind              : binding parameter (1:BIGINT) <- [1]
2026-05-28T20:06:54.984+09:00 TRACE 31519 --- [nio-8080-exec-6] org.hibernate.orm.jdbc.bind              : binding parameter (1:BIGINT) <- [1]
2026-05-28T20:06:54.985+09:00 DEBUG 31519 --- [nio-8080-exec-4] org.hibernate.SQL                        : 
    select
        m1_0.id,
        m1_0.managerId,
        m1_0.password,
        m1_0.role,
        m1_0.username,
        m1_0.virtualBalance 
    from
        Member m1_0 
    where
        m1_0.id=?
2026-05-28T20:06:54.985+09:00 DEBUG 31519 --- [nio-8080-exec-6] org.hibernate.SQL                        : 
    select
        m1_0.id,
        m1_0.managerId,
        m1_0.password,
        m1_0.role,
        m1_0.username,
        m1_0.virtualBalance 
    from
        Member m1_0 
    where
        m1_0.id=?
2026-05-28T20:06:54.985+09:00 TRACE 31519 --- [nio-8080-exec-4] org.hibernate.orm.jdbc.bind              : binding parameter (1:BIGINT) <- [2]
2026-05-28T20:06:54.985+09:00 TRACE 31519 --- [nio-8080-exec-6] org.hibernate.orm.jdbc.bind              : binding parameter (1:BIGINT) <- [2]
2026-05-28T20:06:54.985+09:00 DEBUG 31519 --- [nio-8080-exec-6] org.hibernate.SQL                        : 
    select
        cr1_0.id,
        cr1_0.createdAt,
        cr1_0.member1_id,
        cr1_0.member2_id 
    from
        chat_room cr1_0 
    where
        cr1_0.member1_id=? 
        and cr1_0.member2_id=?
2026-05-28T20:06:54.985+09:00 DEBUG 31519 --- [nio-8080-exec-4] org.hibernate.SQL                        : 
    select
        cr1_0.id,
        cr1_0.createdAt,
        cr1_0.member1_id,
        cr1_0.member2_id 
    from
        chat_room cr1_0 
    where
        cr1_0.member1_id=? 
        and cr1_0.member2_id=?
2026-05-28T20:06:54.985+09:00 TRACE 31519 --- [nio-8080-exec-4] org.hibernate.orm.jdbc.bind              : binding parameter (1:BIGINT) <- [1]
2026-05-28T20:06:54.985+09:00 TRACE 31519 --- [nio-8080-exec-4] org.hibernate.orm.jdbc.bind              : binding parameter (2:BIGINT) <- [2]
2026-05-28T20:06:54.985+09:00 TRACE 31519 --- [nio-8080-exec-6] org.hibernate.orm.jdbc.bind              : binding parameter (1:BIGINT) <- [1]
2026-05-28T20:06:54.985+09:00 TRACE 31519 --- [nio-8080-exec-6] org.hibernate.orm.jdbc.bind              : binding parameter (2:BIGINT) <- [2]
2026-05-28T20:06:54.985+09:00 DEBUG 31519 --- [nio-8080-exec-4] org.hibernate.SQL                        : 
    update
        chat_message cm1_0 
    set
        read=true,
        readAt=localtimestamp 
    where
        cm1_0.chat_room_id=? 
        and cm1_0.sender_id<>? 
        and cm1_0.read=false
2026-05-28T20:06:54.985+09:00 DEBUG 31519 --- [nio-8080-exec-6] org.hibernate.SQL                        : 
    update
        chat_message cm1_0 
    set
        read=true,
        readAt=localtimestamp 
    where
        cm1_0.chat_room_id=? 
        and cm1_0.sender_id<>? 
        and cm1_0.read=false
2026-05-28T20:06:54.985+09:00 TRACE 31519 --- [nio-8080-exec-4] org.hibernate.orm.jdbc.bind              : binding parameter (1:BIGINT) <- [1]
2026-05-28T20:06:54.985+09:00 TRACE 31519 --- [nio-8080-exec-6] org.hibernate.orm.jdbc.bind              : binding parameter (1:BIGINT) <- [1]
2026-05-28T20:06:54.985+09:00 TRACE 31519 --- [nio-8080-exec-4] org.hibernate.orm.jdbc.bind              : binding parameter (2:BIGINT) <- [1]
2026-05-28T20:06:54.985+09:00 TRACE 31519 --- [nio-8080-exec-6] org.hibernate.orm.jdbc.bind              : binding parameter (2:BIGINT) <- [1]
2026-05-28T20:06:54.986+09:00 DEBUG 31519 --- [nio-8080-exec-6] org.hibernate.SQL                        : 
    select
        cm1_0.id,
        cm1_0.chat_room_id,
        cm1_0.content,
        cm1_0.createdAt,
        cm1_0.messageType,
        cm1_0.read,
        cm1_0.readAt,
        cm1_0.sender_id 
    from
        chat_message cm1_0 
    where
        cm1_0.chat_room_id=? 
    order by
        cm1_0.createdAt desc 
    fetch
        first ? rows only
2026-05-28T20:06:54.986+09:00 TRACE 31519 --- [nio-8080-exec-6] org.hibernate.orm.jdbc.bind              : binding parameter (1:BIGINT) <- [1]
2026-05-28T20:06:54.986+09:00 TRACE 31519 --- [nio-8080-exec-6] org.hibernate.orm.jdbc.bind              : binding parameter (2:INTEGER) <- [50]
2026-05-28T20:06:54.987+09:00 DEBUG 31519 --- [nio-8080-exec-6] org.hibernate.SQL                        : 
    select
        m1_0.id,
        m1_0.managerId,
        m1_0.password,
        m1_0.role,
        m1_0.username,
        m1_0.virtualBalance 
    from
        Member m1_0 
    where
        m1_0.id=?
2026-05-28T20:06:54.987+09:00 TRACE 31519 --- [nio-8080-exec-6] org.hibernate.orm.jdbc.bind              : binding parameter (1:BIGINT) <- [1]
2026-05-28T20:06:54.988+09:00 DEBUG 31519 --- [nio-8080-exec-6] org.hibernate.SQL                        : 
    select
        ms1_0.id,
        ms1_0.member_id,
        ms1_0.statusType,
        ms1_0.updatedAt 
    from
        MemberStatus ms1_0 
    where
        ms1_0.member_id=?
2026-05-28T20:06:54.988+09:00 TRACE 31519 --- [nio-8080-exec-6] org.hibernate.orm.jdbc.bind              : binding parameter (1:BIGINT) <- [2]
2026-05-28T20:06:54.988+09:00 DEBUG 31519 --- [nio-8080-exec-4] org.hibernate.SQL                        : 
    select
        cm1_0.id,
        cm1_0.chat_room_id,
        cm1_0.content,
        cm1_0.createdAt,
        cm1_0.messageType,
        cm1_0.read,
        cm1_0.readAt,
        cm1_0.sender_id 
    from
        chat_message cm1_0 
    where
        cm1_0.chat_room_id=? 
    order by
        cm1_0.createdAt desc 
    fetch
        first ? rows only
2026-05-28T20:06:54.988+09:00 TRACE 31519 --- [nio-8080-exec-4] org.hibernate.orm.jdbc.bind              : binding parameter (1:BIGINT) <- [1]
2026-05-28T20:06:54.988+09:00 TRACE 31519 --- [nio-8080-exec-4] org.hibernate.orm.jdbc.bind              : binding parameter (2:INTEGER) <- [50]
2026-05-28T20:06:54.989+09:00 DEBUG 31519 --- [nio-8080-exec-4] org.hibernate.SQL                        : 
    select
        m1_0.id,
        m1_0.managerId,
        m1_0.password,
        m1_0.role,
        m1_0.username,
        m1_0.virtualBalance 
    from
        Member m1_0 
    where
        m1_0.id=?
2026-05-28T20:06:54.989+09:00 TRACE 31519 --- [nio-8080-exec-4] org.hibernate.orm.jdbc.bind              : binding parameter (1:BIGINT) <- [1]
2026-05-28T20:06:54.990+09:00 DEBUG 31519 --- [nio-8080-exec-4] org.hibernate.SQL                        : 
    select
        ms1_0.id,
        ms1_0.member_id,
        ms1_0.statusType,
        ms1_0.updatedAt 
    from
        MemberStatus ms1_0 
    where
        ms1_0.member_id=?
2026-05-28T20:06:54.990+09:00 TRACE 31519 --- [nio-8080-exec-4] org.hibernate.orm.jdbc.bind              : binding parameter (1:BIGINT) <- [2]
2026-05-28T20:06:54.994+09:00 DEBUG 31519 --- [nio-8080-exec-3] org.hibernate.SQL                        : 
    select
        m1_0.id,
        m1_0.managerId,
        m1_0.password,
        m1_0.role,
        m1_0.username,
        m1_0.virtualBalance 
    from
        Member m1_0 
    where
        m1_0.id=?
2026-05-28T20:06:54.994+09:00 TRACE 31519 --- [nio-8080-exec-3] org.hibernate.orm.jdbc.bind              : binding parameter (1:BIGINT) <- [1]
2026-05-28T20:06:54.995+09:00 DEBUG 31519 --- [nio-8080-exec-3] org.hibernate.SQL                        : 
    select
        m1_0.id,
        m1_0.managerId,
        m1_0.password,
        m1_0.role,
        m1_0.username,
        m1_0.virtualBalance 
    from
        Member m1_0 
    where
        m1_0.id=?
2026-05-28T20:06:54.995+09:00 TRACE 31519 --- [nio-8080-exec-3] org.hibernate.orm.jdbc.bind              : binding parameter (1:BIGINT) <- [2]
2026-05-28T20:06:54.995+09:00 DEBUG 31519 --- [nio-8080-exec-3] org.hibernate.SQL                        : 
    select
        ms1_0.id,
        ms1_0.member_id,
        ms1_0.statusType,
        ms1_0.updatedAt 
    from
        MemberStatus ms1_0 
    where
        ms1_0.member_id=?
2026-05-28T20:06:54.995+09:00 TRACE 31519 --- [nio-8080-exec-3] org.hibernate.orm.jdbc.bind              : binding parameter (1:BIGINT) <- [2]
2026-05-28T20:06:54.999+09:00 DEBUG 31519 --- [nio-8080-exec-8] org.hibernate.SQL                        : 
    select
        m1_0.id,
        m1_0.managerId,
        m1_0.password,
        m1_0.role,
        m1_0.username,
        m1_0.virtualBalance 
    from
        Member m1_0 
    where
        m1_0.id=?
2026-05-28T20:06:54.999+09:00 TRACE 31519 --- [nio-8080-exec-8] org.hibernate.orm.jdbc.bind              : binding parameter (1:BIGINT) <- [1]
2026-05-28T20:06:55.000+09:00 DEBUG 31519 --- [nio-8080-exec-8] org.hibernate.SQL                        : 
    select
        m1_0.id,
        m1_0.managerId,
        m1_0.password,
        m1_0.role,
        m1_0.username,
        m1_0.virtualBalance 
    from
        Member m1_0 
    where
        m1_0.id=?
2026-05-28T20:06:55.000+09:00 TRACE 31519 --- [nio-8080-exec-8] org.hibernate.orm.jdbc.bind              : binding parameter (1:BIGINT) <- [2]
2026-05-28T20:06:55.001+09:00 DEBUG 31519 --- [nio-8080-exec-7] org.hibernate.SQL                        : 
    select
        m1_0.id,
        m1_0.managerId,
        m1_0.password,
        m1_0.role,
        m1_0.username,
        m1_0.virtualBalance 
    from
        Member m1_0 
    where
        m1_0.id=?
2026-05-28T20:06:55.001+09:00 TRACE 31519 --- [nio-8080-exec-7] org.hibernate.orm.jdbc.bind              : binding parameter (1:BIGINT) <- [1]
2026-05-28T20:06:55.001+09:00 DEBUG 31519 --- [nio-8080-exec-8] org.hibernate.SQL                        : 
    select
        ms1_0.id,
        ms1_0.member_id,
        ms1_0.statusType,
        ms1_0.updatedAt 
    from
        MemberStatus ms1_0 
    where
        ms1_0.member_id=?
2026-05-28T20:06:55.001+09:00 TRACE 31519 --- [nio-8080-exec-8] org.hibernate.orm.jdbc.bind              : binding parameter (1:BIGINT) <- [2]
2026-05-28T20:06:55.001+09:00 DEBUG 31519 --- [nio-8080-exec-7] org.hibernate.SQL                        : 
    select
        cr1_0.id,
        cr1_0.createdAt,
        cr1_0.member1_id,
        cr1_0.member2_id 
    from
        chat_room cr1_0 
    where
        cr1_0.id=?
2026-05-28T20:06:55.001+09:00 TRACE 31519 --- [nio-8080-exec-7] org.hibernate.orm.jdbc.bind              : binding parameter (1:BIGINT) <- [1]
2026-05-28T20:06:55.002+09:00 DEBUG 31519 --- [nio-8080-exec-7] org.hibernate.SQL                        : 
    update
        chat_message cm1_0 
    set
        read=true,
        readAt=localtimestamp 
    where
        cm1_0.chat_room_id=? 
        and cm1_0.sender_id<>? 
        and cm1_0.read=false
2026-05-28T20:06:55.002+09:00 TRACE 31519 --- [nio-8080-exec-7] org.hibernate.orm.jdbc.bind              : binding parameter (1:BIGINT) <- [1]
2026-05-28T20:06:55.002+09:00 TRACE 31519 --- [nio-8080-exec-7] org.hibernate.orm.jdbc.bind              : binding parameter (2:BIGINT) <- [1]
2026-05-28T20:06:55.006+09:00 DEBUG 31519 --- [nio-8080-exec-2] org.hibernate.SQL                        : 
    select
        m1_0.id,
        m1_0.managerId,
        m1_0.password,
        m1_0.role,
        m1_0.username,
        m1_0.virtualBalance 
    from
        Member m1_0 
    where
        m1_0.id=?
2026-05-28T20:06:55.006+09:00 TRACE 31519 --- [nio-8080-exec-2] org.hibernate.orm.jdbc.bind              : binding parameter (1:BIGINT) <- [1]
2026-05-28T20:06:55.007+09:00 DEBUG 31519 --- [nio-8080-exec-2] org.hibernate.SQL                        : 
    select
        cr1_0.id,
        cr1_0.createdAt,
        cr1_0.member1_id,
        cr1_0.member2_id 
    from
        chat_room cr1_0 
    where
        cr1_0.id=?
2026-05-28T20:06:55.007+09:00 TRACE 31519 --- [nio-8080-exec-2] org.hibernate.orm.jdbc.bind              : binding parameter (1:BIGINT) <- [1]
2026-05-28T20:06:55.008+09:00 DEBUG 31519 --- [nio-8080-exec-2] org.hibernate.SQL                        : 
    update
        chat_message cm1_0 
    set
        read=true,
        readAt=localtimestamp 
    where
        cm1_0.chat_room_id=? 
        and cm1_0.sender_id<>? 
        and cm1_0.read=false
2026-05-28T20:06:55.008+09:00 TRACE 31519 --- [nio-8080-exec-2] org.hibernate.orm.jdbc.bind              : binding parameter (1:BIGINT) <- [1]
2026-05-28T20:06:55.008+09:00 TRACE 31519 --- [nio-8080-exec-2] org.hibernate.orm.jdbc.bind              : binding parameter (2:BIGINT) <- [1]
2026-05-28T20:06:55.673+09:00 DEBUG 31519 --- [nio-8080-exec-5] org.hibernate.SQL                        : 
    select
        m1_0.id,
        m1_0.managerId,
        m1_0.password,
        m1_0.role,
        m1_0.username,
        m1_0.virtualBalance 
    from
        Member m1_0 
    where
        m1_0.id=?
2026-05-28T20:06:55.673+09:00 TRACE 31519 --- [nio-8080-exec-5] org.hibernate.orm.jdbc.bind              : binding parameter (1:BIGINT) <- [1]
2026-05-28T20:06:55.674+09:00 DEBUG 31519 --- [nio-8080-exec-5] org.hibernate.SQL                        : 
    select
        m1_0.id,
        m1_0.managerId,
        m1_0.password,
        m1_0.role,
        m1_0.username,
        m1_0.virtualBalance 
    from
        Member m1_0 
    where
        m1_0.id=?
2026-05-28T20:06:55.674+09:00 TRACE 31519 --- [nio-8080-exec-5] org.hibernate.orm.jdbc.bind              : binding parameter (1:BIGINT) <- [2]
2026-05-28T20:06:55.679+09:00 DEBUG 31519 --- [nio-8080-exec-6] org.hibernate.SQL                        : 
    select
        m1_0.id,
        m1_0.managerId,
        m1_0.password,
        m1_0.role,
        m1_0.username,
        m1_0.virtualBalance 
    from
        Member m1_0 
    where
        m1_0.id=?
2026-05-28T20:06:55.679+09:00 TRACE 31519 --- [nio-8080-exec-6] org.hibernate.orm.jdbc.bind              : binding parameter (1:BIGINT) <- [1]
2026-05-28T20:06:55.680+09:00 DEBUG 31519 --- [nio-8080-exec-4] org.hibernate.SQL                        : 
    select
        m1_0.id,
        m1_0.managerId,
        m1_0.password,
        m1_0.role,
        m1_0.username,
        m1_0.virtualBalance 
    from
        Member m1_0 
    where
        m1_0.id=?
2026-05-28T20:06:55.680+09:00 TRACE 31519 --- [nio-8080-exec-4] org.hibernate.orm.jdbc.bind              : binding parameter (1:BIGINT) <- [1]
2026-05-28T20:06:55.680+09:00 DEBUG 31519 --- [nio-8080-exec-6] org.hibernate.SQL                        : 
    select
        m1_0.id,
        m1_0.managerId,
        m1_0.password,
        m1_0.role,
        m1_0.username,
        m1_0.virtualBalance 
    from
        Member m1_0 
    where
        m1_0.id=?
2026-05-28T20:06:55.680+09:00 TRACE 31519 --- [nio-8080-exec-6] org.hibernate.orm.jdbc.bind              : binding parameter (1:BIGINT) <- [2]
2026-05-28T20:06:55.681+09:00 DEBUG 31519 --- [nio-8080-exec-4] org.hibernate.SQL                        : 
    select
        m1_0.id,
        m1_0.managerId,
        m1_0.password,
        m1_0.role,
        m1_0.username,
        m1_0.virtualBalance 
    from
        Member m1_0 
    where
        m1_0.managerId=?
2026-05-28T20:06:55.681+09:00 TRACE 31519 --- [nio-8080-exec-4] org.hibernate.orm.jdbc.bind              : binding parameter (1:BIGINT) <- [2]
2026-05-28T20:06:55.685+09:00 DEBUG 31519 --- [nio-8080-exec-7] org.hibernate.SQL                        : 
    select
        m1_0.id,
        m1_0.managerId,
        m1_0.password,
        m1_0.role,
        m1_0.username,
        m1_0.virtualBalance 
    from
        Member m1_0 
    where
        m1_0.id=?
2026-05-28T20:06:55.685+09:00 TRACE 31519 --- [nio-8080-exec-7] org.hibernate.orm.jdbc.bind              : binding parameter (1:BIGINT) <- [1]
2026-05-28T20:06:55.686+09:00 DEBUG 31519 --- [nio-8080-exec-7] org.hibernate.SQL                        : 
    select
        m1_0.id,
        m1_0.managerId,
        m1_0.password,
        m1_0.role,
        m1_0.username,
        m1_0.virtualBalance 
    from
        Member m1_0 
    where
        m1_0.managerId=?
2026-05-28T20:06:55.686+09:00 TRACE 31519 --- [nio-8080-exec-7] org.hibernate.orm.jdbc.bind              : binding parameter (1:BIGINT) <- [2]
2026-05-28T20:06:55.689+09:00 DEBUG 31519 --- [nio-8080-exec-1] org.hibernate.SQL                        : 
    select
        m1_0.id,
        m1_0.managerId,
        m1_0.password,
        m1_0.role,
        m1_0.username,
        m1_0.virtualBalance 
    from
        Member m1_0 
    where
        m1_0.id=?
2026-05-28T20:06:55.689+09:00 TRACE 31519 --- [nio-8080-exec-1] org.hibernate.orm.jdbc.bind              : binding parameter (1:BIGINT) <- [1]
2026-05-28T20:06:55.689+09:00 DEBUG 31519 --- [nio-8080-exec-1] org.hibernate.SQL                        : 
    select
        cr1_0.id,
        cr1_0.createdAt,
        cr1_0.member1_id,
        cr1_0.member2_id 
    from
        chat_room cr1_0 
    where
        cr1_0.member1_id=? 
        or cr1_0.member2_id=?
2026-05-28T20:06:55.689+09:00 TRACE 31519 --- [nio-8080-exec-1] org.hibernate.orm.jdbc.bind              : binding parameter (1:BIGINT) <- [1]
2026-05-28T20:06:55.689+09:00 TRACE 31519 --- [nio-8080-exec-1] org.hibernate.orm.jdbc.bind              : binding parameter (2:BIGINT) <- [1]
2026-05-28T20:06:55.690+09:00 DEBUG 31519 --- [nio-8080-exec-1] org.hibernate.SQL                        : 
    select
        m1_0.id,
        m1_0.managerId,
        m1_0.password,
        m1_0.role,
        m1_0.username,
        m1_0.virtualBalance 
    from
        Member m1_0 
    where
        m1_0.id=?
2026-05-28T20:06:55.690+09:00 TRACE 31519 --- [nio-8080-exec-1] org.hibernate.orm.jdbc.bind              : binding parameter (1:BIGINT) <- [2]
2026-05-28T20:06:55.690+09:00 DEBUG 31519 --- [nio-8080-exec-1] org.hibernate.SQL                        : 
    select
        ms1_0.id,
        ms1_0.member_id,
        ms1_0.statusType,
        ms1_0.updatedAt 
    from
        MemberStatus ms1_0 
    where
        ms1_0.member_id=?
2026-05-28T20:06:55.690+09:00 TRACE 31519 --- [nio-8080-exec-1] org.hibernate.orm.jdbc.bind              : binding parameter (1:BIGINT) <- [2]
2026-05-28T20:06:55.691+09:00 DEBUG 31519 --- [nio-8080-exec-1] org.hibernate.SQL                        : 
    select
        cm1_0.id,
        cm1_0.chat_room_id,
        cm1_0.content,
        cm1_0.createdAt,
        cm1_0.messageType,
        cm1_0.read,
        cm1_0.readAt,
        cm1_0.sender_id 
    from
        chat_message cm1_0 
    where
        cm1_0.chat_room_id=? 
    order by
        cm1_0.createdAt desc 
    fetch
        first ? rows only
2026-05-28T20:06:55.691+09:00 TRACE 31519 --- [nio-8080-exec-1] org.hibernate.orm.jdbc.bind              : binding parameter (1:BIGINT) <- [1]
2026-05-28T20:06:55.691+09:00 TRACE 31519 --- [nio-8080-exec-1] org.hibernate.orm.jdbc.bind              : binding parameter (2:INTEGER) <- [1]
2026-05-28T20:06:55.691+09:00 DEBUG 31519 --- [nio-8080-exec-1] org.hibernate.SQL                        : 
    select
        count(cm1_0.id) 
    from
        chat_message cm1_0 
    where
        cm1_0.chat_room_id=? 
        and cm1_0.sender_id<>? 
        and cm1_0.read=false
2026-05-28T20:06:55.691+09:00 TRACE 31519 --- [nio-8080-exec-1] org.hibernate.orm.jdbc.bind              : binding parameter (1:BIGINT) <- [1]
2026-05-28T20:06:55.691+09:00 TRACE 31519 --- [nio-8080-exec-1] org.hibernate.orm.jdbc.bind              : binding parameter (2:BIGINT) <- [1]
2026-05-28T20:06:55.694+09:00 DEBUG 31519 --- [nio-8080-exec-5] org.hibernate.SQL                        : 
    select
        m1_0.id,
        m1_0.managerId,
        m1_0.password,
        m1_0.role,
        m1_0.username,
        m1_0.virtualBalance 
    from
        Member m1_0 
    where
        m1_0.id=?
2026-05-28T20:06:55.694+09:00 TRACE 31519 --- [nio-8080-exec-5] org.hibernate.orm.jdbc.bind              : binding parameter (1:BIGINT) <- [1]
2026-05-28T20:06:55.695+09:00 DEBUG 31519 --- [nio-8080-exec-5] org.hibernate.SQL                        : 
    select
        cr1_0.id,
        cr1_0.createdAt,
        cr1_0.member1_id,
        cr1_0.member2_id 
    from
        chat_room cr1_0 
    where
        cr1_0.member1_id=? 
        or cr1_0.member2_id=?
2026-05-28T20:06:55.695+09:00 TRACE 31519 --- [nio-8080-exec-5] org.hibernate.orm.jdbc.bind              : binding parameter (1:BIGINT) <- [1]
2026-05-28T20:06:55.695+09:00 TRACE 31519 --- [nio-8080-exec-5] org.hibernate.orm.jdbc.bind              : binding parameter (2:BIGINT) <- [1]
2026-05-28T20:06:55.695+09:00 DEBUG 31519 --- [nio-8080-exec-5] org.hibernate.SQL                        : 
    select
        m1_0.id,
        m1_0.managerId,
        m1_0.password,
        m1_0.role,
        m1_0.username,
        m1_0.virtualBalance 
    from
        Member m1_0 
    where
        m1_0.id=?
2026-05-28T20:06:55.695+09:00 TRACE 31519 --- [nio-8080-exec-5] org.hibernate.orm.jdbc.bind              : binding parameter (1:BIGINT) <- [2]
2026-05-28T20:06:55.695+09:00 DEBUG 31519 --- [nio-8080-exec-5] org.hibernate.SQL                        : 
    select
        ms1_0.id,
        ms1_0.member_id,
        ms1_0.statusType,
        ms1_0.updatedAt 
    from
        MemberStatus ms1_0 
    where
        ms1_0.member_id=?
2026-05-28T20:06:55.695+09:00 TRACE 31519 --- [nio-8080-exec-5] org.hibernate.orm.jdbc.bind              : binding parameter (1:BIGINT) <- [2]
2026-05-28T20:06:55.696+09:00 DEBUG 31519 --- [nio-8080-exec-5] org.hibernate.SQL                        : 
    select
        cm1_0.id,
        cm1_0.chat_room_id,
        cm1_0.content,
        cm1_0.createdAt,
        cm1_0.messageType,
        cm1_0.read,
        cm1_0.readAt,
        cm1_0.sender_id 
    from
        chat_message cm1_0 
    where
        cm1_0.chat_room_id=? 
    order by
        cm1_0.createdAt desc 
    fetch
        first ? rows only
2026-05-28T20:06:55.696+09:00 TRACE 31519 --- [nio-8080-exec-5] org.hibernate.orm.jdbc.bind              : binding parameter (1:BIGINT) <- [1]
2026-05-28T20:06:55.696+09:00 TRACE 31519 --- [nio-8080-exec-5] org.hibernate.orm.jdbc.bind              : binding parameter (2:INTEGER) <- [1]
2026-05-28T20:06:55.696+09:00 DEBUG 31519 --- [nio-8080-exec-5] org.hibernate.SQL                        : 
    select
        count(cm1_0.id) 
    from
        chat_message cm1_0 
    where
        cm1_0.chat_room_id=? 
        and cm1_0.sender_id<>? 
        and cm1_0.read=false
2026-05-28T20:06:55.697+09:00 TRACE 31519 --- [nio-8080-exec-5] org.hibernate.orm.jdbc.bind              : binding parameter (1:BIGINT) <- [1]
2026-05-28T20:06:55.697+09:00 TRACE 31519 --- [nio-8080-exec-5] org.hibernate.orm.jdbc.bind              : binding parameter (2:BIGINT) <- [1]
2026-05-28T20:06:55.699+09:00 DEBUG 31519 --- [nio-8080-exec-3] org.hibernate.SQL                        : 
    select
        m1_0.id,
        m1_0.managerId,
        m1_0.password,
        m1_0.role,
        m1_0.username,
        m1_0.virtualBalance 
    from
        Member m1_0 
    where
        m1_0.id=?
2026-05-28T20:06:55.699+09:00 TRACE 31519 --- [nio-8080-exec-3] org.hibernate.orm.jdbc.bind              : binding parameter (1:BIGINT) <- [1]
2026-05-28T20:06:55.699+09:00 DEBUG 31519 --- [nio-8080-exec-6] org.hibernate.SQL                        : 
    select
        m1_0.id,
        m1_0.managerId,
        m1_0.password,
        m1_0.role,
        m1_0.username,
        m1_0.virtualBalance 
    from
        Member m1_0 
    where
        m1_0.id=?
2026-05-28T20:06:55.699+09:00 TRACE 31519 --- [nio-8080-exec-6] org.hibernate.orm.jdbc.bind              : binding parameter (1:BIGINT) <- [1]
2026-05-28T20:06:55.700+09:00 DEBUG 31519 --- [nio-8080-exec-3] org.hibernate.SQL                        : 
    select
        m1_0.id,
        m1_0.managerId,
        m1_0.password,
        m1_0.role,
        m1_0.username,
        m1_0.virtualBalance 
    from
        Member m1_0 
    where
        m1_0.id=?
2026-05-28T20:06:55.700+09:00 DEBUG 31519 --- [nio-8080-exec-6] org.hibernate.SQL                        : 
    select
        m1_0.id,
        m1_0.managerId,
        m1_0.password,
        m1_0.role,
        m1_0.username,
        m1_0.virtualBalance 
    from
        Member m1_0 
    where
        m1_0.id=?
2026-05-28T20:06:55.700+09:00 TRACE 31519 --- [nio-8080-exec-6] org.hibernate.orm.jdbc.bind              : binding parameter (1:BIGINT) <- [2]
2026-05-28T20:06:55.700+09:00 TRACE 31519 --- [nio-8080-exec-3] org.hibernate.orm.jdbc.bind              : binding parameter (1:BIGINT) <- [2]
2026-05-28T20:06:55.700+09:00 DEBUG 31519 --- [nio-8080-exec-6] org.hibernate.SQL                        : 
    select
        cr1_0.id,
        cr1_0.createdAt,
        cr1_0.member1_id,
        cr1_0.member2_id 
    from
        chat_room cr1_0 
    where
        cr1_0.member1_id=? 
        and cr1_0.member2_id=?
2026-05-28T20:06:55.700+09:00 TRACE 31519 --- [nio-8080-exec-6] org.hibernate.orm.jdbc.bind              : binding parameter (1:BIGINT) <- [1]
2026-05-28T20:06:55.700+09:00 DEBUG 31519 --- [nio-8080-exec-3] org.hibernate.SQL                        : 
    select
        cr1_0.id,
        cr1_0.createdAt,
        cr1_0.member1_id,
        cr1_0.member2_id 
    from
        chat_room cr1_0 
    where
        cr1_0.member1_id=? 
        and cr1_0.member2_id=?
2026-05-28T20:06:55.700+09:00 TRACE 31519 --- [nio-8080-exec-3] org.hibernate.orm.jdbc.bind              : binding parameter (1:BIGINT) <- [1]
2026-05-28T20:06:55.700+09:00 TRACE 31519 --- [nio-8080-exec-3] org.hibernate.orm.jdbc.bind              : binding parameter (2:BIGINT) <- [2]
2026-05-28T20:06:55.700+09:00 TRACE 31519 --- [nio-8080-exec-6] org.hibernate.orm.jdbc.bind              : binding parameter (2:BIGINT) <- [2]
2026-05-28T20:06:55.701+09:00 DEBUG 31519 --- [nio-8080-exec-6] org.hibernate.SQL                        : 
    update
        chat_message cm1_0 
    set
        read=true,
        readAt=localtimestamp 
    where
        cm1_0.chat_room_id=? 
        and cm1_0.sender_id<>? 
        and cm1_0.read=false
2026-05-28T20:06:55.701+09:00 TRACE 31519 --- [nio-8080-exec-6] org.hibernate.orm.jdbc.bind              : binding parameter (1:BIGINT) <- [1]
2026-05-28T20:06:55.701+09:00 TRACE 31519 --- [nio-8080-exec-6] org.hibernate.orm.jdbc.bind              : binding parameter (2:BIGINT) <- [1]
2026-05-28T20:06:55.701+09:00 DEBUG 31519 --- [nio-8080-exec-3] org.hibernate.SQL                        : 
    update
        chat_message cm1_0 
    set
        read=true,
        readAt=localtimestamp 
    where
        cm1_0.chat_room_id=? 
        and cm1_0.sender_id<>? 
        and cm1_0.read=false
2026-05-28T20:06:55.701+09:00 TRACE 31519 --- [nio-8080-exec-3] org.hibernate.orm.jdbc.bind              : binding parameter (1:BIGINT) <- [1]
2026-05-28T20:06:55.701+09:00 TRACE 31519 --- [nio-8080-exec-3] org.hibernate.orm.jdbc.bind              : binding parameter (2:BIGINT) <- [1]
2026-05-28T20:06:55.702+09:00 DEBUG 31519 --- [nio-8080-exec-6] org.hibernate.SQL                        : 
    select
        cm1_0.id,
        cm1_0.chat_room_id,
        cm1_0.content,
        cm1_0.createdAt,
        cm1_0.messageType,
        cm1_0.read,
        cm1_0.readAt,
        cm1_0.sender_id 
    from
        chat_message cm1_0 
    where
        cm1_0.chat_room_id=? 
    order by
        cm1_0.createdAt desc 
    fetch
        first ? rows only
2026-05-28T20:06:55.702+09:00 TRACE 31519 --- [nio-8080-exec-6] org.hibernate.orm.jdbc.bind              : binding parameter (1:BIGINT) <- [1]
2026-05-28T20:06:55.702+09:00 DEBUG 31519 --- [nio-8080-exec-3] org.hibernate.SQL                        : 
    select
        cm1_0.id,
        cm1_0.chat_room_id,
        cm1_0.content,
        cm1_0.createdAt,
        cm1_0.messageType,
        cm1_0.read,
        cm1_0.readAt,
        cm1_0.sender_id 
    from
        chat_message cm1_0 
    where
        cm1_0.chat_room_id=? 
    order by
        cm1_0.createdAt desc 
    fetch
        first ? rows only
2026-05-28T20:06:55.702+09:00 TRACE 31519 --- [nio-8080-exec-6] org.hibernate.orm.jdbc.bind              : binding parameter (2:INTEGER) <- [50]
2026-05-28T20:06:55.702+09:00 TRACE 31519 --- [nio-8080-exec-3] org.hibernate.orm.jdbc.bind              : binding parameter (1:BIGINT) <- [1]
2026-05-28T20:06:55.702+09:00 TRACE 31519 --- [nio-8080-exec-3] org.hibernate.orm.jdbc.bind              : binding parameter (2:INTEGER) <- [50]
2026-05-28T20:06:55.703+09:00 DEBUG 31519 --- [nio-8080-exec-6] org.hibernate.SQL                        : 
    select
        m1_0.id,
        m1_0.managerId,
        m1_0.password,
        m1_0.role,
        m1_0.username,
        m1_0.virtualBalance 
    from
        Member m1_0 
    where
        m1_0.id=?
2026-05-28T20:06:55.703+09:00 TRACE 31519 --- [nio-8080-exec-6] org.hibernate.orm.jdbc.bind              : binding parameter (1:BIGINT) <- [1]
2026-05-28T20:06:55.703+09:00 DEBUG 31519 --- [nio-8080-exec-3] org.hibernate.SQL                        : 
    select
        m1_0.id,
        m1_0.managerId,
        m1_0.password,
        m1_0.role,
        m1_0.username,
        m1_0.virtualBalance 
    from
        Member m1_0 
    where
        m1_0.id=?
2026-05-28T20:06:55.703+09:00 TRACE 31519 --- [nio-8080-exec-3] org.hibernate.orm.jdbc.bind              : binding parameter (1:BIGINT) <- [1]
2026-05-28T20:06:55.704+09:00 DEBUG 31519 --- [nio-8080-exec-3] org.hibernate.SQL                        : 
    select
        ms1_0.id,
        ms1_0.member_id,
        ms1_0.statusType,
        ms1_0.updatedAt 
    from
        MemberStatus ms1_0 
    where
        ms1_0.member_id=?
2026-05-28T20:06:55.704+09:00 DEBUG 31519 --- [nio-8080-exec-6] org.hibernate.SQL                        : 
    select
        ms1_0.id,
        ms1_0.member_id,
        ms1_0.statusType,
        ms1_0.updatedAt 
    from
        MemberStatus ms1_0 
    where
        ms1_0.member_id=?
2026-05-28T20:06:55.704+09:00 TRACE 31519 --- [nio-8080-exec-3] org.hibernate.orm.jdbc.bind              : binding parameter (1:BIGINT) <- [2]
2026-05-28T20:06:55.704+09:00 TRACE 31519 --- [nio-8080-exec-6] org.hibernate.orm.jdbc.bind              : binding parameter (1:BIGINT) <- [2]
2026-05-28T20:06:55.714+09:00 DEBUG 31519 --- [nio-8080-exec-4] org.hibernate.SQL                        : 
    select
        m1_0.id,
        m1_0.managerId,
        m1_0.password,
        m1_0.role,
        m1_0.username,
        m1_0.virtualBalance 
    from
        Member m1_0 
    where
        m1_0.id=?
2026-05-28T20:06:55.714+09:00 TRACE 31519 --- [nio-8080-exec-4] org.hibernate.orm.jdbc.bind              : binding parameter (1:BIGINT) <- [1]
2026-05-28T20:06:55.714+09:00 DEBUG 31519 --- [nio-8080-exec-4] org.hibernate.SQL                        : 
    select
        m1_0.id,
        m1_0.managerId,
        m1_0.password,
        m1_0.role,
        m1_0.username,
        m1_0.virtualBalance 
    from
        Member m1_0 
    where
        m1_0.id=?
2026-05-28T20:06:55.715+09:00 TRACE 31519 --- [nio-8080-exec-4] org.hibernate.orm.jdbc.bind              : binding parameter (1:BIGINT) <- [2]
2026-05-28T20:06:55.715+09:00 DEBUG 31519 --- [nio-8080-exec-4] org.hibernate.SQL                        : 
    select
        ms1_0.id,
        ms1_0.member_id,
        ms1_0.statusType,
        ms1_0.updatedAt 
    from
        MemberStatus ms1_0 
    where
        ms1_0.member_id=?
2026-05-28T20:06:55.715+09:00 TRACE 31519 --- [nio-8080-exec-4] org.hibernate.orm.jdbc.bind              : binding parameter (1:BIGINT) <- [2]
2026-05-28T20:06:55.719+09:00 DEBUG 31519 --- [nio-8080-exec-7] org.hibernate.SQL                        : 
    select
        m1_0.id,
        m1_0.managerId,
        m1_0.password,
        m1_0.role,
        m1_0.username,
        m1_0.virtualBalance 
    from
        Member m1_0 
    where
        m1_0.id=?
2026-05-28T20:06:55.719+09:00 DEBUG 31519 --- [nio-8080-exec-2] org.hibernate.SQL                        : 
    select
        m1_0.id,
        m1_0.managerId,
        m1_0.password,
        m1_0.role,
        m1_0.username,
        m1_0.virtualBalance 
    from
        Member m1_0 
    where
        m1_0.id=?
2026-05-28T20:06:55.719+09:00 TRACE 31519 --- [nio-8080-exec-7] org.hibernate.orm.jdbc.bind              : binding parameter (1:BIGINT) <- [1]
2026-05-28T20:06:55.719+09:00 TRACE 31519 --- [nio-8080-exec-2] org.hibernate.orm.jdbc.bind              : binding parameter (1:BIGINT) <- [1]
2026-05-28T20:06:55.720+09:00 DEBUG 31519 --- [nio-8080-exec-7] org.hibernate.SQL                        : 
    select
        cr1_0.id,
        cr1_0.createdAt,
        cr1_0.member1_id,
        cr1_0.member2_id 
    from
        chat_room cr1_0 
    where
        cr1_0.id=?
2026-05-28T20:06:55.720+09:00 TRACE 31519 --- [nio-8080-exec-7] org.hibernate.orm.jdbc.bind              : binding parameter (1:BIGINT) <- [1]
2026-05-28T20:06:55.720+09:00 DEBUG 31519 --- [nio-8080-exec-2] org.hibernate.SQL                        : 
    select
        m1_0.id,
        m1_0.managerId,
        m1_0.password,
        m1_0.role,
        m1_0.username,
        m1_0.virtualBalance 
    from
        Member m1_0 
    where
        m1_0.id=?
2026-05-28T20:06:55.720+09:00 TRACE 31519 --- [nio-8080-exec-2] org.hibernate.orm.jdbc.bind              : binding parameter (1:BIGINT) <- [2]
2026-05-28T20:06:55.721+09:00 DEBUG 31519 --- [nio-8080-exec-2] org.hibernate.SQL                        : 
    select
        ms1_0.id,
        ms1_0.member_id,
        ms1_0.statusType,
        ms1_0.updatedAt 
    from
        MemberStatus ms1_0 
    where
        ms1_0.member_id=?
2026-05-28T20:06:55.721+09:00 DEBUG 31519 --- [nio-8080-exec-7] org.hibernate.SQL                        : 
    update
        chat_message cm1_0 
    set
        read=true,
        readAt=localtimestamp 
    where
        cm1_0.chat_room_id=? 
        and cm1_0.sender_id<>? 
        and cm1_0.read=false
2026-05-28T20:06:55.721+09:00 TRACE 31519 --- [nio-8080-exec-2] org.hibernate.orm.jdbc.bind              : binding parameter (1:BIGINT) <- [2]
2026-05-28T20:06:55.721+09:00 TRACE 31519 --- [nio-8080-exec-7] org.hibernate.orm.jdbc.bind              : binding parameter (1:BIGINT) <- [1]
2026-05-28T20:06:55.721+09:00 TRACE 31519 --- [nio-8080-exec-7] org.hibernate.orm.jdbc.bind              : binding parameter (2:BIGINT) <- [1]
2026-05-28T20:06:55.725+09:00 DEBUG 31519 --- [nio-8080-exec-1] org.hibernate.SQL                        : 
    select
        m1_0.id,
        m1_0.managerId,
        m1_0.password,
        m1_0.role,
        m1_0.username,
        m1_0.virtualBalance 
    from
        Member m1_0 
    where
        m1_0.id=?
2026-05-28T20:06:55.725+09:00 TRACE 31519 --- [nio-8080-exec-1] org.hibernate.orm.jdbc.bind              : binding parameter (1:BIGINT) <- [1]
2026-05-28T20:06:55.726+09:00 DEBUG 31519 --- [nio-8080-exec-1] org.hibernate.SQL                        : 
    select
        cr1_0.id,
        cr1_0.createdAt,
        cr1_0.member1_id,
        cr1_0.member2_id 
    from
        chat_room cr1_0 
    where
        cr1_0.id=?
2026-05-28T20:06:55.726+09:00 TRACE 31519 --- [nio-8080-exec-1] org.hibernate.orm.jdbc.bind              : binding parameter (1:BIGINT) <- [1]
2026-05-28T20:06:55.727+09:00 DEBUG 31519 --- [nio-8080-exec-1] org.hibernate.SQL                        : 
    update
        chat_message cm1_0 
    set
        read=true,
        readAt=localtimestamp 
    where
        cm1_0.chat_room_id=? 
        and cm1_0.sender_id<>? 
        and cm1_0.read=false
2026-05-28T20:06:55.727+09:00 TRACE 31519 --- [nio-8080-exec-1] org.hibernate.orm.jdbc.bind              : binding parameter (1:BIGINT) <- [1]
2026-05-28T20:06:55.727+09:00 TRACE 31519 --- [nio-8080-exec-1] org.hibernate.orm.jdbc.bind              : binding parameter (2:BIGINT) <- [1]
2026-05-28T20:07:17.034+09:00 DEBUG 31519 --- [io-8080-exec-10] org.hibernate.SQL                        : 
    select
        m1_0.id 
    from
        Member m1_0 
    where
        m1_0.username=? 
    fetch
        first ? rows only
2026-05-28T20:07:17.035+09:00 TRACE 31519 --- [io-8080-exec-10] org.hibernate.orm.jdbc.bind              : binding parameter (1:VARCHAR) <- [test02]
2026-05-28T20:07:17.035+09:00 TRACE 31519 --- [io-8080-exec-10] org.hibernate.orm.jdbc.bind              : binding parameter (2:INTEGER) <- [1]
2026-05-28T20:07:17.124+09:00 DEBUG 31519 --- [io-8080-exec-10] org.hibernate.SQL                        : 
    insert 
    into
        Member
        (managerId, password, role, username, virtualBalance, id) 
    values
        (?, ?, ?, ?, ?, default)
2026-05-28T20:07:17.124+09:00 TRACE 31519 --- [io-8080-exec-10] org.hibernate.orm.jdbc.bind              : binding parameter (1:BIGINT) <- [null]
2026-05-28T20:07:17.124+09:00 TRACE 31519 --- [io-8080-exec-10] org.hibernate.orm.jdbc.bind              : binding parameter (2:VARCHAR) <- [$2a$10$DBgXpDGBXNNa/IbZIkogVOHb6PFMW.ueBWPQyiVzK54wg5MSlMNr2]
2026-05-28T20:07:17.124+09:00 TRACE 31519 --- [io-8080-exec-10] org.hibernate.orm.jdbc.bind              : binding parameter (3:ENUM) <- [EMPLOYEE]
2026-05-28T20:07:17.124+09:00 TRACE 31519 --- [io-8080-exec-10] org.hibernate.orm.jdbc.bind              : binding parameter (4:VARCHAR) <- [test02]
2026-05-28T20:07:17.124+09:00 TRACE 31519 --- [io-8080-exec-10] org.hibernate.orm.jdbc.bind              : binding parameter (5:BIGINT) <- [null]
2026-05-28T20:07:17.131+09:00 DEBUG 31519 --- [nio-8080-exec-9] org.hibernate.SQL                        : 
    select
        m1_0.id,
        m1_0.managerId,
        m1_0.password,
        m1_0.role,
        m1_0.username,
        m1_0.virtualBalance 
    from
        Member m1_0 
    where
        m1_0.username=?
2026-05-28T20:07:17.131+09:00 TRACE 31519 --- [nio-8080-exec-9] org.hibernate.orm.jdbc.bind              : binding parameter (1:VARCHAR) <- [test02]
2026-05-28T20:07:17.194+09:00 DEBUG 31519 --- [nio-8080-exec-9] org.hibernate.SQL                        : 
    select
        rt1_0.id,
        rt1_0.expiresAt,
        rt1_0.memberId,
        rt1_0.token 
    from
        RefreshToken rt1_0 
    where
        rt1_0.memberId=?
2026-05-28T20:07:17.194+09:00 TRACE 31519 --- [nio-8080-exec-9] org.hibernate.orm.jdbc.bind              : binding parameter (1:BIGINT) <- [3]
2026-05-28T20:07:17.194+09:00 DEBUG 31519 --- [nio-8080-exec-9] org.hibernate.SQL                        : 
    insert 
    into
        RefreshToken
        (expiresAt, memberId, token, id) 
    values
        (?, ?, ?, default)
2026-05-28T20:07:17.194+09:00 TRACE 31519 --- [nio-8080-exec-9] org.hibernate.orm.jdbc.bind              : binding parameter (1:TIMESTAMP) <- [2026-06-04T20:07:17.193734]
2026-05-28T20:07:17.194+09:00 TRACE 31519 --- [nio-8080-exec-9] org.hibernate.orm.jdbc.bind              : binding parameter (2:BIGINT) <- [3]
2026-05-28T20:07:17.194+09:00 TRACE 31519 --- [nio-8080-exec-9] org.hibernate.orm.jdbc.bind              : binding parameter (3:VARCHAR) <- [eyJhbGciOiJIUzUxMiJ9.eyJzdWIiOiIzIiwicm9sZXMiOlsiRU1QTE9ZRUUiXSwidHlwZSI6InJlZnJlc2giLCJpYXQiOjE3Nzk5NjY0MzcsImV4cCI6MTc4MDU3MTIzN30.lQxuspEHTr4PrFh3rpytIHYsw8lEPJ9L0EA8Q3Ggd8dIzDUWrcyu2SqD24cr3qXBqHtfFqrv3IM6_ySH5YJV6g]
2026-05-28T20:07:17.213+09:00 DEBUG 31519 --- [nio-8080-exec-5] org.hibernate.SQL                        : 
    select
        m1_0.id,
        m1_0.managerId,
        m1_0.password,
        m1_0.role,
        m1_0.username,
        m1_0.virtualBalance 
    from
        Member m1_0 
    where
        m1_0.id=?
2026-05-28T20:07:17.213+09:00 TRACE 31519 --- [nio-8080-exec-5] org.hibernate.orm.jdbc.bind              : binding parameter (1:BIGINT) <- [3]
2026-05-28T20:07:17.215+09:00 DEBUG 31519 --- [nio-8080-exec-8] org.hibernate.SQL                        : 
    select
        m1_0.id,
        m1_0.managerId,
        m1_0.password,
        m1_0.role,
        m1_0.username,
        m1_0.virtualBalance 
    from
        Member m1_0 
    where
        m1_0.id=?
2026-05-28T20:07:17.215+09:00 TRACE 31519 --- [nio-8080-exec-8] org.hibernate.orm.jdbc.bind              : binding parameter (1:BIGINT) <- [3]
2026-05-28T20:07:17.215+09:00 DEBUG 31519 --- [nio-8080-exec-6] org.hibernate.SQL                        : 
    select
        m1_0.id,
        m1_0.managerId,
        m1_0.password,
        m1_0.role,
        m1_0.username,
        m1_0.virtualBalance 
    from
        Member m1_0 
    where
        m1_0.id=?
2026-05-28T20:07:17.215+09:00 TRACE 31519 --- [nio-8080-exec-6] org.hibernate.orm.jdbc.bind              : binding parameter (1:BIGINT) <- [3]
2026-05-28T20:07:17.215+09:00 DEBUG 31519 --- [nio-8080-exec-6] org.hibernate.SQL                        : 
    select
        m1_0.id,
        m1_0.managerId,
        m1_0.password,
        m1_0.role,
        m1_0.username,
        m1_0.virtualBalance 
    from
        Member m1_0 
    where
        m1_0.id=?
2026-05-28T20:07:17.215+09:00 TRACE 31519 --- [nio-8080-exec-6] org.hibernate.orm.jdbc.bind              : binding parameter (1:BIGINT) <- [3]
2026-05-28T20:07:17.215+09:00 DEBUG 31519 --- [nio-8080-exec-8] org.hibernate.SQL                        : 
    select
        m1_0.id,
        m1_0.managerId,
        m1_0.password,
        m1_0.role,
        m1_0.username,
        m1_0.virtualBalance 
    from
        Member m1_0 
    where
        m1_0.id=?
2026-05-28T20:07:17.215+09:00 TRACE 31519 --- [nio-8080-exec-8] org.hibernate.orm.jdbc.bind              : binding parameter (1:BIGINT) <- [3]
2026-05-28T20:07:17.216+09:00 DEBUG 31519 --- [nio-8080-exec-8] org.hibernate.SQL                        : 
    select
        ds1_0.id,
        ds1_0.createdAt,
        ds1_0.goal,
        ds1_0.member_id,
        ds1_0.result,
        ds1_0.standupDate,
        ds1_0.updatedAt 
    from
        DailyStandup ds1_0 
    where
        ds1_0.member_id=? 
        and ds1_0.standupDate=?
2026-05-28T20:07:17.216+09:00 DEBUG 31519 --- [nio-8080-exec-6] org.hibernate.SQL                        : 
    select
        n1_0.id,
        n1_0.createdAt,
        n1_0.message,
        n1_0.notificationType,
        n1_0.read,
        n1_0.readAt,
        n1_0.receiver_id,
        n1_0.sender_id 
    from
        Notification n1_0 
    where
        n1_0.receiver_id=? 
        and not(n1_0.read) 
    order by
        n1_0.createdAt desc
2026-05-28T20:07:17.216+09:00 TRACE 31519 --- [nio-8080-exec-8] org.hibernate.orm.jdbc.bind              : binding parameter (1:BIGINT) <- [3]
2026-05-28T20:07:17.216+09:00 TRACE 31519 --- [nio-8080-exec-8] org.hibernate.orm.jdbc.bind              : binding parameter (2:DATE) <- [2026-05-28]
2026-05-28T20:07:17.216+09:00 DEBUG 31519 --- [nio-8080-exec-3] org.hibernate.SQL                        : 
    select
        m1_0.id,
        m1_0.managerId,
        m1_0.password,
        m1_0.role,
        m1_0.username,
        m1_0.virtualBalance 
    from
        Member m1_0 
    where
        m1_0.id=?
2026-05-28T20:07:17.216+09:00 TRACE 31519 --- [nio-8080-exec-3] org.hibernate.orm.jdbc.bind              : binding parameter (1:BIGINT) <- [3]
2026-05-28T20:07:17.216+09:00 TRACE 31519 --- [nio-8080-exec-6] org.hibernate.orm.jdbc.bind              : binding parameter (1:BIGINT) <- [3]
2026-05-28T20:07:17.220+09:00 DEBUG 31519 --- [nio-8080-exec-4] org.hibernate.SQL                        : 
    select
        m1_0.id,
        m1_0.managerId,
        m1_0.password,
        m1_0.role,
        m1_0.username,
        m1_0.virtualBalance 
    from
        Member m1_0 
    where
        m1_0.id=?
2026-05-28T20:07:17.220+09:00 TRACE 31519 --- [nio-8080-exec-4] org.hibernate.orm.jdbc.bind              : binding parameter (1:BIGINT) <- [3]
2026-05-28T20:07:17.220+09:00 DEBUG 31519 --- [nio-8080-exec-2] org.hibernate.SQL                        : 
    select
        m1_0.id,
        m1_0.managerId,
        m1_0.password,
        m1_0.role,
        m1_0.username,
        m1_0.virtualBalance 
    from
        Member m1_0 
    where
        m1_0.id=?
2026-05-28T20:07:17.220+09:00 TRACE 31519 --- [nio-8080-exec-2] org.hibernate.orm.jdbc.bind              : binding parameter (1:BIGINT) <- [3]
2026-05-28T20:07:17.220+09:00 DEBUG 31519 --- [nio-8080-exec-4] org.hibernate.SQL                        : 
    select
        m1_0.id,
        m1_0.managerId,
        m1_0.password,
        m1_0.role,
        m1_0.username,
        m1_0.virtualBalance 
    from
        Member m1_0 
    where
        m1_0.id=?
2026-05-28T20:07:17.220+09:00 TRACE 31519 --- [nio-8080-exec-4] org.hibernate.orm.jdbc.bind              : binding parameter (1:BIGINT) <- [3]
2026-05-28T20:07:17.220+09:00 DEBUG 31519 --- [nio-8080-exec-2] org.hibernate.SQL                        : 
    select
        m1_0.id,
        m1_0.managerId,
        m1_0.password,
        m1_0.role,
        m1_0.username,
        m1_0.virtualBalance 
    from
        Member m1_0 
    where
        m1_0.id=?
2026-05-28T20:07:17.220+09:00 TRACE 31519 --- [nio-8080-exec-2] org.hibernate.orm.jdbc.bind              : binding parameter (1:BIGINT) <- [3]
2026-05-28T20:07:17.221+09:00 DEBUG 31519 --- [nio-8080-exec-4] org.hibernate.SQL                        : 
    select
        ds1_0.id,
        ds1_0.createdAt,
        ds1_0.goal,
        ds1_0.member_id,
        ds1_0.result,
        ds1_0.standupDate,
        ds1_0.updatedAt 
    from
        DailyStandup ds1_0 
    where
        ds1_0.member_id=? 
        and ds1_0.standupDate=?
2026-05-28T20:07:17.221+09:00 DEBUG 31519 --- [nio-8080-exec-2] org.hibernate.SQL                        : 
    select
        n1_0.id,
        n1_0.createdAt,
        n1_0.message,
        n1_0.notificationType,
        n1_0.read,
        n1_0.readAt,
        n1_0.receiver_id,
        n1_0.sender_id 
    from
        Notification n1_0 
    where
        n1_0.receiver_id=? 
        and not(n1_0.read) 
    order by
        n1_0.createdAt desc
2026-05-28T20:07:17.221+09:00 TRACE 31519 --- [nio-8080-exec-4] org.hibernate.orm.jdbc.bind              : binding parameter (1:BIGINT) <- [3]
2026-05-28T20:07:17.221+09:00 TRACE 31519 --- [nio-8080-exec-2] org.hibernate.orm.jdbc.bind              : binding parameter (1:BIGINT) <- [3]
2026-05-28T20:07:17.221+09:00 TRACE 31519 --- [nio-8080-exec-4] org.hibernate.orm.jdbc.bind              : binding parameter (2:DATE) <- [2026-05-28]
2026-05-28T20:07:17.224+09:00 DEBUG 31519 --- [nio-8080-exec-7] org.hibernate.SQL                        : 
    select
        m1_0.id,
        m1_0.managerId,
        m1_0.password,
        m1_0.role,
        m1_0.username,
        m1_0.virtualBalance 
    from
        Member m1_0 
    where
        m1_0.id=?
2026-05-28T20:07:17.225+09:00 TRACE 31519 --- [nio-8080-exec-7] org.hibernate.orm.jdbc.bind              : binding parameter (1:BIGINT) <- [3]
2026-05-28T20:07:17.228+09:00 DEBUG 31519 --- [nio-8080-exec-1] org.hibernate.SQL                        : 
    select
        m1_0.id,
        m1_0.managerId,
        m1_0.password,
        m1_0.role,
        m1_0.username,
        m1_0.virtualBalance 
    from
        Member m1_0 
    where
        m1_0.id=?
2026-05-28T20:07:17.228+09:00 TRACE 31519 --- [nio-8080-exec-1] org.hibernate.orm.jdbc.bind              : binding parameter (1:BIGINT) <- [3]
2026-05-28T20:07:26.039+09:00 DEBUG 31519 --- [nio-8080-exec-8] org.hibernate.SQL                        : 
    select
        m1_0.id,
        m1_0.managerId,
        m1_0.password,
        m1_0.role,
        m1_0.username,
        m1_0.virtualBalance 
    from
        Member m1_0 
    where
        m1_0.id=?
2026-05-28T20:07:26.039+09:00 TRACE 31519 --- [nio-8080-exec-8] org.hibernate.orm.jdbc.bind              : binding parameter (1:BIGINT) <- [1]
2026-05-28T20:07:26.041+09:00 DEBUG 31519 --- [nio-8080-exec-8] org.hibernate.SQL                        : 
    select
        m1_0.id,
        m1_0.managerId,
        m1_0.password,
        m1_0.role,
        m1_0.username,
        m1_0.virtualBalance 
    from
        Member m1_0 
    where
        m1_0.id=?
2026-05-28T20:07:26.041+09:00 TRACE 31519 --- [nio-8080-exec-8] org.hibernate.orm.jdbc.bind              : binding parameter (1:BIGINT) <- [2]
2026-05-28T20:07:26.041+09:00 DEBUG 31519 --- [nio-8080-exec-3] org.hibernate.SQL                        : 
    select
        m1_0.id,
        m1_0.managerId,
        m1_0.password,
        m1_0.role,
        m1_0.username,
        m1_0.virtualBalance 
    from
        Member m1_0 
    where
        m1_0.id=?
2026-05-28T20:07:26.041+09:00 TRACE 31519 --- [nio-8080-exec-3] org.hibernate.orm.jdbc.bind              : binding parameter (1:BIGINT) <- [1]
2026-05-28T20:07:26.042+09:00 DEBUG 31519 --- [nio-8080-exec-3] org.hibernate.SQL                        : 
    select
        mr1_0.id,
        mr1_0.active,
        mr1_0.createdAt,
        mr1_0.endedAt,
        mr1_0.host_id,
        mr1_0.title 
    from
        MeetingRoom mr1_0 
    join
        Member h1_0 
            on h1_0.id=mr1_0.host_id 
    where
        mr1_0.active=true 
        and (
            h1_0.managerId=? 
            or mr1_0.host_id=?
        ) 
    order by
        mr1_0.createdAt desc
2026-05-28T20:07:26.042+09:00 DEBUG 31519 --- [nio-8080-exec-2] org.hibernate.SQL                        : 
    select
        m1_0.id,
        m1_0.managerId,
        m1_0.password,
        m1_0.role,
        m1_0.username,
        m1_0.virtualBalance 
    from
        Member m1_0 
    where
        m1_0.id=?
2026-05-28T20:07:26.042+09:00 TRACE 31519 --- [nio-8080-exec-3] org.hibernate.orm.jdbc.bind              : binding parameter (1:BIGINT) <- [2]
2026-05-28T20:07:26.042+09:00 TRACE 31519 --- [nio-8080-exec-3] org.hibernate.orm.jdbc.bind              : binding parameter (2:BIGINT) <- [2]
2026-05-28T20:07:26.042+09:00 TRACE 31519 --- [nio-8080-exec-2] org.hibernate.orm.jdbc.bind              : binding parameter (1:BIGINT) <- [1]
2026-05-28T20:07:26.043+09:00 DEBUG 31519 --- [nio-8080-exec-2] org.hibernate.SQL                        : 
    select
        m1_0.id,
        m1_0.managerId,
        m1_0.password,
        m1_0.role,
        m1_0.username,
        m1_0.virtualBalance 
    from
        Member m1_0 
    where
        m1_0.id=?
2026-05-28T20:07:26.044+09:00 TRACE 31519 --- [nio-8080-exec-2] org.hibernate.orm.jdbc.bind              : binding parameter (1:BIGINT) <- [1]
2026-05-28T20:07:26.044+09:00 DEBUG 31519 --- [nio-8080-exec-4] org.hibernate.SQL                        : 
    select
        m1_0.id,
        m1_0.managerId,
        m1_0.password,
        m1_0.role,
        m1_0.username,
        m1_0.virtualBalance 
    from
        Member m1_0 
    where
        m1_0.id=?
2026-05-28T20:07:26.044+09:00 TRACE 31519 --- [nio-8080-exec-4] org.hibernate.orm.jdbc.bind              : binding parameter (1:BIGINT) <- [1]
2026-05-28T20:07:26.045+09:00 DEBUG 31519 --- [nio-8080-exec-2] org.hibernate.SQL                        : 
    select
        ds1_0.id,
        ds1_0.createdAt,
        ds1_0.goal,
        ds1_0.member_id,
        ds1_0.result,
        ds1_0.standupDate,
        ds1_0.updatedAt 
    from
        DailyStandup ds1_0 
    where
        ds1_0.member_id=? 
        and ds1_0.standupDate=?
2026-05-28T20:07:26.045+09:00 TRACE 31519 --- [nio-8080-exec-2] org.hibernate.orm.jdbc.bind              : binding parameter (1:BIGINT) <- [1]
2026-05-28T20:07:26.045+09:00 TRACE 31519 --- [nio-8080-exec-2] org.hibernate.orm.jdbc.bind              : binding parameter (2:DATE) <- [2026-05-28]
2026-05-28T20:07:26.045+09:00 DEBUG 31519 --- [nio-8080-exec-4] org.hibernate.SQL                        : 
    select
        m1_0.id,
        m1_0.managerId,
        m1_0.password,
        m1_0.role,
        m1_0.username,
        m1_0.virtualBalance 
    from
        Member m1_0 
    where
        m1_0.id=?
2026-05-28T20:07:26.045+09:00 TRACE 31519 --- [nio-8080-exec-4] org.hibernate.orm.jdbc.bind              : binding parameter (1:BIGINT) <- [1]
2026-05-28T20:07:26.046+09:00 DEBUG 31519 --- [nio-8080-exec-4] org.hibernate.SQL                        : 
    select
        n1_0.id,
        n1_0.createdAt,
        n1_0.message,
        n1_0.notificationType,
        n1_0.read,
        n1_0.readAt,
        n1_0.receiver_id,
        n1_0.sender_id 
    from
        Notification n1_0 
    where
        n1_0.receiver_id=? 
        and not(n1_0.read) 
    order by
        n1_0.createdAt desc
2026-05-28T20:07:26.046+09:00 TRACE 31519 --- [nio-8080-exec-4] org.hibernate.orm.jdbc.bind              : binding parameter (1:BIGINT) <- [1]
2026-05-28T20:07:26.048+09:00 DEBUG 31519 --- [nio-8080-exec-1] org.hibernate.SQL                        : 
    select
        m1_0.id,
        m1_0.managerId,
        m1_0.password,
        m1_0.role,
        m1_0.username,
        m1_0.virtualBalance 
    from
        Member m1_0 
    where
        m1_0.id=?
2026-05-28T20:07:26.048+09:00 TRACE 31519 --- [nio-8080-exec-1] org.hibernate.orm.jdbc.bind              : binding parameter (1:BIGINT) <- [1]
2026-05-28T20:07:26.048+09:00 DEBUG 31519 --- [nio-8080-exec-1] org.hibernate.SQL                        : 
    select
        m1_0.id,
        m1_0.managerId,
        m1_0.password,
        m1_0.role,
        m1_0.username,
        m1_0.virtualBalance 
    from
        Member m1_0 
    where
        m1_0.id=?
2026-05-28T20:07:26.048+09:00 TRACE 31519 --- [nio-8080-exec-1] org.hibernate.orm.jdbc.bind              : binding parameter (1:BIGINT) <- [2]
2026-05-28T20:07:26.049+09:00 DEBUG 31519 --- [nio-8080-exec-1] org.hibernate.SQL                        : 
    select
        m1_0.id,
        m1_0.managerId,
        m1_0.password,
        m1_0.role,
        m1_0.username,
        m1_0.virtualBalance 
    from
        Member m1_0 
    where
        m1_0.id=?
2026-05-28T20:07:26.049+09:00 DEBUG 31519 --- [io-8080-exec-10] org.hibernate.SQL                        : 
    select
        m1_0.id,
        m1_0.managerId,
        m1_0.password,
        m1_0.role,
        m1_0.username,
        m1_0.virtualBalance 
    from
        Member m1_0 
    where
        m1_0.id=?
2026-05-28T20:07:26.049+09:00 TRACE 31519 --- [nio-8080-exec-1] org.hibernate.orm.jdbc.bind              : binding parameter (1:BIGINT) <- [1]
2026-05-28T20:07:26.049+09:00 TRACE 31519 --- [io-8080-exec-10] org.hibernate.orm.jdbc.bind              : binding parameter (1:BIGINT) <- [1]
2026-05-28T20:07:26.050+09:00 DEBUG 31519 --- [io-8080-exec-10] org.hibernate.SQL                        : 
    select
        mr1_0.id,
        mr1_0.active,
        mr1_0.createdAt,
        mr1_0.endedAt,
        mr1_0.host_id,
        mr1_0.title 
    from
        MeetingRoom mr1_0 
    join
        Member h1_0 
            on h1_0.id=mr1_0.host_id 
    where
        mr1_0.active=true 
        and (
            h1_0.managerId=? 
            or mr1_0.host_id=?
        ) 
    order by
        mr1_0.createdAt desc
2026-05-28T20:07:26.050+09:00 TRACE 31519 --- [io-8080-exec-10] org.hibernate.orm.jdbc.bind              : binding parameter (1:BIGINT) <- [2]
2026-05-28T20:07:26.050+09:00 TRACE 31519 --- [io-8080-exec-10] org.hibernate.orm.jdbc.bind              : binding parameter (2:BIGINT) <- [2]
2026-05-28T20:07:26.050+09:00 DEBUG 31519 --- [nio-8080-exec-1] org.hibernate.SQL                        : 
    select
        m1_0.id,
        m1_0.managerId,
        m1_0.password,
        m1_0.role,
        m1_0.username,
        m1_0.virtualBalance 
    from
        Member m1_0 
    where
        m1_0.managerId=?
2026-05-28T20:07:26.050+09:00 TRACE 31519 --- [nio-8080-exec-1] org.hibernate.orm.jdbc.bind              : binding parameter (1:BIGINT) <- [2]
2026-05-28T20:07:26.051+09:00 DEBUG 31519 --- [nio-8080-exec-6] org.hibernate.SQL                        : 
    select
        m1_0.id,
        m1_0.managerId,
        m1_0.password,
        m1_0.role,
        m1_0.username,
        m1_0.virtualBalance 
    from
        Member m1_0 
    where
        m1_0.id=?
2026-05-28T20:07:26.051+09:00 TRACE 31519 --- [nio-8080-exec-6] org.hibernate.orm.jdbc.bind              : binding parameter (1:BIGINT) <- [1]
2026-05-28T20:07:26.052+09:00 DEBUG 31519 --- [nio-8080-exec-6] org.hibernate.SQL                        : 
    select
        m1_0.id,
        m1_0.managerId,
        m1_0.password,
        m1_0.role,
        m1_0.username,
        m1_0.virtualBalance 
    from
        Member m1_0 
    where
        m1_0.id=?
2026-05-28T20:07:26.052+09:00 DEBUG 31519 --- [nio-8080-exec-5] org.hibernate.SQL                        : 
    select
        m1_0.id,
        m1_0.managerId,
        m1_0.password,
        m1_0.role,
        m1_0.username,
        m1_0.virtualBalance 
    from
        Member m1_0 
    where
        m1_0.id=?
2026-05-28T20:07:26.052+09:00 TRACE 31519 --- [nio-8080-exec-6] org.hibernate.orm.jdbc.bind              : binding parameter (1:BIGINT) <- [1]
2026-05-28T20:07:26.052+09:00 TRACE 31519 --- [nio-8080-exec-5] org.hibernate.orm.jdbc.bind              : binding parameter (1:BIGINT) <- [1]
2026-05-28T20:07:26.053+09:00 DEBUG 31519 --- [nio-8080-exec-5] org.hibernate.SQL                        : 
    select
        m1_0.id,
        m1_0.managerId,
        m1_0.password,
        m1_0.role,
        m1_0.username,
        m1_0.virtualBalance 
    from
        Member m1_0 
    where
        m1_0.id=?
2026-05-28T20:07:26.053+09:00 TRACE 31519 --- [nio-8080-exec-5] org.hibernate.orm.jdbc.bind              : binding parameter (1:BIGINT) <- [1]
2026-05-28T20:07:26.053+09:00 DEBUG 31519 --- [nio-8080-exec-6] org.hibernate.SQL                        : 
    select
        ds1_0.id,
        ds1_0.createdAt,
        ds1_0.goal,
        ds1_0.member_id,
        ds1_0.result,
        ds1_0.standupDate,
        ds1_0.updatedAt 
    from
        DailyStandup ds1_0 
    where
        ds1_0.member_id=? 
        and ds1_0.standupDate=?
2026-05-28T20:07:26.053+09:00 DEBUG 31519 --- [nio-8080-exec-3] org.hibernate.SQL                        : 
    select
        m1_0.id,
        m1_0.managerId,
        m1_0.password,
        m1_0.role,
        m1_0.username,
        m1_0.virtualBalance 
    from
        Member m1_0 
    where
        m1_0.id=?
2026-05-28T20:07:26.053+09:00 TRACE 31519 --- [nio-8080-exec-3] org.hibernate.orm.jdbc.bind              : binding parameter (1:BIGINT) <- [1]
2026-05-28T20:07:26.053+09:00 TRACE 31519 --- [nio-8080-exec-6] org.hibernate.orm.jdbc.bind              : binding parameter (1:BIGINT) <- [1]
2026-05-28T20:07:26.053+09:00 DEBUG 31519 --- [nio-8080-exec-5] org.hibernate.SQL                        : 
    select
        n1_0.id,
        n1_0.createdAt,
        n1_0.message,
        n1_0.notificationType,
        n1_0.read,
        n1_0.readAt,
        n1_0.receiver_id,
        n1_0.sender_id 
    from
        Notification n1_0 
    where
        n1_0.receiver_id=? 
        and not(n1_0.read) 
    order by
        n1_0.createdAt desc
2026-05-28T20:07:26.053+09:00 TRACE 31519 --- [nio-8080-exec-6] org.hibernate.orm.jdbc.bind              : binding parameter (2:DATE) <- [2026-05-28]
2026-05-28T20:07:26.053+09:00 TRACE 31519 --- [nio-8080-exec-5] org.hibernate.orm.jdbc.bind              : binding parameter (1:BIGINT) <- [1]
2026-05-28T20:07:26.054+09:00 DEBUG 31519 --- [nio-8080-exec-3] org.hibernate.SQL                        : 
    select
        m1_0.id,
        m1_0.managerId,
        m1_0.password,
        m1_0.role,
        m1_0.username,
        m1_0.virtualBalance 
    from
        Member m1_0 
    where
        m1_0.id=?
2026-05-28T20:07:26.054+09:00 TRACE 31519 --- [nio-8080-exec-3] org.hibernate.orm.jdbc.bind              : binding parameter (1:BIGINT) <- [2]
2026-05-28T20:07:26.058+09:00 DEBUG 31519 --- [nio-8080-exec-2] org.hibernate.SQL                        : 
    select
        m1_0.id,
        m1_0.managerId,
        m1_0.password,
        m1_0.role,
        m1_0.username,
        m1_0.virtualBalance 
    from
        Member m1_0 
    where
        m1_0.id=?
2026-05-28T20:07:26.058+09:00 TRACE 31519 --- [nio-8080-exec-2] org.hibernate.orm.jdbc.bind              : binding parameter (1:BIGINT) <- [1]
2026-05-28T20:07:26.059+09:00 DEBUG 31519 --- [nio-8080-exec-2] org.hibernate.SQL                        : 
    select
        m1_0.id,
        m1_0.managerId,
        m1_0.password,
        m1_0.role,
        m1_0.username,
        m1_0.virtualBalance 
    from
        Member m1_0 
    where
        m1_0.id=?
2026-05-28T20:07:26.059+09:00 TRACE 31519 --- [nio-8080-exec-2] org.hibernate.orm.jdbc.bind              : binding parameter (1:BIGINT) <- [2]
2026-05-28T20:07:26.079+09:00 DEBUG 31519 --- [nio-8080-exec-9] org.hibernate.SQL                        : 
    select
        m1_0.id,
        m1_0.managerId,
        m1_0.password,
        m1_0.role,
        m1_0.username,
        m1_0.virtualBalance 
    from
        Member m1_0 
    where
        m1_0.id=?
2026-05-28T20:07:26.079+09:00 TRACE 31519 --- [nio-8080-exec-9] org.hibernate.orm.jdbc.bind              : binding parameter (1:BIGINT) <- [1]
2026-05-28T20:07:26.080+09:00 DEBUG 31519 --- [nio-8080-exec-9] org.hibernate.SQL                        : 
    select
        m1_0.id,
        m1_0.managerId,
        m1_0.password,
        m1_0.role,
        m1_0.username,
        m1_0.virtualBalance 
    from
        Member m1_0 
    where
        m1_0.managerId=?
2026-05-28T20:07:26.080+09:00 TRACE 31519 --- [nio-8080-exec-9] org.hibernate.orm.jdbc.bind              : binding parameter (1:BIGINT) <- [2]
2026-05-28T20:07:26.115+09:00 DEBUG 31519 --- [io-8080-exec-10] org.hibernate.SQL                        : 
    select
        m1_0.id,
        m1_0.managerId,
        m1_0.password,
        m1_0.role,
        m1_0.username,
        m1_0.virtualBalance 
    from
        Member m1_0 
    where
        m1_0.id=?
2026-05-28T20:07:26.115+09:00 TRACE 31519 --- [io-8080-exec-10] org.hibernate.orm.jdbc.bind              : binding parameter (1:BIGINT) <- [1]
2026-05-28T20:07:26.116+09:00 DEBUG 31519 --- [io-8080-exec-10] org.hibernate.SQL                        : 
    select
        m1_0.id,
        m1_0.managerId,
        m1_0.password,
        m1_0.role,
        m1_0.username,
        m1_0.virtualBalance 
    from
        Member m1_0 
    where
        m1_0.managerId=?
2026-05-28T20:07:26.116+09:00 TRACE 31519 --- [io-8080-exec-10] org.hibernate.orm.jdbc.bind              : binding parameter (1:BIGINT) <- [2]
2026-05-28T20:07:26.127+09:00 DEBUG 31519 --- [nio-8080-exec-8] org.hibernate.SQL                        : 
    select
        m1_0.id,
        m1_0.managerId,
        m1_0.password,
        m1_0.role,
        m1_0.username,
        m1_0.virtualBalance 
    from
        Member m1_0 
    where
        m1_0.id=?
2026-05-28T20:07:26.127+09:00 TRACE 31519 --- [nio-8080-exec-8] org.hibernate.orm.jdbc.bind              : binding parameter (1:BIGINT) <- [1]
2026-05-28T20:07:26.128+09:00 DEBUG 31519 --- [nio-8080-exec-8] org.hibernate.SQL                        : 
    select
        m1_0.id,
        m1_0.managerId,
        m1_0.password,
        m1_0.role,
        m1_0.username,
        m1_0.virtualBalance 
    from
        Member m1_0 
    where
        m1_0.managerId=?
2026-05-28T20:07:26.128+09:00 TRACE 31519 --- [nio-8080-exec-8] org.hibernate.orm.jdbc.bind              : binding parameter (1:BIGINT) <- [2]
2026-05-28T20:07:43.148+09:00 DEBUG 31519 --- [nio-8080-exec-7] org.hibernate.SQL                        : 
    select
        m1_0.id 
    from
        Member m1_0 
    where
        m1_0.username=? 
    fetch
        first ? rows only
2026-05-28T20:07:43.148+09:00 TRACE 31519 --- [nio-8080-exec-7] org.hibernate.orm.jdbc.bind              : binding parameter (1:VARCHAR) <- [admin1]
2026-05-28T20:07:43.149+09:00 TRACE 31519 --- [nio-8080-exec-7] org.hibernate.orm.jdbc.bind              : binding parameter (2:INTEGER) <- [1]
2026-05-28T20:07:43.236+09:00 DEBUG 31519 --- [nio-8080-exec-7] org.hibernate.SQL                        : 
    insert 
    into
        Member
        (managerId, password, role, username, virtualBalance, id) 
    values
        (?, ?, ?, ?, ?, default)
2026-05-28T20:07:43.236+09:00 TRACE 31519 --- [nio-8080-exec-7] org.hibernate.orm.jdbc.bind              : binding parameter (1:BIGINT) <- [null]
2026-05-28T20:07:43.236+09:00 TRACE 31519 --- [nio-8080-exec-7] org.hibernate.orm.jdbc.bind              : binding parameter (2:VARCHAR) <- [$2a$10$sKiUXOURNKkKhjTQiNuGgO825gDQNnbZK7uBYd78u3LFF1juqaSCW]
2026-05-28T20:07:43.236+09:00 TRACE 31519 --- [nio-8080-exec-7] org.hibernate.orm.jdbc.bind              : binding parameter (3:ENUM) <- [MANAGER]
2026-05-28T20:07:43.236+09:00 TRACE 31519 --- [nio-8080-exec-7] org.hibernate.orm.jdbc.bind              : binding parameter (4:VARCHAR) <- [admin1]
2026-05-28T20:07:43.236+09:00 TRACE 31519 --- [nio-8080-exec-7] org.hibernate.orm.jdbc.bind              : binding parameter (5:BIGINT) <- [null]
2026-05-28T20:07:43.244+09:00 DEBUG 31519 --- [nio-8080-exec-2] org.hibernate.SQL                        : 
    select
        m1_0.id,
        m1_0.managerId,
        m1_0.password,
        m1_0.role,
        m1_0.username,
        m1_0.virtualBalance 
    from
        Member m1_0 
    where
        m1_0.username=?
2026-05-28T20:07:43.244+09:00 TRACE 31519 --- [nio-8080-exec-2] org.hibernate.orm.jdbc.bind              : binding parameter (1:VARCHAR) <- [admin1]
2026-05-28T20:07:43.310+09:00 DEBUG 31519 --- [nio-8080-exec-2] org.hibernate.SQL                        : 
    select
        rt1_0.id,
        rt1_0.expiresAt,
        rt1_0.memberId,
        rt1_0.token 
    from
        RefreshToken rt1_0 
    where
        rt1_0.memberId=?
2026-05-28T20:07:43.310+09:00 TRACE 31519 --- [nio-8080-exec-2] org.hibernate.orm.jdbc.bind              : binding parameter (1:BIGINT) <- [4]
2026-05-28T20:07:43.311+09:00 DEBUG 31519 --- [nio-8080-exec-2] org.hibernate.SQL                        : 
    insert 
    into
        RefreshToken
        (expiresAt, memberId, token, id) 
    values
        (?, ?, ?, default)
2026-05-28T20:07:43.311+09:00 TRACE 31519 --- [nio-8080-exec-2] org.hibernate.orm.jdbc.bind              : binding parameter (1:TIMESTAMP) <- [2026-06-04T20:07:43.310177]
2026-05-28T20:07:43.311+09:00 TRACE 31519 --- [nio-8080-exec-2] org.hibernate.orm.jdbc.bind              : binding parameter (2:BIGINT) <- [4]
2026-05-28T20:07:43.311+09:00 TRACE 31519 --- [nio-8080-exec-2] org.hibernate.orm.jdbc.bind              : binding parameter (3:VARCHAR) <- [eyJhbGciOiJIUzUxMiJ9.eyJzdWIiOiI0Iiwicm9sZXMiOlsiTUFOQUdFUiJdLCJ0eXBlIjoicmVmcmVzaCIsImlhdCI6MTc3OTk2NjQ2MywiZXhwIjoxNzgwNTcxMjYzfQ.6NJXJRDXzx4FDI76wuotqC9uI7XAyaqqTdHsD8D8bgyILc3EvQw-KuMvU1VTLCrschhLzFvOcbYdjkaAJ6Yn1Q]
2026-05-28T20:07:43.335+09:00 DEBUG 31519 --- [nio-8080-exec-4] org.hibernate.SQL                        : 
    select
        m1_0.id,
        m1_0.managerId,
        m1_0.password,
        m1_0.role,
        m1_0.username,
        m1_0.virtualBalance 
    from
        Member m1_0 
    where
        m1_0.id=?
2026-05-28T20:07:43.335+09:00 TRACE 31519 --- [nio-8080-exec-4] org.hibernate.orm.jdbc.bind              : binding parameter (1:BIGINT) <- [4]
2026-05-28T20:07:43.336+09:00 DEBUG 31519 --- [nio-8080-exec-9] org.hibernate.SQL                        : 
    select
        m1_0.id,
        m1_0.managerId,
        m1_0.password,
        m1_0.role,
        m1_0.username,
        m1_0.virtualBalance 
    from
        Member m1_0 
    where
        m1_0.id=?
2026-05-28T20:07:43.336+09:00 TRACE 31519 --- [nio-8080-exec-9] org.hibernate.orm.jdbc.bind              : binding parameter (1:BIGINT) <- [4]
2026-05-28T20:07:43.336+09:00 DEBUG 31519 --- [nio-8080-exec-4] org.hibernate.SQL                        : 
    select
        m1_0.id,
        m1_0.managerId,
        m1_0.password,
        m1_0.role,
        m1_0.username,
        m1_0.virtualBalance 
    from
        Member m1_0 
    where
        m1_0.managerId=?
2026-05-28T20:07:43.336+09:00 DEBUG 31519 --- [nio-8080-exec-9] org.hibernate.SQL                        : 
    select
        m1_0.id,
        m1_0.managerId,
        m1_0.password,
        m1_0.role,
        m1_0.username,
        m1_0.virtualBalance 
    from
        Member m1_0 
    where
        m1_0.managerId=?
2026-05-28T20:07:43.336+09:00 TRACE 31519 --- [nio-8080-exec-9] org.hibernate.orm.jdbc.bind              : binding parameter (1:BIGINT) <- [4]
2026-05-28T20:07:43.336+09:00 TRACE 31519 --- [nio-8080-exec-4] org.hibernate.orm.jdbc.bind              : binding parameter (1:BIGINT) <- [4]
2026-05-28T20:07:47.532+09:00 DEBUG 31519 --- [io-8080-exec-10] org.hibernate.SQL                        : 
    select
        m1_0.id,
        m1_0.managerId,
        m1_0.password,
        m1_0.role,
        m1_0.username,
        m1_0.virtualBalance 
    from
        Member m1_0 
    where
        m1_0.id=?
2026-05-28T20:07:47.532+09:00 TRACE 31519 --- [io-8080-exec-10] org.hibernate.orm.jdbc.bind              : binding parameter (1:BIGINT) <- [4]
2026-05-28T20:07:47.533+09:00 DEBUG 31519 --- [io-8080-exec-10] org.hibernate.SQL                        : 
    insert 
    into
        invite_codes
        (code, expiresAt, managerId, id) 
    values
        (?, ?, ?, default)
2026-05-28T20:07:47.533+09:00 TRACE 31519 --- [io-8080-exec-10] org.hibernate.orm.jdbc.bind              : binding parameter (1:VARCHAR) <- [WS-F416-BE07]
2026-05-28T20:07:47.533+09:00 TRACE 31519 --- [io-8080-exec-10] org.hibernate.orm.jdbc.bind              : binding parameter (2:TIMESTAMP_UTC) <- [2026-05-28T11:12:47.533071Z]
2026-05-28T20:07:47.533+09:00 TRACE 31519 --- [io-8080-exec-10] org.hibernate.orm.jdbc.bind              : binding parameter (3:BIGINT) <- [4]
2026-05-28T20:08:00.366+09:00 DEBUG 31519 --- [nio-8080-exec-1] org.hibernate.SQL                        : 
    select
        m1_0.id 
    from
        Member m1_0 
    where
        m1_0.username=? 
    fetch
        first ? rows only
2026-05-28T20:08:00.366+09:00 TRACE 31519 --- [nio-8080-exec-1] org.hibernate.orm.jdbc.bind              : binding parameter (1:VARCHAR) <- [test22]
2026-05-28T20:08:00.366+09:00 TRACE 31519 --- [nio-8080-exec-1] org.hibernate.orm.jdbc.bind              : binding parameter (2:INTEGER) <- [1]
2026-05-28T20:08:00.453+09:00 DEBUG 31519 --- [nio-8080-exec-1] org.hibernate.SQL                        : 
    insert 
    into
        Member
        (managerId, password, role, username, virtualBalance, id) 
    values
        (?, ?, ?, ?, ?, default)
2026-05-28T20:08:00.454+09:00 TRACE 31519 --- [nio-8080-exec-1] org.hibernate.orm.jdbc.bind              : binding parameter (1:BIGINT) <- [null]
2026-05-28T20:08:00.454+09:00 TRACE 31519 --- [nio-8080-exec-1] org.hibernate.orm.jdbc.bind              : binding parameter (2:VARCHAR) <- [$2a$10$GLf781ST3MwoxYhdzwPdO.2fGezj7vFxOvR3vIvEXEVHwOiaP6yZi]
2026-05-28T20:08:00.454+09:00 TRACE 31519 --- [nio-8080-exec-1] org.hibernate.orm.jdbc.bind              : binding parameter (3:ENUM) <- [EMPLOYEE]
2026-05-28T20:08:00.454+09:00 TRACE 31519 --- [nio-8080-exec-1] org.hibernate.orm.jdbc.bind              : binding parameter (4:VARCHAR) <- [test22]
2026-05-28T20:08:00.454+09:00 TRACE 31519 --- [nio-8080-exec-1] org.hibernate.orm.jdbc.bind              : binding parameter (5:BIGINT) <- [null]
2026-05-28T20:08:00.463+09:00 DEBUG 31519 --- [nio-8080-exec-8] org.hibernate.SQL                        : 
    select
        m1_0.id,
        m1_0.managerId,
        m1_0.password,
        m1_0.role,
        m1_0.username,
        m1_0.virtualBalance 
    from
        Member m1_0 
    where
        m1_0.username=?
2026-05-28T20:08:00.463+09:00 TRACE 31519 --- [nio-8080-exec-8] org.hibernate.orm.jdbc.bind              : binding parameter (1:VARCHAR) <- [test22]
2026-05-28T20:08:00.529+09:00 DEBUG 31519 --- [nio-8080-exec-8] org.hibernate.SQL                        : 
    select
        rt1_0.id,
        rt1_0.expiresAt,
        rt1_0.memberId,
        rt1_0.token 
    from
        RefreshToken rt1_0 
    where
        rt1_0.memberId=?
2026-05-28T20:08:00.529+09:00 TRACE 31519 --- [nio-8080-exec-8] org.hibernate.orm.jdbc.bind              : binding parameter (1:BIGINT) <- [5]
2026-05-28T20:08:00.529+09:00 DEBUG 31519 --- [nio-8080-exec-8] org.hibernate.SQL                        : 
    insert 
    into
        RefreshToken
        (expiresAt, memberId, token, id) 
    values
        (?, ?, ?, default)
2026-05-28T20:08:00.529+09:00 TRACE 31519 --- [nio-8080-exec-8] org.hibernate.orm.jdbc.bind              : binding parameter (1:TIMESTAMP) <- [2026-06-04T20:08:00.528501]
2026-05-28T20:08:00.529+09:00 TRACE 31519 --- [nio-8080-exec-8] org.hibernate.orm.jdbc.bind              : binding parameter (2:BIGINT) <- [5]
2026-05-28T20:08:00.529+09:00 TRACE 31519 --- [nio-8080-exec-8] org.hibernate.orm.jdbc.bind              : binding parameter (3:VARCHAR) <- [eyJhbGciOiJIUzUxMiJ9.eyJzdWIiOiI1Iiwicm9sZXMiOlsiRU1QTE9ZRUUiXSwidHlwZSI6InJlZnJlc2giLCJpYXQiOjE3Nzk5NjY0ODAsImV4cCI6MTc4MDU3MTI4MH0.P1N3BKAGbaPODtVEv2B_EQEvtnwxZT0JE8pmeLFPCSTpjhwTTIa0Yi7oQZsS5NnK7BnwZ0SQL94sYUR-unzHFw]
2026-05-28T20:08:00.550+09:00 DEBUG 31519 --- [nio-8080-exec-6] org.hibernate.SQL                        : 
    select
        m1_0.id,
        m1_0.managerId,
        m1_0.password,
        m1_0.role,
        m1_0.username,
        m1_0.virtualBalance 
    from
        Member m1_0 
    where
        m1_0.id=?
2026-05-28T20:08:00.550+09:00 TRACE 31519 --- [nio-8080-exec-6] org.hibernate.orm.jdbc.bind              : binding parameter (1:BIGINT) <- [5]
2026-05-28T20:08:00.551+09:00 DEBUG 31519 --- [nio-8080-exec-3] org.hibernate.SQL                        : 
    select
        m1_0.id,
        m1_0.managerId,
        m1_0.password,
        m1_0.role,
        m1_0.username,
        m1_0.virtualBalance 
    from
        Member m1_0 
    where
        m1_0.id=?
2026-05-28T20:08:00.551+09:00 TRACE 31519 --- [nio-8080-exec-3] org.hibernate.orm.jdbc.bind              : binding parameter (1:BIGINT) <- [5]
2026-05-28T20:08:00.551+09:00 DEBUG 31519 --- [nio-8080-exec-3] org.hibernate.SQL                        : 
    select
        m1_0.id,
        m1_0.managerId,
        m1_0.password,
        m1_0.role,
        m1_0.username,
        m1_0.virtualBalance 
    from
        Member m1_0 
    where
        m1_0.id=?
2026-05-28T20:08:00.551+09:00 TRACE 31519 --- [nio-8080-exec-3] org.hibernate.orm.jdbc.bind              : binding parameter (1:BIGINT) <- [5]
2026-05-28T20:08:00.552+09:00 DEBUG 31519 --- [nio-8080-exec-3] org.hibernate.SQL                        : 
    select
        ds1_0.id,
        ds1_0.createdAt,
        ds1_0.goal,
        ds1_0.member_id,
        ds1_0.result,
        ds1_0.standupDate,
        ds1_0.updatedAt 
    from
        DailyStandup ds1_0 
    where
        ds1_0.member_id=? 
        and ds1_0.standupDate=?
2026-05-28T20:08:00.552+09:00 TRACE 31519 --- [nio-8080-exec-3] org.hibernate.orm.jdbc.bind              : binding parameter (1:BIGINT) <- [5]
2026-05-28T20:08:00.552+09:00 TRACE 31519 --- [nio-8080-exec-3] org.hibernate.orm.jdbc.bind              : binding parameter (2:DATE) <- [2026-05-28]
2026-05-28T20:08:00.552+09:00 DEBUG 31519 --- [nio-8080-exec-5] org.hibernate.SQL                        : 
    select
        m1_0.id,
        m1_0.managerId,
        m1_0.password,
        m1_0.role,
        m1_0.username,
        m1_0.virtualBalance 
    from
        Member m1_0 
    where
        m1_0.id=?
2026-05-28T20:08:00.552+09:00 TRACE 31519 --- [nio-8080-exec-5] org.hibernate.orm.jdbc.bind              : binding parameter (1:BIGINT) <- [5]
2026-05-28T20:08:00.552+09:00 DEBUG 31519 --- [nio-8080-exec-5] org.hibernate.SQL                        : 
    select
        m1_0.id,
        m1_0.managerId,
        m1_0.password,
        m1_0.role,
        m1_0.username,
        m1_0.virtualBalance 
    from
        Member m1_0 
    where
        m1_0.id=?
2026-05-28T20:08:00.552+09:00 TRACE 31519 --- [nio-8080-exec-5] org.hibernate.orm.jdbc.bind              : binding parameter (1:BIGINT) <- [5]
2026-05-28T20:08:00.553+09:00 DEBUG 31519 --- [nio-8080-exec-5] org.hibernate.SQL                        : 
    select
        n1_0.id,
        n1_0.createdAt,
        n1_0.message,
        n1_0.notificationType,
        n1_0.read,
        n1_0.readAt,
        n1_0.receiver_id,
        n1_0.sender_id 
    from
        Notification n1_0 
    where
        n1_0.receiver_id=? 
        and not(n1_0.read) 
    order by
        n1_0.createdAt desc
2026-05-28T20:08:00.553+09:00 TRACE 31519 --- [nio-8080-exec-5] org.hibernate.orm.jdbc.bind              : binding parameter (1:BIGINT) <- [5]
2026-05-28T20:08:00.555+09:00 DEBUG 31519 --- [nio-8080-exec-7] org.hibernate.SQL                        : 
    select
        m1_0.id,
        m1_0.managerId,
        m1_0.password,
        m1_0.role,
        m1_0.username,
        m1_0.virtualBalance 
    from
        Member m1_0 
    where
        m1_0.id=?
2026-05-28T20:08:00.555+09:00 DEBUG 31519 --- [nio-8080-exec-2] org.hibernate.SQL                        : 
    select
        m1_0.id,
        m1_0.managerId,
        m1_0.password,
        m1_0.role,
        m1_0.username,
        m1_0.virtualBalance 
    from
        Member m1_0 
    where
        m1_0.id=?
2026-05-28T20:08:00.555+09:00 TRACE 31519 --- [nio-8080-exec-2] org.hibernate.orm.jdbc.bind              : binding parameter (1:BIGINT) <- [5]
2026-05-28T20:08:00.555+09:00 TRACE 31519 --- [nio-8080-exec-7] org.hibernate.orm.jdbc.bind              : binding parameter (1:BIGINT) <- [5]
2026-05-28T20:08:00.556+09:00 DEBUG 31519 --- [nio-8080-exec-2] org.hibernate.SQL                        : 
    select
        m1_0.id,
        m1_0.managerId,
        m1_0.password,
        m1_0.role,
        m1_0.username,
        m1_0.virtualBalance 
    from
        Member m1_0 
    where
        m1_0.id=?
2026-05-28T20:08:00.556+09:00 TRACE 31519 --- [nio-8080-exec-2] org.hibernate.orm.jdbc.bind              : binding parameter (1:BIGINT) <- [5]
2026-05-28T20:08:00.556+09:00 DEBUG 31519 --- [nio-8080-exec-4] org.hibernate.SQL                        : 
    select
        m1_0.id,
        m1_0.managerId,
        m1_0.password,
        m1_0.role,
        m1_0.username,
        m1_0.virtualBalance 
    from
        Member m1_0 
    where
        m1_0.id=?
2026-05-28T20:08:00.556+09:00 TRACE 31519 --- [nio-8080-exec-4] org.hibernate.orm.jdbc.bind              : binding parameter (1:BIGINT) <- [5]
2026-05-28T20:08:00.556+09:00 DEBUG 31519 --- [nio-8080-exec-4] org.hibernate.SQL                        : 
    select
        m1_0.id,
        m1_0.managerId,
        m1_0.password,
        m1_0.role,
        m1_0.username,
        m1_0.virtualBalance 
    from
        Member m1_0 
    where
        m1_0.id=?
2026-05-28T20:08:00.556+09:00 TRACE 31519 --- [nio-8080-exec-4] org.hibernate.orm.jdbc.bind              : binding parameter (1:BIGINT) <- [5]
2026-05-28T20:08:00.557+09:00 DEBUG 31519 --- [nio-8080-exec-4] org.hibernate.SQL                        : 
    select
        n1_0.id,
        n1_0.createdAt,
        n1_0.message,
        n1_0.notificationType,
        n1_0.read,
        n1_0.readAt,
        n1_0.receiver_id,
        n1_0.sender_id 
    from
        Notification n1_0 
    where
        n1_0.receiver_id=? 
        and not(n1_0.read) 
    order by
        n1_0.createdAt desc
2026-05-28T20:08:00.557+09:00 DEBUG 31519 --- [nio-8080-exec-2] org.hibernate.SQL                        : 
    select
        ds1_0.id,
        ds1_0.createdAt,
        ds1_0.goal,
        ds1_0.member_id,
        ds1_0.result,
        ds1_0.standupDate,
        ds1_0.updatedAt 
    from
        DailyStandup ds1_0 
    where
        ds1_0.member_id=? 
        and ds1_0.standupDate=?
2026-05-28T20:08:00.557+09:00 TRACE 31519 --- [nio-8080-exec-2] org.hibernate.orm.jdbc.bind              : binding parameter (1:BIGINT) <- [5]
2026-05-28T20:08:00.557+09:00 TRACE 31519 --- [nio-8080-exec-2] org.hibernate.orm.jdbc.bind              : binding parameter (2:DATE) <- [2026-05-28]
2026-05-28T20:08:00.557+09:00 TRACE 31519 --- [nio-8080-exec-4] org.hibernate.orm.jdbc.bind              : binding parameter (1:BIGINT) <- [5]
2026-05-28T20:08:00.569+09:00 DEBUG 31519 --- [io-8080-exec-10] org.hibernate.SQL                        : 
    select
        m1_0.id,
        m1_0.managerId,
        m1_0.password,
        m1_0.role,
        m1_0.username,
        m1_0.virtualBalance 
    from
        Member m1_0 
    where
        m1_0.id=?
2026-05-28T20:08:00.569+09:00 DEBUG 31519 --- [nio-8080-exec-9] org.hibernate.SQL                        : 
    select
        m1_0.id,
        m1_0.managerId,
        m1_0.password,
        m1_0.role,
        m1_0.username,
        m1_0.virtualBalance 
    from
        Member m1_0 
    where
        m1_0.id=?
2026-05-28T20:08:00.569+09:00 TRACE 31519 --- [io-8080-exec-10] org.hibernate.orm.jdbc.bind              : binding parameter (1:BIGINT) <- [5]
2026-05-28T20:08:00.569+09:00 TRACE 31519 --- [nio-8080-exec-9] org.hibernate.orm.jdbc.bind              : binding parameter (1:BIGINT) <- [5]
2026-05-28T20:08:09.918+09:00 DEBUG 31519 --- [nio-8080-exec-1] org.hibernate.SQL                        : 
    select
        m1_0.id,
        m1_0.managerId,
        m1_0.password,
        m1_0.role,
        m1_0.username,
        m1_0.virtualBalance 
    from
        Member m1_0 
    where
        m1_0.id=?
2026-05-28T20:08:09.918+09:00 TRACE 31519 --- [nio-8080-exec-1] org.hibernate.orm.jdbc.bind              : binding parameter (1:BIGINT) <- [5]
2026-05-28T20:08:09.920+09:00 DEBUG 31519 --- [nio-8080-exec-1] org.hibernate.SQL                        : 
    select
        ic1_0.id,
        ic1_0.code,
        ic1_0.expiresAt,
        ic1_0.managerId 
    from
        invite_codes ic1_0 
    where
        ic1_0.code=?
2026-05-28T20:08:09.920+09:00 TRACE 31519 --- [nio-8080-exec-1] org.hibernate.orm.jdbc.bind              : binding parameter (1:VARCHAR) <- [WS-F416-BE07]
2026-05-28T20:08:09.921+09:00 DEBUG 31519 --- [nio-8080-exec-1] org.hibernate.SQL                        : 
    select
        m1_0.id,
        m1_0.managerId,
        m1_0.password,
        m1_0.role,
        m1_0.username,
        m1_0.virtualBalance 
    from
        Member m1_0 
    where
        m1_0.id=?
2026-05-28T20:08:09.921+09:00 TRACE 31519 --- [nio-8080-exec-1] org.hibernate.orm.jdbc.bind              : binding parameter (1:BIGINT) <- [5]
2026-05-28T20:08:09.921+09:00 DEBUG 31519 --- [nio-8080-exec-1] org.hibernate.SQL                        : 
    update
        Member 
    set
        managerId=?,
        password=?,
        role=?,
        username=?,
        virtualBalance=? 
    where
        id=?
2026-05-28T20:08:09.921+09:00 TRACE 31519 --- [nio-8080-exec-1] org.hibernate.orm.jdbc.bind              : binding parameter (1:BIGINT) <- [4]
2026-05-28T20:08:09.921+09:00 TRACE 31519 --- [nio-8080-exec-1] org.hibernate.orm.jdbc.bind              : binding parameter (2:VARCHAR) <- [$2a$10$GLf781ST3MwoxYhdzwPdO.2fGezj7vFxOvR3vIvEXEVHwOiaP6yZi]
2026-05-28T20:08:09.921+09:00 TRACE 31519 --- [nio-8080-exec-1] org.hibernate.orm.jdbc.bind              : binding parameter (3:ENUM) <- [EMPLOYEE]
2026-05-28T20:08:09.921+09:00 TRACE 31519 --- [nio-8080-exec-1] org.hibernate.orm.jdbc.bind              : binding parameter (4:VARCHAR) <- [test22]
2026-05-28T20:08:09.921+09:00 TRACE 31519 --- [nio-8080-exec-1] org.hibernate.orm.jdbc.bind              : binding parameter (5:BIGINT) <- [null]
2026-05-28T20:08:09.921+09:00 TRACE 31519 --- [nio-8080-exec-1] org.hibernate.orm.jdbc.bind              : binding parameter (6:BIGINT) <- [5]
2026-05-28T20:08:09.928+09:00 DEBUG 31519 --- [nio-8080-exec-8] org.hibernate.SQL                        : 
    select
        m1_0.id,
        m1_0.managerId,
        m1_0.password,
        m1_0.role,
        m1_0.username,
        m1_0.virtualBalance 
    from
        Member m1_0 
    where
        m1_0.id=?
2026-05-28T20:08:09.928+09:00 TRACE 31519 --- [nio-8080-exec-8] org.hibernate.orm.jdbc.bind              : binding parameter (1:BIGINT) <- [5]
2026-05-28T20:08:09.929+09:00 DEBUG 31519 --- [nio-8080-exec-8] org.hibernate.SQL                        : 
    select
        m1_0.id,
        m1_0.managerId,
        m1_0.password,
        m1_0.role,
        m1_0.username,
        m1_0.virtualBalance 
    from
        Member m1_0 
    where
        m1_0.id=?
2026-05-28T20:08:09.929+09:00 TRACE 31519 --- [nio-8080-exec-8] org.hibernate.orm.jdbc.bind              : binding parameter (1:BIGINT) <- [4]
2026-05-28T20:08:09.938+09:00 DEBUG 31519 --- [nio-8080-exec-6] org.hibernate.SQL                        : 
    select
        m1_0.id,
        m1_0.managerId,
        m1_0.password,
        m1_0.role,
        m1_0.username,
        m1_0.virtualBalance 
    from
        Member m1_0 
    where
        m1_0.id=?
2026-05-28T20:08:09.938+09:00 TRACE 31519 --- [nio-8080-exec-6] org.hibernate.orm.jdbc.bind              : binding parameter (1:BIGINT) <- [5]
2026-05-28T20:08:09.939+09:00 DEBUG 31519 --- [nio-8080-exec-6] org.hibernate.SQL                        : 
    select
        m1_0.id,
        m1_0.managerId,
        m1_0.password,
        m1_0.role,
        m1_0.username,
        m1_0.virtualBalance 
    from
        Member m1_0 
    where
        m1_0.managerId=?
2026-05-28T20:08:09.939+09:00 TRACE 31519 --- [nio-8080-exec-6] org.hibernate.orm.jdbc.bind              : binding parameter (1:BIGINT) <- [4]
2026-05-28T20:08:09.977+09:00 DEBUG 31519 --- [nio-8080-exec-3] org.hibernate.SQL                        : 
    select
        m1_0.id,
        m1_0.managerId,
        m1_0.password,
        m1_0.role,
        m1_0.username,
        m1_0.virtualBalance 
    from
        Member m1_0 
    where
        m1_0.id=?
2026-05-28T20:08:09.977+09:00 TRACE 31519 --- [nio-8080-exec-3] org.hibernate.orm.jdbc.bind              : binding parameter (1:BIGINT) <- [5]
2026-05-28T20:08:09.978+09:00 DEBUG 31519 --- [nio-8080-exec-3] org.hibernate.SQL                        : 
    select
        m1_0.id,
        m1_0.managerId,
        m1_0.password,
        m1_0.role,
        m1_0.username,
        m1_0.virtualBalance 
    from
        Member m1_0 
    where
        m1_0.id=?
2026-05-28T20:08:09.978+09:00 TRACE 31519 --- [nio-8080-exec-3] org.hibernate.orm.jdbc.bind              : binding parameter (1:BIGINT) <- [4]
2026-05-28T20:08:09.978+09:00 DEBUG 31519 --- [nio-8080-exec-5] org.hibernate.SQL                        : 
    select
        m1_0.id,
        m1_0.managerId,
        m1_0.password,
        m1_0.role,
        m1_0.username,
        m1_0.virtualBalance 
    from
        Member m1_0 
    where
        m1_0.id=?
2026-05-28T20:08:09.978+09:00 TRACE 31519 --- [nio-8080-exec-5] org.hibernate.orm.jdbc.bind              : binding parameter (1:BIGINT) <- [5]
2026-05-28T20:08:09.978+09:00 DEBUG 31519 --- [nio-8080-exec-5] org.hibernate.SQL                        : 
    select
        mr1_0.id,
        mr1_0.active,
        mr1_0.createdAt,
        mr1_0.endedAt,
        mr1_0.host_id,
        mr1_0.title 
    from
        MeetingRoom mr1_0 
    join
        Member h1_0 
            on h1_0.id=mr1_0.host_id 
    where
        mr1_0.active=true 
        and (
            h1_0.managerId=? 
            or mr1_0.host_id=?
        ) 
    order by
        mr1_0.createdAt desc
2026-05-28T20:08:09.979+09:00 TRACE 31519 --- [nio-8080-exec-5] org.hibernate.orm.jdbc.bind              : binding parameter (1:BIGINT) <- [4]
2026-05-28T20:08:09.979+09:00 TRACE 31519 --- [nio-8080-exec-5] org.hibernate.orm.jdbc.bind              : binding parameter (2:BIGINT) <- [4]
2026-05-28T20:08:09.980+09:00 DEBUG 31519 --- [nio-8080-exec-7] org.hibernate.SQL                        : 
    select
        m1_0.id,
        m1_0.managerId,
        m1_0.password,
        m1_0.role,
        m1_0.username,
        m1_0.virtualBalance 
    from
        Member m1_0 
    where
        m1_0.id=?
2026-05-28T20:08:09.980+09:00 TRACE 31519 --- [nio-8080-exec-7] org.hibernate.orm.jdbc.bind              : binding parameter (1:BIGINT) <- [5]
2026-05-28T20:08:09.981+09:00 DEBUG 31519 --- [nio-8080-exec-7] org.hibernate.SQL                        : 
    select
        m1_0.id,
        m1_0.managerId,
        m1_0.password,
        m1_0.role,
        m1_0.username,
        m1_0.virtualBalance 
    from
        Member m1_0 
    where
        m1_0.id=?
2026-05-28T20:08:09.981+09:00 TRACE 31519 --- [nio-8080-exec-7] org.hibernate.orm.jdbc.bind              : binding parameter (1:BIGINT) <- [4]
2026-05-28T20:08:09.981+09:00 DEBUG 31519 --- [nio-8080-exec-4] org.hibernate.SQL                        : 
    select
        m1_0.id,
        m1_0.managerId,
        m1_0.password,
        m1_0.role,
        m1_0.username,
        m1_0.virtualBalance 
    from
        Member m1_0 
    where
        m1_0.id=?
2026-05-28T20:08:09.981+09:00 TRACE 31519 --- [nio-8080-exec-4] org.hibernate.orm.jdbc.bind              : binding parameter (1:BIGINT) <- [5]
2026-05-28T20:08:09.982+09:00 DEBUG 31519 --- [nio-8080-exec-4] org.hibernate.SQL                        : 
    select
        m1_0.id,
        m1_0.managerId,
        m1_0.password,
        m1_0.role,
        m1_0.username,
        m1_0.virtualBalance 
    from
        Member m1_0 
    where
        m1_0.id=?
2026-05-28T20:08:09.982+09:00 TRACE 31519 --- [nio-8080-exec-4] org.hibernate.orm.jdbc.bind              : binding parameter (1:BIGINT) <- [5]
2026-05-28T20:08:09.983+09:00 DEBUG 31519 --- [nio-8080-exec-4] org.hibernate.SQL                        : 
    select
        ds1_0.id,
        ds1_0.createdAt,
        ds1_0.goal,
        ds1_0.member_id,
        ds1_0.result,
        ds1_0.standupDate,
        ds1_0.updatedAt 
    from
        DailyStandup ds1_0 
    where
        ds1_0.member_id=? 
        and ds1_0.standupDate=?
2026-05-28T20:08:09.983+09:00 TRACE 31519 --- [nio-8080-exec-4] org.hibernate.orm.jdbc.bind              : binding parameter (1:BIGINT) <- [5]
2026-05-28T20:08:09.983+09:00 TRACE 31519 --- [nio-8080-exec-4] org.hibernate.orm.jdbc.bind              : binding parameter (2:DATE) <- [2026-05-28]
2026-05-28T20:08:09.983+09:00 DEBUG 31519 --- [nio-8080-exec-2] org.hibernate.SQL                        : 
    select
        m1_0.id,
        m1_0.managerId,
        m1_0.password,
        m1_0.role,
        m1_0.username,
        m1_0.virtualBalance 
    from
        Member m1_0 
    where
        m1_0.id=?
2026-05-28T20:08:09.983+09:00 TRACE 31519 --- [nio-8080-exec-2] org.hibernate.orm.jdbc.bind              : binding parameter (1:BIGINT) <- [5]
2026-05-28T20:08:09.984+09:00 DEBUG 31519 --- [nio-8080-exec-2] org.hibernate.SQL                        : 
    select
        m1_0.id,
        m1_0.managerId,
        m1_0.password,
        m1_0.role,
        m1_0.username,
        m1_0.virtualBalance 
    from
        Member m1_0 
    where
        m1_0.id=?
2026-05-28T20:08:09.984+09:00 TRACE 31519 --- [nio-8080-exec-2] org.hibernate.orm.jdbc.bind              : binding parameter (1:BIGINT) <- [5]
2026-05-28T20:08:09.984+09:00 DEBUG 31519 --- [nio-8080-exec-9] org.hibernate.SQL                        : 
    select
        m1_0.id,
        m1_0.managerId,
        m1_0.password,
        m1_0.role,
        m1_0.username,
        m1_0.virtualBalance 
    from
        Member m1_0 
    where
        m1_0.id=?
2026-05-28T20:08:09.984+09:00 TRACE 31519 --- [nio-8080-exec-9] org.hibernate.orm.jdbc.bind              : binding parameter (1:BIGINT) <- [5]
2026-05-28T20:08:09.984+09:00 DEBUG 31519 --- [nio-8080-exec-2] org.hibernate.SQL                        : 
    select
        n1_0.id,
        n1_0.createdAt,
        n1_0.message,
        n1_0.notificationType,
        n1_0.read,
        n1_0.readAt,
        n1_0.receiver_id,
        n1_0.sender_id 
    from
        Notification n1_0 
    where
        n1_0.receiver_id=? 
        and not(n1_0.read) 
    order by
        n1_0.createdAt desc
2026-05-28T20:08:09.984+09:00 TRACE 31519 --- [nio-8080-exec-2] org.hibernate.orm.jdbc.bind              : binding parameter (1:BIGINT) <- [5]
2026-05-28T20:08:09.985+09:00 DEBUG 31519 --- [nio-8080-exec-9] org.hibernate.SQL                        : 
    select
        m1_0.id,
        m1_0.managerId,
        m1_0.password,
        m1_0.role,
        m1_0.username,
        m1_0.virtualBalance 
    from
        Member m1_0 
    where
        m1_0.id=?
2026-05-28T20:08:09.985+09:00 TRACE 31519 --- [nio-8080-exec-9] org.hibernate.orm.jdbc.bind              : binding parameter (1:BIGINT) <- [4]
2026-05-28T20:08:09.986+09:00 DEBUG 31519 --- [io-8080-exec-10] org.hibernate.SQL                        : 
    select
        m1_0.id,
        m1_0.managerId,
        m1_0.password,
        m1_0.role,
        m1_0.username,
        m1_0.virtualBalance 
    from
        Member m1_0 
    where
        m1_0.id=?
2026-05-28T20:08:09.986+09:00 TRACE 31519 --- [io-8080-exec-10] org.hibernate.orm.jdbc.bind              : binding parameter (1:BIGINT) <- [5]
2026-05-28T20:08:09.987+09:00 DEBUG 31519 --- [io-8080-exec-10] org.hibernate.SQL                        : 
    select
        mr1_0.id,
        mr1_0.active,
        mr1_0.createdAt,
        mr1_0.endedAt,
        mr1_0.host_id,
        mr1_0.title 
    from
        MeetingRoom mr1_0 
    join
        Member h1_0 
            on h1_0.id=mr1_0.host_id 
    where
        mr1_0.active=true 
        and (
            h1_0.managerId=? 
            or mr1_0.host_id=?
        ) 
    order by
        mr1_0.createdAt desc
2026-05-28T20:08:09.987+09:00 DEBUG 31519 --- [nio-8080-exec-1] org.hibernate.SQL                        : 
    select
        m1_0.id,
        m1_0.managerId,
        m1_0.password,
        m1_0.role,
        m1_0.username,
        m1_0.virtualBalance 
    from
        Member m1_0 
    where
        m1_0.id=?
2026-05-28T20:08:09.987+09:00 TRACE 31519 --- [io-8080-exec-10] org.hibernate.orm.jdbc.bind              : binding parameter (1:BIGINT) <- [4]
2026-05-28T20:08:09.987+09:00 TRACE 31519 --- [io-8080-exec-10] org.hibernate.orm.jdbc.bind              : binding parameter (2:BIGINT) <- [4]
2026-05-28T20:08:09.987+09:00 TRACE 31519 --- [nio-8080-exec-1] org.hibernate.orm.jdbc.bind              : binding parameter (1:BIGINT) <- [5]
2026-05-28T20:08:09.987+09:00 DEBUG 31519 --- [nio-8080-exec-1] org.hibernate.SQL                        : 
    select
        m1_0.id,
        m1_0.managerId,
        m1_0.password,
        m1_0.role,
        m1_0.username,
        m1_0.virtualBalance 
    from
        Member m1_0 
    where
        m1_0.id=?
2026-05-28T20:08:09.987+09:00 TRACE 31519 --- [nio-8080-exec-1] org.hibernate.orm.jdbc.bind              : binding parameter (1:BIGINT) <- [4]
2026-05-28T20:08:09.988+09:00 DEBUG 31519 --- [nio-8080-exec-8] org.hibernate.SQL                        : 
    select
        m1_0.id,
        m1_0.managerId,
        m1_0.password,
        m1_0.role,
        m1_0.username,
        m1_0.virtualBalance 
    from
        Member m1_0 
    where
        m1_0.id=?
2026-05-28T20:08:09.988+09:00 TRACE 31519 --- [nio-8080-exec-8] org.hibernate.orm.jdbc.bind              : binding parameter (1:BIGINT) <- [5]
2026-05-28T20:08:09.988+09:00 DEBUG 31519 --- [nio-8080-exec-8] org.hibernate.SQL                        : 
    select
        m1_0.id,
        m1_0.managerId,
        m1_0.password,
        m1_0.role,
        m1_0.username,
        m1_0.virtualBalance 
    from
        Member m1_0 
    where
        m1_0.id=?
2026-05-28T20:08:09.988+09:00 TRACE 31519 --- [nio-8080-exec-8] org.hibernate.orm.jdbc.bind              : binding parameter (1:BIGINT) <- [5]
2026-05-28T20:08:09.989+09:00 DEBUG 31519 --- [nio-8080-exec-8] org.hibernate.SQL                        : 
    select
        ds1_0.id,
        ds1_0.createdAt,
        ds1_0.goal,
        ds1_0.member_id,
        ds1_0.result,
        ds1_0.standupDate,
        ds1_0.updatedAt 
    from
        DailyStandup ds1_0 
    where
        ds1_0.member_id=? 
        and ds1_0.standupDate=?
2026-05-28T20:08:09.989+09:00 DEBUG 31519 --- [nio-8080-exec-6] org.hibernate.SQL                        : 
    select
        m1_0.id,
        m1_0.managerId,
        m1_0.password,
        m1_0.role,
        m1_0.username,
        m1_0.virtualBalance 
    from
        Member m1_0 
    where
        m1_0.id=?
2026-05-28T20:08:09.989+09:00 TRACE 31519 --- [nio-8080-exec-6] org.hibernate.orm.jdbc.bind              : binding parameter (1:BIGINT) <- [5]
2026-05-28T20:08:09.989+09:00 TRACE 31519 --- [nio-8080-exec-8] org.hibernate.orm.jdbc.bind              : binding parameter (1:BIGINT) <- [5]
2026-05-28T20:08:09.989+09:00 TRACE 31519 --- [nio-8080-exec-8] org.hibernate.orm.jdbc.bind              : binding parameter (2:DATE) <- [2026-05-28]
2026-05-28T20:08:09.989+09:00 DEBUG 31519 --- [nio-8080-exec-6] org.hibernate.SQL                        : 
    select
        m1_0.id,
        m1_0.managerId,
        m1_0.password,
        m1_0.role,
        m1_0.username,
        m1_0.virtualBalance 
    from
        Member m1_0 
    where
        m1_0.id=?
2026-05-28T20:08:09.989+09:00 TRACE 31519 --- [nio-8080-exec-6] org.hibernate.orm.jdbc.bind              : binding parameter (1:BIGINT) <- [5]
2026-05-28T20:08:09.990+09:00 DEBUG 31519 --- [nio-8080-exec-6] org.hibernate.SQL                        : 
    select
        n1_0.id,
        n1_0.createdAt,
        n1_0.message,
        n1_0.notificationType,
        n1_0.read,
        n1_0.readAt,
        n1_0.receiver_id,
        n1_0.sender_id 
    from
        Notification n1_0 
    where
        n1_0.receiver_id=? 
        and not(n1_0.read) 
    order by
        n1_0.createdAt desc
2026-05-28T20:08:09.990+09:00 TRACE 31519 --- [nio-8080-exec-6] org.hibernate.orm.jdbc.bind              : binding parameter (1:BIGINT) <- [5]
2026-05-28T20:08:09.995+09:00 DEBUG 31519 --- [nio-8080-exec-3] org.hibernate.SQL                        : 
    select
        m1_0.id,
        m1_0.managerId,
        m1_0.password,
        m1_0.role,
        m1_0.username,
        m1_0.virtualBalance 
    from
        Member m1_0 
    where
        m1_0.id=?
2026-05-28T20:08:09.995+09:00 TRACE 31519 --- [nio-8080-exec-3] org.hibernate.orm.jdbc.bind              : binding parameter (1:BIGINT) <- [5]
2026-05-28T20:08:09.996+09:00 DEBUG 31519 --- [nio-8080-exec-3] org.hibernate.SQL                        : 
    select
        m1_0.id,
        m1_0.managerId,
        m1_0.password,
        m1_0.role,
        m1_0.username,
        m1_0.virtualBalance 
    from
        Member m1_0 
    where
        m1_0.managerId=?
2026-05-28T20:08:09.996+09:00 TRACE 31519 --- [nio-8080-exec-3] org.hibernate.orm.jdbc.bind              : binding parameter (1:BIGINT) <- [4]
2026-05-28T20:08:09.999+09:00 DEBUG 31519 --- [nio-8080-exec-5] org.hibernate.SQL                        : 
    select
        m1_0.id,
        m1_0.managerId,
        m1_0.password,
        m1_0.role,
        m1_0.username,
        m1_0.virtualBalance 
    from
        Member m1_0 
    where
        m1_0.id=?
2026-05-28T20:08:10.000+09:00 TRACE 31519 --- [nio-8080-exec-5] org.hibernate.orm.jdbc.bind              : binding parameter (1:BIGINT) <- [5]
2026-05-28T20:08:10.001+09:00 DEBUG 31519 --- [nio-8080-exec-5] org.hibernate.SQL                        : 
    select
        m1_0.id,
        m1_0.managerId,
        m1_0.password,
        m1_0.role,
        m1_0.username,
        m1_0.virtualBalance 
    from
        Member m1_0 
    where
        m1_0.managerId=?
2026-05-28T20:08:10.001+09:00 TRACE 31519 --- [nio-8080-exec-5] org.hibernate.orm.jdbc.bind              : binding parameter (1:BIGINT) <- [4]
2026-05-28T20:08:10.003+09:00 DEBUG 31519 --- [nio-8080-exec-7] org.hibernate.SQL                        : 
    select
        m1_0.id,
        m1_0.managerId,
        m1_0.password,
        m1_0.role,
        m1_0.username,
        m1_0.virtualBalance 
    from
        Member m1_0 
    where
        m1_0.id=?
2026-05-28T20:08:10.003+09:00 TRACE 31519 --- [nio-8080-exec-7] org.hibernate.orm.jdbc.bind              : binding parameter (1:BIGINT) <- [5]
2026-05-28T20:08:10.004+09:00 DEBUG 31519 --- [nio-8080-exec-7] org.hibernate.SQL                        : 
    select
        m1_0.id,
        m1_0.managerId,
        m1_0.password,
        m1_0.role,
        m1_0.username,
        m1_0.virtualBalance 
    from
        Member m1_0 
    where
        m1_0.managerId=?
2026-05-28T20:08:10.004+09:00 TRACE 31519 --- [nio-8080-exec-7] org.hibernate.orm.jdbc.bind              : binding parameter (1:BIGINT) <- [4]
2026-05-28T20:08:10.007+09:00 DEBUG 31519 --- [nio-8080-exec-4] org.hibernate.SQL                        : 
    select
        m1_0.id,
        m1_0.managerId,
        m1_0.password,
        m1_0.role,
        m1_0.username,
        m1_0.virtualBalance 
    from
        Member m1_0 
    where
        m1_0.id=?
2026-05-28T20:08:10.007+09:00 TRACE 31519 --- [nio-8080-exec-4] org.hibernate.orm.jdbc.bind              : binding parameter (1:BIGINT) <- [5]
2026-05-28T20:08:10.008+09:00 DEBUG 31519 --- [nio-8080-exec-4] org.hibernate.SQL                        : 
    select
        m1_0.id,
        m1_0.managerId,
        m1_0.password,
        m1_0.role,
        m1_0.username,
        m1_0.virtualBalance 
    from
        Member m1_0 
    where
        m1_0.managerId=?
2026-05-28T20:08:10.008+09:00 TRACE 31519 --- [nio-8080-exec-4] org.hibernate.orm.jdbc.bind              : binding parameter (1:BIGINT) <- [4]
2026-05-28T20:08:11.128+09:00 DEBUG 31519 --- [nio-8080-exec-7] org.hibernate.SQL                        : 
    select
        m1_0.id,
        m1_0.managerId,
        m1_0.password,
        m1_0.role,
        m1_0.username,
        m1_0.virtualBalance 
    from
        Member m1_0 
    where
        m1_0.id=?
2026-05-28T20:08:11.128+09:00 TRACE 31519 --- [nio-8080-exec-7] org.hibernate.orm.jdbc.bind              : binding parameter (1:BIGINT) <- [5]
2026-05-28T20:08:11.130+09:00 DEBUG 31519 --- [nio-8080-exec-7] org.hibernate.SQL                        : 
    select
        wl1_0.id,
        wl1_0.clockInTime,
        wl1_0.clockOutTime,
        wl1_0.createdAt,
        wl1_0.member_id,
        wl1_0.workDate 
    from
        WorkLog wl1_0 
    where
        wl1_0.member_id=? 
        and wl1_0.workDate=?
2026-05-28T20:08:11.131+09:00 TRACE 31519 --- [nio-8080-exec-7] org.hibernate.orm.jdbc.bind              : binding parameter (1:BIGINT) <- [5]
2026-05-28T20:08:11.131+09:00 TRACE 31519 --- [nio-8080-exec-7] org.hibernate.orm.jdbc.bind              : binding parameter (2:DATE) <- [2026-05-28]
2026-05-28T20:08:11.132+09:00 DEBUG 31519 --- [nio-8080-exec-7] org.hibernate.SQL                        : 
    insert 
    into
        WorkLog
        (clockInTime, clockOutTime, createdAt, member_id, workDate, id) 
    values
        (?, ?, ?, ?, ?, default)
2026-05-28T20:08:11.133+09:00 TRACE 31519 --- [nio-8080-exec-7] org.hibernate.orm.jdbc.bind              : binding parameter (1:TIMESTAMP) <- [2026-05-28T20:08:11.131769]
2026-05-28T20:08:11.133+09:00 TRACE 31519 --- [nio-8080-exec-7] org.hibernate.orm.jdbc.bind              : binding parameter (2:TIMESTAMP) <- [null]
2026-05-28T20:08:11.133+09:00 TRACE 31519 --- [nio-8080-exec-7] org.hibernate.orm.jdbc.bind              : binding parameter (3:TIMESTAMP) <- [2026-05-28T20:08:11.131961]
2026-05-28T20:08:11.133+09:00 TRACE 31519 --- [nio-8080-exec-7] org.hibernate.orm.jdbc.bind              : binding parameter (4:BIGINT) <- [5]
2026-05-28T20:08:11.133+09:00 TRACE 31519 --- [nio-8080-exec-7] org.hibernate.orm.jdbc.bind              : binding parameter (5:DATE) <- [2026-05-28]
2026-05-28T20:08:11.134+09:00 DEBUG 31519 --- [nio-8080-exec-7] org.hibernate.SQL                        : 
    select
        m1_0.id,
        m1_0.managerId,
        m1_0.password,
        m1_0.role,
        m1_0.username,
        m1_0.virtualBalance 
    from
        Member m1_0 
    where
        m1_0.id=?
2026-05-28T20:08:11.134+09:00 TRACE 31519 --- [nio-8080-exec-7] org.hibernate.orm.jdbc.bind              : binding parameter (1:BIGINT) <- [5]
2026-05-28T20:08:11.135+09:00 DEBUG 31519 --- [nio-8080-exec-7] org.hibernate.SQL                        : 
    select
        ms1_0.id,
        ms1_0.member_id,
        ms1_0.statusType,
        ms1_0.updatedAt 
    from
        MemberStatus ms1_0 
    where
        ms1_0.member_id=?
2026-05-28T20:08:11.135+09:00 TRACE 31519 --- [nio-8080-exec-7] org.hibernate.orm.jdbc.bind              : binding parameter (1:BIGINT) <- [5]
2026-05-28T20:08:11.136+09:00 DEBUG 31519 --- [nio-8080-exec-7] org.hibernate.SQL                        : 
    insert 
    into
        MemberStatus
        (member_id, statusType, updatedAt, id) 
    values
        (?, ?, ?, default)
2026-05-28T20:08:11.136+09:00 TRACE 31519 --- [nio-8080-exec-7] org.hibernate.orm.jdbc.bind              : binding parameter (1:BIGINT) <- [5]
2026-05-28T20:08:11.136+09:00 TRACE 31519 --- [nio-8080-exec-7] org.hibernate.orm.jdbc.bind              : binding parameter (2:ENUM) <- [WORKING]
2026-05-28T20:08:11.136+09:00 TRACE 31519 --- [nio-8080-exec-7] org.hibernate.orm.jdbc.bind              : binding parameter (3:TIMESTAMP) <- [2026-05-28T20:08:11.136025]
2026-05-28T20:08:11.136+09:00  INFO 31519 --- [nio-8080-exec-7] c.worksight.api.service.WorkLogService   : Clock-in: memberId=5, time=2026-05-28T20:08:11.131769
2026-05-28T20:08:11.137+09:00  INFO 31519 --- [nio-8080-exec-7] c.worksight.api.service.WorkLogService   : Broadcasted status: memberId=5, status=WORKING, topic=/topic/team/4
2026-05-28T20:08:16.486+09:00 DEBUG 31519 --- [nio-8080-exec-2] org.hibernate.SQL                        : 
    select
        m1_0.id,
        m1_0.managerId,
        m1_0.password,
        m1_0.role,
        m1_0.username,
        m1_0.virtualBalance 
    from
        Member m1_0 
    where
        m1_0.id=?
2026-05-28T20:08:16.486+09:00 TRACE 31519 --- [nio-8080-exec-2] org.hibernate.orm.jdbc.bind              : binding parameter (1:BIGINT) <- [3]
2026-05-28T20:08:16.488+09:00 DEBUG 31519 --- [nio-8080-exec-2] org.hibernate.SQL                        : 
    select
        ic1_0.id,
        ic1_0.code,
        ic1_0.expiresAt,
        ic1_0.managerId 
    from
        invite_codes ic1_0 
    where
        ic1_0.code=?
2026-05-28T20:08:16.488+09:00 TRACE 31519 --- [nio-8080-exec-2] org.hibernate.orm.jdbc.bind              : binding parameter (1:VARCHAR) <- [WS-F416-BE07]
2026-05-28T20:08:16.488+09:00 DEBUG 31519 --- [nio-8080-exec-2] org.hibernate.SQL                        : 
    select
        m1_0.id,
        m1_0.managerId,
        m1_0.password,
        m1_0.role,
        m1_0.username,
        m1_0.virtualBalance 
    from
        Member m1_0 
    where
        m1_0.id=?
2026-05-28T20:08:16.488+09:00 TRACE 31519 --- [nio-8080-exec-2] org.hibernate.orm.jdbc.bind              : binding parameter (1:BIGINT) <- [3]
2026-05-28T20:08:16.488+09:00 DEBUG 31519 --- [nio-8080-exec-2] org.hibernate.SQL                        : 
    update
        Member 
    set
        managerId=?,
        password=?,
        role=?,
        username=?,
        virtualBalance=? 
    where
        id=?
2026-05-28T20:08:16.488+09:00 TRACE 31519 --- [nio-8080-exec-2] org.hibernate.orm.jdbc.bind              : binding parameter (1:BIGINT) <- [4]
2026-05-28T20:08:16.488+09:00 TRACE 31519 --- [nio-8080-exec-2] org.hibernate.orm.jdbc.bind              : binding parameter (2:VARCHAR) <- [$2a$10$DBgXpDGBXNNa/IbZIkogVOHb6PFMW.ueBWPQyiVzK54wg5MSlMNr2]
2026-05-28T20:08:16.488+09:00 TRACE 31519 --- [nio-8080-exec-2] org.hibernate.orm.jdbc.bind              : binding parameter (3:ENUM) <- [EMPLOYEE]
2026-05-28T20:08:16.488+09:00 TRACE 31519 --- [nio-8080-exec-2] org.hibernate.orm.jdbc.bind              : binding parameter (4:VARCHAR) <- [test02]
2026-05-28T20:08:16.488+09:00 TRACE 31519 --- [nio-8080-exec-2] org.hibernate.orm.jdbc.bind              : binding parameter (5:BIGINT) <- [null]
2026-05-28T20:08:16.488+09:00 TRACE 31519 --- [nio-8080-exec-2] org.hibernate.orm.jdbc.bind              : binding parameter (6:BIGINT) <- [3]
2026-05-28T20:08:16.492+09:00 DEBUG 31519 --- [nio-8080-exec-9] org.hibernate.SQL                        : 
    select
        m1_0.id,
        m1_0.managerId,
        m1_0.password,
        m1_0.role,
        m1_0.username,
        m1_0.virtualBalance 
    from
        Member m1_0 
    where
        m1_0.id=?
2026-05-28T20:08:16.492+09:00 TRACE 31519 --- [nio-8080-exec-9] org.hibernate.orm.jdbc.bind              : binding parameter (1:BIGINT) <- [3]
2026-05-28T20:08:16.493+09:00 DEBUG 31519 --- [nio-8080-exec-9] org.hibernate.SQL                        : 
    select
        m1_0.id,
        m1_0.managerId,
        m1_0.password,
        m1_0.role,
        m1_0.username,
        m1_0.virtualBalance 
    from
        Member m1_0 
    where
        m1_0.id=?
2026-05-28T20:08:16.493+09:00 TRACE 31519 --- [nio-8080-exec-9] org.hibernate.orm.jdbc.bind              : binding parameter (1:BIGINT) <- [4]
2026-05-28T20:08:16.498+09:00 DEBUG 31519 --- [io-8080-exec-10] org.hibernate.SQL                        : 
    select
        m1_0.id,
        m1_0.managerId,
        m1_0.password,
        m1_0.role,
        m1_0.username,
        m1_0.virtualBalance 
    from
        Member m1_0 
    where
        m1_0.id=?
2026-05-28T20:08:16.498+09:00 TRACE 31519 --- [io-8080-exec-10] org.hibernate.orm.jdbc.bind              : binding parameter (1:BIGINT) <- [3]
2026-05-28T20:08:16.500+09:00 DEBUG 31519 --- [io-8080-exec-10] org.hibernate.SQL                        : 
    select
        m1_0.id,
        m1_0.managerId,
        m1_0.password,
        m1_0.role,
        m1_0.username,
        m1_0.virtualBalance 
    from
        Member m1_0 
    where
        m1_0.managerId=?
2026-05-28T20:08:16.500+09:00 TRACE 31519 --- [io-8080-exec-10] org.hibernate.orm.jdbc.bind              : binding parameter (1:BIGINT) <- [4]
2026-05-28T20:08:16.527+09:00 DEBUG 31519 --- [nio-8080-exec-1] org.hibernate.SQL                        : 
    select
        m1_0.id,
        m1_0.managerId,
        m1_0.password,
        m1_0.role,
        m1_0.username,
        m1_0.virtualBalance 
    from
        Member m1_0 
    where
        m1_0.id=?
2026-05-28T20:08:16.527+09:00 TRACE 31519 --- [nio-8080-exec-1] org.hibernate.orm.jdbc.bind              : binding parameter (1:BIGINT) <- [3]
2026-05-28T20:08:16.528+09:00 DEBUG 31519 --- [nio-8080-exec-1] org.hibernate.SQL                        : 
    select
        m1_0.id,
        m1_0.managerId,
        m1_0.password,
        m1_0.role,
        m1_0.username,
        m1_0.virtualBalance 
    from
        Member m1_0 
    where
        m1_0.id=?
2026-05-28T20:08:16.528+09:00 TRACE 31519 --- [nio-8080-exec-1] org.hibernate.orm.jdbc.bind              : binding parameter (1:BIGINT) <- [4]
2026-05-28T20:08:16.528+09:00 DEBUG 31519 --- [nio-8080-exec-8] org.hibernate.SQL                        : 
    select
        m1_0.id,
        m1_0.managerId,
        m1_0.password,
        m1_0.role,
        m1_0.username,
        m1_0.virtualBalance 
    from
        Member m1_0 
    where
        m1_0.id=?
2026-05-28T20:08:16.529+09:00 DEBUG 31519 --- [nio-8080-exec-6] org.hibernate.SQL                        : 
    select
        m1_0.id,
        m1_0.managerId,
        m1_0.password,
        m1_0.role,
        m1_0.username,
        m1_0.virtualBalance 
    from
        Member m1_0 
    where
        m1_0.id=?
2026-05-28T20:08:16.528+09:00 DEBUG 31519 --- [nio-8080-exec-3] org.hibernate.SQL                        : 
    select
        m1_0.id,
        m1_0.managerId,
        m1_0.password,
        m1_0.role,
        m1_0.username,
        m1_0.virtualBalance 
    from
        Member m1_0 
    where
        m1_0.id=?
2026-05-28T20:08:16.529+09:00 TRACE 31519 --- [nio-8080-exec-6] org.hibernate.orm.jdbc.bind              : binding parameter (1:BIGINT) <- [3]
2026-05-28T20:08:16.529+09:00 TRACE 31519 --- [nio-8080-exec-3] org.hibernate.orm.jdbc.bind              : binding parameter (1:BIGINT) <- [3]
2026-05-28T20:08:16.529+09:00 TRACE 31519 --- [nio-8080-exec-8] org.hibernate.orm.jdbc.bind              : binding parameter (1:BIGINT) <- [3]
2026-05-28T20:08:16.529+09:00 DEBUG 31519 --- [nio-8080-exec-3] org.hibernate.SQL                        : 
    select
        m1_0.id,
        m1_0.managerId,
        m1_0.password,
        m1_0.role,
        m1_0.username,
        m1_0.virtualBalance 
    from
        Member m1_0 
    where
        m1_0.id=?
2026-05-28T20:08:16.529+09:00 TRACE 31519 --- [nio-8080-exec-3] org.hibernate.orm.jdbc.bind              : binding parameter (1:BIGINT) <- [3]
2026-05-28T20:08:16.529+09:00 DEBUG 31519 --- [nio-8080-exec-6] org.hibernate.SQL                        : 
    select
        m1_0.id,
        m1_0.managerId,
        m1_0.password,
        m1_0.role,
        m1_0.username,
        m1_0.virtualBalance 
    from
        Member m1_0 
    where
        m1_0.id=?
2026-05-28T20:08:16.529+09:00 TRACE 31519 --- [nio-8080-exec-6] org.hibernate.orm.jdbc.bind              : binding parameter (1:BIGINT) <- [3]
2026-05-28T20:08:16.529+09:00 DEBUG 31519 --- [nio-8080-exec-8] org.hibernate.SQL                        : 
    select
        mr1_0.id,
        mr1_0.active,
        mr1_0.createdAt,
        mr1_0.endedAt,
        mr1_0.host_id,
        mr1_0.title 
    from
        MeetingRoom mr1_0 
    join
        Member h1_0 
            on h1_0.id=mr1_0.host_id 
    where
        mr1_0.active=true 
        and (
            h1_0.managerId=? 
            or mr1_0.host_id=?
        ) 
    order by
        mr1_0.createdAt desc
2026-05-28T20:08:16.529+09:00 TRACE 31519 --- [nio-8080-exec-8] org.hibernate.orm.jdbc.bind              : binding parameter (1:BIGINT) <- [4]
2026-05-28T20:08:16.529+09:00 TRACE 31519 --- [nio-8080-exec-8] org.hibernate.orm.jdbc.bind              : binding parameter (2:BIGINT) <- [4]
2026-05-28T20:08:16.530+09:00 DEBUG 31519 --- [nio-8080-exec-3] org.hibernate.SQL                        : 
    select
        n1_0.id,
        n1_0.createdAt,
        n1_0.message,
        n1_0.notificationType,
        n1_0.read,
        n1_0.readAt,
        n1_0.receiver_id,
        n1_0.sender_id 
    from
        Notification n1_0 
    where
        n1_0.receiver_id=? 
        and not(n1_0.read) 
    order by
        n1_0.createdAt desc
2026-05-28T20:08:16.530+09:00 DEBUG 31519 --- [nio-8080-exec-6] org.hibernate.SQL                        : 
    select
        ds1_0.id,
        ds1_0.createdAt,
        ds1_0.goal,
        ds1_0.member_id,
        ds1_0.result,
        ds1_0.standupDate,
        ds1_0.updatedAt 
    from
        DailyStandup ds1_0 
    where
        ds1_0.member_id=? 
        and ds1_0.standupDate=?
2026-05-28T20:08:16.530+09:00 TRACE 31519 --- [nio-8080-exec-6] org.hibernate.orm.jdbc.bind              : binding parameter (1:BIGINT) <- [3]
2026-05-28T20:08:16.530+09:00 TRACE 31519 --- [nio-8080-exec-3] org.hibernate.orm.jdbc.bind              : binding parameter (1:BIGINT) <- [3]
2026-05-28T20:08:16.530+09:00 TRACE 31519 --- [nio-8080-exec-6] org.hibernate.orm.jdbc.bind              : binding parameter (2:DATE) <- [2026-05-28]
2026-05-28T20:08:16.532+09:00 DEBUG 31519 --- [nio-8080-exec-5] org.hibernate.SQL                        : 
    select
        m1_0.id,
        m1_0.managerId,
        m1_0.password,
        m1_0.role,
        m1_0.username,
        m1_0.virtualBalance 
    from
        Member m1_0 
    where
        m1_0.id=?
2026-05-28T20:08:16.532+09:00 TRACE 31519 --- [nio-8080-exec-5] org.hibernate.orm.jdbc.bind              : binding parameter (1:BIGINT) <- [3]
2026-05-28T20:08:16.533+09:00 DEBUG 31519 --- [nio-8080-exec-5] org.hibernate.SQL                        : 
    select
        m1_0.id,
        m1_0.managerId,
        m1_0.password,
        m1_0.role,
        m1_0.username,
        m1_0.virtualBalance 
    from
        Member m1_0 
    where
        m1_0.id=?
2026-05-28T20:08:16.533+09:00 TRACE 31519 --- [nio-8080-exec-5] org.hibernate.orm.jdbc.bind              : binding parameter (1:BIGINT) <- [4]
2026-05-28T20:08:16.535+09:00 DEBUG 31519 --- [nio-8080-exec-7] org.hibernate.SQL                        : 
    select
        m1_0.id,
        m1_0.managerId,
        m1_0.password,
        m1_0.role,
        m1_0.username,
        m1_0.virtualBalance 
    from
        Member m1_0 
    where
        m1_0.id=?
2026-05-28T20:08:16.535+09:00 TRACE 31519 --- [nio-8080-exec-7] org.hibernate.orm.jdbc.bind              : binding parameter (1:BIGINT) <- [3]
2026-05-28T20:08:16.536+09:00 DEBUG 31519 --- [nio-8080-exec-7] org.hibernate.SQL                        : 
    select
        mr1_0.id,
        mr1_0.active,
        mr1_0.createdAt,
        mr1_0.endedAt,
        mr1_0.host_id,
        mr1_0.title 
    from
        MeetingRoom mr1_0 
    join
        Member h1_0 
            on h1_0.id=mr1_0.host_id 
    where
        mr1_0.active=true 
        and (
            h1_0.managerId=? 
            or mr1_0.host_id=?
        ) 
    order by
        mr1_0.createdAt desc
2026-05-28T20:08:16.536+09:00 DEBUG 31519 --- [nio-8080-exec-4] org.hibernate.SQL                        : 
    select
        m1_0.id,
        m1_0.managerId,
        m1_0.password,
        m1_0.role,
        m1_0.username,
        m1_0.virtualBalance 
    from
        Member m1_0 
    where
        m1_0.id=?
2026-05-28T20:08:16.536+09:00 TRACE 31519 --- [nio-8080-exec-4] org.hibernate.orm.jdbc.bind              : binding parameter (1:BIGINT) <- [3]
2026-05-28T20:08:16.536+09:00 TRACE 31519 --- [nio-8080-exec-7] org.hibernate.orm.jdbc.bind              : binding parameter (1:BIGINT) <- [4]
2026-05-28T20:08:16.536+09:00 TRACE 31519 --- [nio-8080-exec-7] org.hibernate.orm.jdbc.bind              : binding parameter (2:BIGINT) <- [4]
2026-05-28T20:08:16.536+09:00 DEBUG 31519 --- [nio-8080-exec-4] org.hibernate.SQL                        : 
    select
        m1_0.id,
        m1_0.managerId,
        m1_0.password,
        m1_0.role,
        m1_0.username,
        m1_0.virtualBalance 
    from
        Member m1_0 
    where
        m1_0.id=?
2026-05-28T20:08:16.536+09:00 TRACE 31519 --- [nio-8080-exec-4] org.hibernate.orm.jdbc.bind              : binding parameter (1:BIGINT) <- [3]
2026-05-28T20:08:16.536+09:00 DEBUG 31519 --- [nio-8080-exec-9] org.hibernate.SQL                        : 
    select
        m1_0.id,
        m1_0.managerId,
        m1_0.password,
        m1_0.role,
        m1_0.username,
        m1_0.virtualBalance 
    from
        Member m1_0 
    where
        m1_0.id=?
2026-05-28T20:08:16.536+09:00 TRACE 31519 --- [nio-8080-exec-9] org.hibernate.orm.jdbc.bind              : binding parameter (1:BIGINT) <- [3]
2026-05-28T20:08:16.537+09:00 DEBUG 31519 --- [io-8080-exec-10] org.hibernate.SQL                        : 
    select
        m1_0.id,
        m1_0.managerId,
        m1_0.password,
        m1_0.role,
        m1_0.username,
        m1_0.virtualBalance 
    from
        Member m1_0 
    where
        m1_0.id=?
2026-05-28T20:08:16.537+09:00 TRACE 31519 --- [io-8080-exec-10] org.hibernate.orm.jdbc.bind              : binding parameter (1:BIGINT) <- [3]
2026-05-28T20:08:16.537+09:00 DEBUG 31519 --- [nio-8080-exec-9] org.hibernate.SQL                        : 
    select
        m1_0.id,
        m1_0.managerId,
        m1_0.password,
        m1_0.role,
        m1_0.username,
        m1_0.virtualBalance 
    from
        Member m1_0 
    where
        m1_0.id=?
2026-05-28T20:08:16.537+09:00 TRACE 31519 --- [nio-8080-exec-9] org.hibernate.orm.jdbc.bind              : binding parameter (1:BIGINT) <- [3]
2026-05-28T20:08:16.537+09:00 DEBUG 31519 --- [nio-8080-exec-4] org.hibernate.SQL                        : 
    select
        n1_0.id,
        n1_0.createdAt,
        n1_0.message,
        n1_0.notificationType,
        n1_0.read,
        n1_0.readAt,
        n1_0.receiver_id,
        n1_0.sender_id 
    from
        Notification n1_0 
    where
        n1_0.receiver_id=? 
        and not(n1_0.read) 
    order by
        n1_0.createdAt desc
2026-05-28T20:08:16.537+09:00 DEBUG 31519 --- [io-8080-exec-10] org.hibernate.SQL                        : 
    select
        m1_0.id,
        m1_0.managerId,
        m1_0.password,
        m1_0.role,
        m1_0.username,
        m1_0.virtualBalance 
    from
        Member m1_0 
    where
        m1_0.managerId=?
2026-05-28T20:08:16.537+09:00 TRACE 31519 --- [nio-8080-exec-4] org.hibernate.orm.jdbc.bind              : binding parameter (1:BIGINT) <- [3]
2026-05-28T20:08:16.537+09:00 TRACE 31519 --- [io-8080-exec-10] org.hibernate.orm.jdbc.bind              : binding parameter (1:BIGINT) <- [4]
2026-05-28T20:08:16.537+09:00 DEBUG 31519 --- [nio-8080-exec-9] org.hibernate.SQL                        : 
    select
        ds1_0.id,
        ds1_0.createdAt,
        ds1_0.goal,
        ds1_0.member_id,
        ds1_0.result,
        ds1_0.standupDate,
        ds1_0.updatedAt 
    from
        DailyStandup ds1_0 
    where
        ds1_0.member_id=? 
        and ds1_0.standupDate=?
2026-05-28T20:08:16.537+09:00 DEBUG 31519 --- [nio-8080-exec-1] org.hibernate.SQL                        : 
    select
        m1_0.id,
        m1_0.managerId,
        m1_0.password,
        m1_0.role,
        m1_0.username,
        m1_0.virtualBalance 
    from
        Member m1_0 
    where
        m1_0.id=?
2026-05-28T20:08:16.537+09:00 TRACE 31519 --- [nio-8080-exec-1] org.hibernate.orm.jdbc.bind              : binding parameter (1:BIGINT) <- [3]
2026-05-28T20:08:16.537+09:00 TRACE 31519 --- [nio-8080-exec-9] org.hibernate.orm.jdbc.bind              : binding parameter (1:BIGINT) <- [3]
2026-05-28T20:08:16.537+09:00 TRACE 31519 --- [nio-8080-exec-9] org.hibernate.orm.jdbc.bind              : binding parameter (2:DATE) <- [2026-05-28]
2026-05-28T20:08:16.538+09:00 DEBUG 31519 --- [nio-8080-exec-1] org.hibernate.SQL                        : 
    select
        m1_0.id,
        m1_0.managerId,
        m1_0.password,
        m1_0.role,
        m1_0.username,
        m1_0.virtualBalance 
    from
        Member m1_0 
    where
        m1_0.id=?
2026-05-28T20:08:16.538+09:00 TRACE 31519 --- [nio-8080-exec-1] org.hibernate.orm.jdbc.bind              : binding parameter (1:BIGINT) <- [4]
2026-05-28T20:08:16.541+09:00 DEBUG 31519 --- [nio-8080-exec-3] org.hibernate.SQL                        : 
    select
        m1_0.id,
        m1_0.managerId,
        m1_0.password,
        m1_0.role,
        m1_0.username,
        m1_0.virtualBalance 
    from
        Member m1_0 
    where
        m1_0.id=?
2026-05-28T20:08:16.541+09:00 DEBUG 31519 --- [nio-8080-exec-6] org.hibernate.SQL                        : 
    select
        m1_0.id,
        m1_0.managerId,
        m1_0.password,
        m1_0.role,
        m1_0.username,
        m1_0.virtualBalance 
    from
        Member m1_0 
    where
        m1_0.id=?
2026-05-28T20:08:16.541+09:00 TRACE 31519 --- [nio-8080-exec-6] org.hibernate.orm.jdbc.bind              : binding parameter (1:BIGINT) <- [3]
2026-05-28T20:08:16.541+09:00 TRACE 31519 --- [nio-8080-exec-3] org.hibernate.orm.jdbc.bind              : binding parameter (1:BIGINT) <- [3]
2026-05-28T20:08:16.542+09:00 DEBUG 31519 --- [nio-8080-exec-6] org.hibernate.SQL                        : 
    select
        m1_0.id,
        m1_0.managerId,
        m1_0.password,
        m1_0.role,
        m1_0.username,
        m1_0.virtualBalance 
    from
        Member m1_0 
    where
        m1_0.id=?
2026-05-28T20:08:16.542+09:00 TRACE 31519 --- [nio-8080-exec-6] org.hibernate.orm.jdbc.bind              : binding parameter (1:BIGINT) <- [4]
2026-05-28T20:08:16.542+09:00 DEBUG 31519 --- [nio-8080-exec-3] org.hibernate.SQL                        : 
    select
        m1_0.id,
        m1_0.managerId,
        m1_0.password,
        m1_0.role,
        m1_0.username,
        m1_0.virtualBalance 
    from
        Member m1_0 
    where
        m1_0.managerId=?
2026-05-28T20:08:16.542+09:00 TRACE 31519 --- [nio-8080-exec-3] org.hibernate.orm.jdbc.bind              : binding parameter (1:BIGINT) <- [4]
2026-05-28T20:08:16.547+09:00 DEBUG 31519 --- [nio-8080-exec-7] org.hibernate.SQL                        : 
    select
        m1_0.id,
        m1_0.managerId,
        m1_0.password,
        m1_0.role,
        m1_0.username,
        m1_0.virtualBalance 
    from
        Member m1_0 
    where
        m1_0.id=?
2026-05-28T20:08:16.547+09:00 TRACE 31519 --- [nio-8080-exec-7] org.hibernate.orm.jdbc.bind              : binding parameter (1:BIGINT) <- [3]
2026-05-28T20:08:16.548+09:00 DEBUG 31519 --- [nio-8080-exec-7] org.hibernate.SQL                        : 
    select
        m1_0.id,
        m1_0.managerId,
        m1_0.password,
        m1_0.role,
        m1_0.username,
        m1_0.virtualBalance 
    from
        Member m1_0 
    where
        m1_0.managerId=?
2026-05-28T20:08:16.548+09:00 TRACE 31519 --- [nio-8080-exec-7] org.hibernate.orm.jdbc.bind              : binding parameter (1:BIGINT) <- [4]
2026-05-28T20:08:16.551+09:00 DEBUG 31519 --- [nio-8080-exec-4] org.hibernate.SQL                        : 
    select
        m1_0.id,
        m1_0.managerId,
        m1_0.password,
        m1_0.role,
        m1_0.username,
        m1_0.virtualBalance 
    from
        Member m1_0 
    where
        m1_0.id=?
2026-05-28T20:08:16.551+09:00 TRACE 31519 --- [nio-8080-exec-4] org.hibernate.orm.jdbc.bind              : binding parameter (1:BIGINT) <- [3]
2026-05-28T20:08:16.552+09:00 DEBUG 31519 --- [nio-8080-exec-4] org.hibernate.SQL                        : 
    select
        m1_0.id,
        m1_0.managerId,
        m1_0.password,
        m1_0.role,
        m1_0.username,
        m1_0.virtualBalance 
    from
        Member m1_0 
    where
        m1_0.managerId=?
2026-05-28T20:08:16.552+09:00 TRACE 31519 --- [nio-8080-exec-4] org.hibernate.orm.jdbc.bind              : binding parameter (1:BIGINT) <- [4]
2026-05-28T20:08:18.259+09:00 DEBUG 31519 --- [nio-8080-exec-6] org.hibernate.SQL                        : 
    select
        m1_0.id,
        m1_0.managerId,
        m1_0.password,
        m1_0.role,
        m1_0.username,
        m1_0.virtualBalance 
    from
        Member m1_0 
    where
        m1_0.id=?
2026-05-28T20:08:18.259+09:00 TRACE 31519 --- [nio-8080-exec-6] org.hibernate.orm.jdbc.bind              : binding parameter (1:BIGINT) <- [3]
2026-05-28T20:08:18.261+09:00 DEBUG 31519 --- [nio-8080-exec-6] org.hibernate.SQL                        : 
    select
        wl1_0.id,
        wl1_0.clockInTime,
        wl1_0.clockOutTime,
        wl1_0.createdAt,
        wl1_0.member_id,
        wl1_0.workDate 
    from
        WorkLog wl1_0 
    where
        wl1_0.member_id=? 
        and wl1_0.workDate=?
2026-05-28T20:08:18.262+09:00 TRACE 31519 --- [nio-8080-exec-6] org.hibernate.orm.jdbc.bind              : binding parameter (1:BIGINT) <- [3]
2026-05-28T20:08:18.262+09:00 TRACE 31519 --- [nio-8080-exec-6] org.hibernate.orm.jdbc.bind              : binding parameter (2:DATE) <- [2026-05-28]
2026-05-28T20:08:18.263+09:00 DEBUG 31519 --- [nio-8080-exec-6] org.hibernate.SQL                        : 
    insert 
    into
        WorkLog
        (clockInTime, clockOutTime, createdAt, member_id, workDate, id) 
    values
        (?, ?, ?, ?, ?, default)
2026-05-28T20:08:18.263+09:00 TRACE 31519 --- [nio-8080-exec-6] org.hibernate.orm.jdbc.bind              : binding parameter (1:TIMESTAMP) <- [2026-05-28T20:08:18.262652]
2026-05-28T20:08:18.263+09:00 TRACE 31519 --- [nio-8080-exec-6] org.hibernate.orm.jdbc.bind              : binding parameter (2:TIMESTAMP) <- [null]
2026-05-28T20:08:18.263+09:00 TRACE 31519 --- [nio-8080-exec-6] org.hibernate.orm.jdbc.bind              : binding parameter (3:TIMESTAMP) <- [2026-05-28T20:08:18.262882]
2026-05-28T20:08:18.263+09:00 TRACE 31519 --- [nio-8080-exec-6] org.hibernate.orm.jdbc.bind              : binding parameter (4:BIGINT) <- [3]
2026-05-28T20:08:18.263+09:00 TRACE 31519 --- [nio-8080-exec-6] org.hibernate.orm.jdbc.bind              : binding parameter (5:DATE) <- [2026-05-28]
2026-05-28T20:08:18.263+09:00 DEBUG 31519 --- [nio-8080-exec-6] org.hibernate.SQL                        : 
    select
        m1_0.id,
        m1_0.managerId,
        m1_0.password,
        m1_0.role,
        m1_0.username,
        m1_0.virtualBalance 
    from
        Member m1_0 
    where
        m1_0.id=?
2026-05-28T20:08:18.263+09:00 TRACE 31519 --- [nio-8080-exec-6] org.hibernate.orm.jdbc.bind              : binding parameter (1:BIGINT) <- [3]
2026-05-28T20:08:18.264+09:00 DEBUG 31519 --- [nio-8080-exec-6] org.hibernate.SQL                        : 
    select
        ms1_0.id,
        ms1_0.member_id,
        ms1_0.statusType,
        ms1_0.updatedAt 
    from
        MemberStatus ms1_0 
    where
        ms1_0.member_id=?
2026-05-28T20:08:18.264+09:00 TRACE 31519 --- [nio-8080-exec-6] org.hibernate.orm.jdbc.bind              : binding parameter (1:BIGINT) <- [3]
2026-05-28T20:08:18.265+09:00 DEBUG 31519 --- [nio-8080-exec-6] org.hibernate.SQL                        : 
    insert 
    into
        MemberStatus
        (member_id, statusType, updatedAt, id) 
    values
        (?, ?, ?, default)
2026-05-28T20:08:18.265+09:00 TRACE 31519 --- [nio-8080-exec-6] org.hibernate.orm.jdbc.bind              : binding parameter (1:BIGINT) <- [3]
2026-05-28T20:08:18.265+09:00 TRACE 31519 --- [nio-8080-exec-6] org.hibernate.orm.jdbc.bind              : binding parameter (2:ENUM) <- [WORKING]
2026-05-28T20:08:18.265+09:00 TRACE 31519 --- [nio-8080-exec-6] org.hibernate.orm.jdbc.bind              : binding parameter (3:TIMESTAMP) <- [2026-05-28T20:08:18.264987]
2026-05-28T20:08:18.266+09:00  INFO 31519 --- [nio-8080-exec-6] c.worksight.api.service.WorkLogService   : Clock-in: memberId=3, time=2026-05-28T20:08:18.262652
2026-05-28T20:08:18.267+09:00  INFO 31519 --- [nio-8080-exec-6] c.worksight.api.service.WorkLogService   : Broadcasted status: memberId=3, status=WORKING, topic=/topic/team/4
2026-05-28T20:08:19.281+09:00 DEBUG 31519 --- [io-8080-exec-10] org.hibernate.SQL                        : 
    select
        m1_0.id,
        m1_0.managerId,
        m1_0.password,
        m1_0.role,
        m1_0.username,
        m1_0.virtualBalance 
    from
        Member m1_0 
    where
        m1_0.id=?
2026-05-28T20:08:19.281+09:00 DEBUG 31519 --- [nio-8080-exec-7] org.hibernate.SQL                        : 
    select
        m1_0.id,
        m1_0.managerId,
        m1_0.password,
        m1_0.role,
        m1_0.username,
        m1_0.virtualBalance 
    from
        Member m1_0 
    where
        m1_0.id=?
2026-05-28T20:08:19.281+09:00 DEBUG 31519 --- [nio-8080-exec-2] org.hibernate.SQL                        : 
    select
        m1_0.id,
        m1_0.managerId,
        m1_0.password,
        m1_0.role,
        m1_0.username,
        m1_0.virtualBalance 
    from
        Member m1_0 
    where
        m1_0.id=?
2026-05-28T20:08:19.281+09:00 TRACE 31519 --- [nio-8080-exec-7] org.hibernate.orm.jdbc.bind              : binding parameter (1:BIGINT) <- [3]
2026-05-28T20:08:19.281+09:00 TRACE 31519 --- [nio-8080-exec-2] org.hibernate.orm.jdbc.bind              : binding parameter (1:BIGINT) <- [3]
2026-05-28T20:08:19.281+09:00 TRACE 31519 --- [io-8080-exec-10] org.hibernate.orm.jdbc.bind              : binding parameter (1:BIGINT) <- [3]
2026-05-28T20:08:19.282+09:00 DEBUG 31519 --- [io-8080-exec-10] org.hibernate.SQL                        : 
    select
        m1_0.id,
        m1_0.managerId,
        m1_0.password,
        m1_0.role,
        m1_0.username,
        m1_0.virtualBalance 
    from
        Member m1_0 
    where
        m1_0.id=?
2026-05-28T20:08:19.282+09:00 TRACE 31519 --- [io-8080-exec-10] org.hibernate.orm.jdbc.bind              : binding parameter (1:BIGINT) <- [3]
2026-05-28T20:08:19.282+09:00 DEBUG 31519 --- [nio-8080-exec-7] org.hibernate.SQL                        : 
    select
        mr1_0.id,
        mr1_0.active,
        mr1_0.createdAt,
        mr1_0.endedAt,
        mr1_0.host_id,
        mr1_0.title 
    from
        MeetingRoom mr1_0 
    join
        Member h1_0 
            on h1_0.id=mr1_0.host_id 
    where
        mr1_0.active=true 
        and (
            h1_0.managerId=? 
            or mr1_0.host_id=?
        ) 
    order by
        mr1_0.createdAt desc
2026-05-28T20:08:19.282+09:00 DEBUG 31519 --- [nio-8080-exec-2] org.hibernate.SQL                        : 
    select
        m1_0.id,
        m1_0.managerId,
        m1_0.password,
        m1_0.role,
        m1_0.username,
        m1_0.virtualBalance 
    from
        Member m1_0 
    where
        m1_0.id=?
2026-05-28T20:08:19.282+09:00 TRACE 31519 --- [nio-8080-exec-2] org.hibernate.orm.jdbc.bind              : binding parameter (1:BIGINT) <- [4]
2026-05-28T20:08:19.282+09:00 TRACE 31519 --- [nio-8080-exec-7] org.hibernate.orm.jdbc.bind              : binding parameter (1:BIGINT) <- [4]
2026-05-28T20:08:19.282+09:00 TRACE 31519 --- [nio-8080-exec-7] org.hibernate.orm.jdbc.bind              : binding parameter (2:BIGINT) <- [4]
2026-05-28T20:08:19.283+09:00 DEBUG 31519 --- [io-8080-exec-10] org.hibernate.SQL                        : 
    select
        ds1_0.id,
        ds1_0.createdAt,
        ds1_0.goal,
        ds1_0.member_id,
        ds1_0.result,
        ds1_0.standupDate,
        ds1_0.updatedAt 
    from
        DailyStandup ds1_0 
    where
        ds1_0.member_id=? 
        and ds1_0.standupDate=?
2026-05-28T20:08:19.283+09:00 DEBUG 31519 --- [nio-8080-exec-4] org.hibernate.SQL                        : 
    select
        m1_0.id,
        m1_0.managerId,
        m1_0.password,
        m1_0.role,
        m1_0.username,
        m1_0.virtualBalance 
    from
        Member m1_0 
    where
        m1_0.id=?
2026-05-28T20:08:19.283+09:00 TRACE 31519 --- [nio-8080-exec-4] org.hibernate.orm.jdbc.bind              : binding parameter (1:BIGINT) <- [3]
2026-05-28T20:08:19.283+09:00 TRACE 31519 --- [io-8080-exec-10] org.hibernate.orm.jdbc.bind              : binding parameter (1:BIGINT) <- [3]
2026-05-28T20:08:19.283+09:00 TRACE 31519 --- [io-8080-exec-10] org.hibernate.orm.jdbc.bind              : binding parameter (2:DATE) <- [2026-05-28]
2026-05-28T20:08:19.283+09:00 DEBUG 31519 --- [nio-8080-exec-4] org.hibernate.SQL                        : 
    select
        m1_0.id,
        m1_0.managerId,
        m1_0.password,
        m1_0.role,
        m1_0.username,
        m1_0.virtualBalance 
    from
        Member m1_0 
    where
        m1_0.id=?
2026-05-28T20:08:19.283+09:00 TRACE 31519 --- [nio-8080-exec-4] org.hibernate.orm.jdbc.bind              : binding parameter (1:BIGINT) <- [3]
2026-05-28T20:08:19.284+09:00 DEBUG 31519 --- [nio-8080-exec-4] org.hibernate.SQL                        : 
    select
        n1_0.id,
        n1_0.createdAt,
        n1_0.message,
        n1_0.notificationType,
        n1_0.read,
        n1_0.readAt,
        n1_0.receiver_id,
        n1_0.sender_id 
    from
        Notification n1_0 
    where
        n1_0.receiver_id=? 
        and not(n1_0.read) 
    order by
        n1_0.createdAt desc
2026-05-28T20:08:19.284+09:00 TRACE 31519 --- [nio-8080-exec-4] org.hibernate.orm.jdbc.bind              : binding parameter (1:BIGINT) <- [3]
2026-05-28T20:08:19.289+09:00 DEBUG 31519 --- [nio-8080-exec-8] org.hibernate.SQL                        : 
    select
        m1_0.id,
        m1_0.managerId,
        m1_0.password,
        m1_0.role,
        m1_0.username,
        m1_0.virtualBalance 
    from
        Member m1_0 
    where
        m1_0.id=?
2026-05-28T20:08:19.289+09:00 DEBUG 31519 --- [nio-8080-exec-1] org.hibernate.SQL                        : 
    select
        m1_0.id,
        m1_0.managerId,
        m1_0.password,
        m1_0.role,
        m1_0.username,
        m1_0.virtualBalance 
    from
        Member m1_0 
    where
        m1_0.id=?
2026-05-28T20:08:19.289+09:00 TRACE 31519 --- [nio-8080-exec-8] org.hibernate.orm.jdbc.bind              : binding parameter (1:BIGINT) <- [3]
2026-05-28T20:08:19.289+09:00 TRACE 31519 --- [nio-8080-exec-1] org.hibernate.orm.jdbc.bind              : binding parameter (1:BIGINT) <- [3]
2026-05-28T20:08:19.290+09:00 DEBUG 31519 --- [nio-8080-exec-1] org.hibernate.SQL                        : 
    select
        m1_0.id,
        m1_0.managerId,
        m1_0.password,
        m1_0.role,
        m1_0.username,
        m1_0.virtualBalance 
    from
        Member m1_0 
    where
        m1_0.id=?
2026-05-28T20:08:19.290+09:00 TRACE 31519 --- [nio-8080-exec-1] org.hibernate.orm.jdbc.bind              : binding parameter (1:BIGINT) <- [4]
2026-05-28T20:08:19.290+09:00 DEBUG 31519 --- [nio-8080-exec-8] org.hibernate.SQL                        : 
    select
        mr1_0.id,
        mr1_0.active,
        mr1_0.createdAt,
        mr1_0.endedAt,
        mr1_0.host_id,
        mr1_0.title 
    from
        MeetingRoom mr1_0 
    join
        Member h1_0 
            on h1_0.id=mr1_0.host_id 
    where
        mr1_0.active=true 
        and (
            h1_0.managerId=? 
            or mr1_0.host_id=?
        ) 
    order by
        mr1_0.createdAt desc
2026-05-28T20:08:19.290+09:00 DEBUG 31519 --- [nio-8080-exec-3] org.hibernate.SQL                        : 
    select
        m1_0.id,
        m1_0.managerId,
        m1_0.password,
        m1_0.role,
        m1_0.username,
        m1_0.virtualBalance 
    from
        Member m1_0 
    where
        m1_0.id=?
2026-05-28T20:08:19.290+09:00 TRACE 31519 --- [nio-8080-exec-3] org.hibernate.orm.jdbc.bind              : binding parameter (1:BIGINT) <- [3]
2026-05-28T20:08:19.290+09:00 TRACE 31519 --- [nio-8080-exec-8] org.hibernate.orm.jdbc.bind              : binding parameter (1:BIGINT) <- [4]
2026-05-28T20:08:19.290+09:00 DEBUG 31519 --- [nio-8080-exec-6] org.hibernate.SQL                        : 
    select
        m1_0.id,
        m1_0.managerId,
        m1_0.password,
        m1_0.role,
        m1_0.username,
        m1_0.virtualBalance 
    from
        Member m1_0 
    where
        m1_0.id=?
2026-05-28T20:08:19.290+09:00 TRACE 31519 --- [nio-8080-exec-8] org.hibernate.orm.jdbc.bind              : binding parameter (2:BIGINT) <- [4]
2026-05-28T20:08:19.290+09:00 TRACE 31519 --- [nio-8080-exec-6] org.hibernate.orm.jdbc.bind              : binding parameter (1:BIGINT) <- [3]
2026-05-28T20:08:19.290+09:00 DEBUG 31519 --- [nio-8080-exec-3] org.hibernate.SQL                        : 
    select
        m1_0.id,
        m1_0.managerId,
        m1_0.password,
        m1_0.role,
        m1_0.username,
        m1_0.virtualBalance 
    from
        Member m1_0 
    where
        m1_0.id=?
2026-05-28T20:08:19.290+09:00 DEBUG 31519 --- [nio-8080-exec-5] org.hibernate.SQL                        : 
    select
        m1_0.id,
        m1_0.managerId,
        m1_0.password,
        m1_0.role,
        m1_0.username,
        m1_0.virtualBalance 
    from
        Member m1_0 
    where
        m1_0.id=?
2026-05-28T20:08:19.291+09:00 TRACE 31519 --- [nio-8080-exec-3] org.hibernate.orm.jdbc.bind              : binding parameter (1:BIGINT) <- [3]
2026-05-28T20:08:19.291+09:00 TRACE 31519 --- [nio-8080-exec-5] org.hibernate.orm.jdbc.bind              : binding parameter (1:BIGINT) <- [3]
2026-05-28T20:08:19.291+09:00 DEBUG 31519 --- [nio-8080-exec-5] org.hibernate.SQL                        : 
    select
        m1_0.id,
        m1_0.managerId,
        m1_0.password,
        m1_0.role,
        m1_0.username,
        m1_0.virtualBalance 
    from
        Member m1_0 
    where
        m1_0.id=?
2026-05-28T20:08:19.291+09:00 TRACE 31519 --- [nio-8080-exec-5] org.hibernate.orm.jdbc.bind              : binding parameter (1:BIGINT) <- [3]
2026-05-28T20:08:19.291+09:00 DEBUG 31519 --- [nio-8080-exec-6] org.hibernate.SQL                        : 
    select
        m1_0.id,
        m1_0.managerId,
        m1_0.password,
        m1_0.role,
        m1_0.username,
        m1_0.virtualBalance 
    from
        Member m1_0 
    where
        m1_0.managerId=?
2026-05-28T20:08:19.291+09:00 TRACE 31519 --- [nio-8080-exec-6] org.hibernate.orm.jdbc.bind              : binding parameter (1:BIGINT) <- [4]
2026-05-28T20:08:19.291+09:00 DEBUG 31519 --- [nio-8080-exec-3] org.hibernate.SQL                        : 
    select
        n1_0.id,
        n1_0.createdAt,
        n1_0.message,
        n1_0.notificationType,
        n1_0.read,
        n1_0.readAt,
        n1_0.receiver_id,
        n1_0.sender_id 
    from
        Notification n1_0 
    where
        n1_0.receiver_id=? 
        and not(n1_0.read) 
    order by
        n1_0.createdAt desc
2026-05-28T20:08:19.291+09:00 DEBUG 31519 --- [nio-8080-exec-5] org.hibernate.SQL                        : 
    select
        ds1_0.id,
        ds1_0.createdAt,
        ds1_0.goal,
        ds1_0.member_id,
        ds1_0.result,
        ds1_0.standupDate,
        ds1_0.updatedAt 
    from
        DailyStandup ds1_0 
    where
        ds1_0.member_id=? 
        and ds1_0.standupDate=?
2026-05-28T20:08:19.291+09:00 TRACE 31519 --- [nio-8080-exec-5] org.hibernate.orm.jdbc.bind              : binding parameter (1:BIGINT) <- [3]
2026-05-28T20:08:19.291+09:00 TRACE 31519 --- [nio-8080-exec-5] org.hibernate.orm.jdbc.bind              : binding parameter (2:DATE) <- [2026-05-28]
2026-05-28T20:08:19.291+09:00 TRACE 31519 --- [nio-8080-exec-3] org.hibernate.orm.jdbc.bind              : binding parameter (1:BIGINT) <- [3]
2026-05-28T20:08:19.295+09:00 DEBUG 31519 --- [io-8080-exec-10] org.hibernate.SQL                        : 
    select
        m1_0.id,
        m1_0.managerId,
        m1_0.password,
        m1_0.role,
        m1_0.username,
        m1_0.virtualBalance 
    from
        Member m1_0 
    where
        m1_0.id=?
2026-05-28T20:08:19.295+09:00 TRACE 31519 --- [io-8080-exec-10] org.hibernate.orm.jdbc.bind              : binding parameter (1:BIGINT) <- [3]
2026-05-28T20:08:19.295+09:00 DEBUG 31519 --- [nio-8080-exec-9] org.hibernate.SQL                        : 
    select
        m1_0.id,
        m1_0.managerId,
        m1_0.password,
        m1_0.role,
        m1_0.username,
        m1_0.virtualBalance 
    from
        Member m1_0 
    where
        m1_0.id=?
2026-05-28T20:08:19.295+09:00 TRACE 31519 --- [nio-8080-exec-9] org.hibernate.orm.jdbc.bind              : binding parameter (1:BIGINT) <- [3]
2026-05-28T20:08:19.295+09:00 DEBUG 31519 --- [io-8080-exec-10] org.hibernate.SQL                        : 
    select
        m1_0.id,
        m1_0.managerId,
        m1_0.password,
        m1_0.role,
        m1_0.username,
        m1_0.virtualBalance 
    from
        Member m1_0 
    where
        m1_0.id=?
2026-05-28T20:08:19.295+09:00 TRACE 31519 --- [io-8080-exec-10] org.hibernate.orm.jdbc.bind              : binding parameter (1:BIGINT) <- [4]
2026-05-28T20:08:19.296+09:00 DEBUG 31519 --- [nio-8080-exec-9] org.hibernate.SQL                        : 
    select
        m1_0.id,
        m1_0.managerId,
        m1_0.password,
        m1_0.role,
        m1_0.username,
        m1_0.virtualBalance 
    from
        Member m1_0 
    where
        m1_0.managerId=?
2026-05-28T20:08:19.296+09:00 TRACE 31519 --- [nio-8080-exec-9] org.hibernate.orm.jdbc.bind              : binding parameter (1:BIGINT) <- [4]
2026-05-28T20:08:19.298+09:00 DEBUG 31519 --- [nio-8080-exec-7] org.hibernate.SQL                        : 
    select
        m1_0.id,
        m1_0.managerId,
        m1_0.password,
        m1_0.role,
        m1_0.username,
        m1_0.virtualBalance 
    from
        Member m1_0 
    where
        m1_0.id=?
2026-05-28T20:08:19.298+09:00 TRACE 31519 --- [nio-8080-exec-7] org.hibernate.orm.jdbc.bind              : binding parameter (1:BIGINT) <- [3]
2026-05-28T20:08:19.298+09:00 DEBUG 31519 --- [nio-8080-exec-7] org.hibernate.SQL                        : 
    select
        m1_0.id,
        m1_0.managerId,
        m1_0.password,
        m1_0.role,
        m1_0.username,
        m1_0.virtualBalance 
    from
        Member m1_0 
    where
        m1_0.id=?
2026-05-28T20:08:19.298+09:00 TRACE 31519 --- [nio-8080-exec-7] org.hibernate.orm.jdbc.bind              : binding parameter (1:BIGINT) <- [4]
2026-05-28T20:08:19.302+09:00 DEBUG 31519 --- [nio-8080-exec-3] org.hibernate.SQL                        : 
    select
        m1_0.id,
        m1_0.managerId,
        m1_0.password,
        m1_0.role,
        m1_0.username,
        m1_0.virtualBalance 
    from
        Member m1_0 
    where
        m1_0.id=?
2026-05-28T20:08:19.302+09:00 TRACE 31519 --- [nio-8080-exec-3] org.hibernate.orm.jdbc.bind              : binding parameter (1:BIGINT) <- [3]
2026-05-28T20:08:19.303+09:00 DEBUG 31519 --- [nio-8080-exec-3] org.hibernate.SQL                        : 
    select
        m1_0.id,
        m1_0.managerId,
        m1_0.password,
        m1_0.role,
        m1_0.username,
        m1_0.virtualBalance 
    from
        Member m1_0 
    where
        m1_0.managerId=?
2026-05-28T20:08:19.303+09:00 TRACE 31519 --- [nio-8080-exec-3] org.hibernate.orm.jdbc.bind              : binding parameter (1:BIGINT) <- [4]
2026-05-28T20:08:19.306+09:00 DEBUG 31519 --- [nio-8080-exec-5] org.hibernate.SQL                        : 
    select
        m1_0.id,
        m1_0.managerId,
        m1_0.password,
        m1_0.role,
        m1_0.username,
        m1_0.virtualBalance 
    from
        Member m1_0 
    where
        m1_0.id=?
2026-05-28T20:08:19.307+09:00 TRACE 31519 --- [nio-8080-exec-5] org.hibernate.orm.jdbc.bind              : binding parameter (1:BIGINT) <- [3]
2026-05-28T20:08:19.308+09:00 DEBUG 31519 --- [nio-8080-exec-5] org.hibernate.SQL                        : 
    select
        m1_0.id,
        m1_0.managerId,
        m1_0.password,
        m1_0.role,
        m1_0.username,
        m1_0.virtualBalance 
    from
        Member m1_0 
    where
        m1_0.managerId=?
2026-05-28T20:08:19.308+09:00 TRACE 31519 --- [nio-8080-exec-5] org.hibernate.orm.jdbc.bind              : binding parameter (1:BIGINT) <- [4]
2026-05-28T20:08:22.456+09:00 DEBUG 31519 --- [nio-8080-exec-2] org.hibernate.SQL                        : 
    select
        m1_0.id,
        m1_0.managerId,
        m1_0.password,
        m1_0.role,
        m1_0.username,
        m1_0.virtualBalance 
    from
        Member m1_0 
    where
        m1_0.id=?
2026-05-28T20:08:22.456+09:00 TRACE 31519 --- [nio-8080-exec-2] org.hibernate.orm.jdbc.bind              : binding parameter (1:BIGINT) <- [4]
2026-05-28T20:08:22.457+09:00 DEBUG 31519 --- [nio-8080-exec-2] org.hibernate.SQL                        : 
    select
        m1_0.id,
        m1_0.managerId,
        m1_0.password,
        m1_0.role,
        m1_0.username,
        m1_0.virtualBalance 
    from
        Member m1_0 
    where
        m1_0.managerId=?
2026-05-28T20:08:22.457+09:00 DEBUG 31519 --- [nio-8080-exec-4] org.hibernate.SQL                        : 
    select
        m1_0.id,
        m1_0.managerId,
        m1_0.password,
        m1_0.role,
        m1_0.username,
        m1_0.virtualBalance 
    from
        Member m1_0 
    where
        m1_0.id=?
2026-05-28T20:08:22.457+09:00 TRACE 31519 --- [nio-8080-exec-4] org.hibernate.orm.jdbc.bind              : binding parameter (1:BIGINT) <- [4]
2026-05-28T20:08:22.457+09:00 TRACE 31519 --- [nio-8080-exec-2] org.hibernate.orm.jdbc.bind              : binding parameter (1:BIGINT) <- [4]
2026-05-28T20:08:22.457+09:00 DEBUG 31519 --- [nio-8080-exec-4] org.hibernate.SQL                        : 
    select
        mr1_0.id,
        mr1_0.active,
        mr1_0.createdAt,
        mr1_0.endedAt,
        mr1_0.host_id,
        mr1_0.title 
    from
        MeetingRoom mr1_0 
    join
        Member h1_0 
            on h1_0.id=mr1_0.host_id 
    where
        mr1_0.active=true 
        and (
            h1_0.managerId=? 
            or mr1_0.host_id=?
        ) 
    order by
        mr1_0.createdAt desc
2026-05-28T20:08:22.458+09:00 TRACE 31519 --- [nio-8080-exec-4] org.hibernate.orm.jdbc.bind              : binding parameter (1:BIGINT) <- [4]
2026-05-28T20:08:22.458+09:00 TRACE 31519 --- [nio-8080-exec-4] org.hibernate.orm.jdbc.bind              : binding parameter (2:BIGINT) <- [4]
2026-05-28T20:08:22.458+09:00 DEBUG 31519 --- [nio-8080-exec-5] org.hibernate.SQL                        : 
    select
        m1_0.id,
        m1_0.managerId,
        m1_0.password,
        m1_0.role,
        m1_0.username,
        m1_0.virtualBalance 
    from
        Member m1_0 
    where
        m1_0.id=?
2026-05-28T20:08:22.458+09:00 TRACE 31519 --- [nio-8080-exec-5] org.hibernate.orm.jdbc.bind              : binding parameter (1:BIGINT) <- [4]
2026-05-28T20:08:22.458+09:00 DEBUG 31519 --- [nio-8080-exec-5] org.hibernate.SQL                        : 
    select
        m1_0.id,
        m1_0.managerId,
        m1_0.password,
        m1_0.role,
        m1_0.username,
        m1_0.virtualBalance 
    from
        Member m1_0 
    where
        m1_0.managerId=?
2026-05-28T20:08:22.458+09:00 TRACE 31519 --- [nio-8080-exec-5] org.hibernate.orm.jdbc.bind              : binding parameter (1:BIGINT) <- [4]
2026-05-28T20:08:22.460+09:00 DEBUG 31519 --- [io-8080-exec-10] org.hibernate.SQL                        : 
    select
        m1_0.id,
        m1_0.managerId,
        m1_0.password,
        m1_0.role,
        m1_0.username,
        m1_0.virtualBalance 
    from
        Member m1_0 
    where
        m1_0.id=?
2026-05-28T20:08:22.460+09:00 TRACE 31519 --- [io-8080-exec-10] org.hibernate.orm.jdbc.bind              : binding parameter (1:BIGINT) <- [4]
2026-05-28T20:08:22.460+09:00 DEBUG 31519 --- [nio-8080-exec-1] org.hibernate.SQL                        : 
    select
        m1_0.id,
        m1_0.managerId,
        m1_0.password,
        m1_0.role,
        m1_0.username,
        m1_0.virtualBalance 
    from
        Member m1_0 
    where
        m1_0.id=?
2026-05-28T20:08:22.460+09:00 TRACE 31519 --- [nio-8080-exec-1] org.hibernate.orm.jdbc.bind              : binding parameter (1:BIGINT) <- [4]
2026-05-28T20:08:22.461+09:00 DEBUG 31519 --- [io-8080-exec-10] org.hibernate.SQL                        : 
    select
        ds1_0.id,
        ds1_0.createdAt,
        ds1_0.goal,
        ds1_0.member_id,
        ds1_0.result,
        ds1_0.standupDate,
        ds1_0.updatedAt 
    from
        DailyStandup ds1_0 
    join
        Member m1_0 
            on m1_0.id=ds1_0.member_id 
    where
        (
            m1_0.managerId=? 
            or m1_0.id=?
        ) 
        and ds1_0.standupDate=? 
    order by
        m1_0.username
2026-05-28T20:08:22.461+09:00 TRACE 31519 --- [io-8080-exec-10] org.hibernate.orm.jdbc.bind              : binding parameter (1:BIGINT) <- [4]
2026-05-28T20:08:22.461+09:00 TRACE 31519 --- [io-8080-exec-10] org.hibernate.orm.jdbc.bind              : binding parameter (2:BIGINT) <- [4]
2026-05-28T20:08:22.461+09:00 TRACE 31519 --- [io-8080-exec-10] org.hibernate.orm.jdbc.bind              : binding parameter (3:DATE) <- [2026-05-28]
2026-05-28T20:08:22.461+09:00 DEBUG 31519 --- [nio-8080-exec-1] org.hibernate.SQL                        : 
    select
        ms1_0.id,
        ms1_0.member_id,
        ms1_0.statusType,
        ms1_0.updatedAt 
    from
        MemberStatus ms1_0 
    join
        Member m1_0 
            on m1_0.id=ms1_0.member_id 
    where
        m1_0.managerId=?
2026-05-28T20:08:22.461+09:00 TRACE 31519 --- [nio-8080-exec-1] org.hibernate.orm.jdbc.bind              : binding parameter (1:BIGINT) <- [4]
2026-05-28T20:08:22.462+09:00 DEBUG 31519 --- [nio-8080-exec-1] org.hibernate.SQL                        : 
    select
        m1_0.id,
        m1_0.managerId,
        m1_0.password,
        m1_0.role,
        m1_0.username,
        m1_0.virtualBalance 
    from
        Member m1_0 
    where
        m1_0.id=?
2026-05-28T20:08:22.462+09:00 TRACE 31519 --- [nio-8080-exec-1] org.hibernate.orm.jdbc.bind              : binding parameter (1:BIGINT) <- [5]
2026-05-28T20:08:22.462+09:00 DEBUG 31519 --- [nio-8080-exec-1] org.hibernate.SQL                        : 
    select
        m1_0.id,
        m1_0.managerId,
        m1_0.password,
        m1_0.role,
        m1_0.username,
        m1_0.virtualBalance 
    from
        Member m1_0 
    where
        m1_0.id=?
2026-05-28T20:08:22.462+09:00 TRACE 31519 --- [nio-8080-exec-1] org.hibernate.orm.jdbc.bind              : binding parameter (1:BIGINT) <- [3]
2026-05-28T20:08:22.462+09:00 DEBUG 31519 --- [nio-8080-exec-9] org.hibernate.SQL                        : 
    select
        m1_0.id,
        m1_0.managerId,
        m1_0.password,
        m1_0.role,
        m1_0.username,
        m1_0.virtualBalance 
    from
        Member m1_0 
    where
        m1_0.id=?
2026-05-28T20:08:22.462+09:00 TRACE 31519 --- [nio-8080-exec-9] org.hibernate.orm.jdbc.bind              : binding parameter (1:BIGINT) <- [4]
2026-05-28T20:08:22.463+09:00 DEBUG 31519 --- [nio-8080-exec-9] org.hibernate.SQL                        : 
    select
        m1_0.id,
        m1_0.managerId,
        m1_0.password,
        m1_0.role,
        m1_0.username,
        m1_0.virtualBalance 
    from
        Member m1_0 
    where
        m1_0.managerId=?
2026-05-28T20:08:22.463+09:00 TRACE 31519 --- [nio-8080-exec-9] org.hibernate.orm.jdbc.bind              : binding parameter (1:BIGINT) <- [4]
2026-05-28T20:08:22.463+09:00 DEBUG 31519 --- [nio-8080-exec-8] org.hibernate.SQL                        : 
    select
        m1_0.id,
        m1_0.managerId,
        m1_0.password,
        m1_0.role,
        m1_0.username,
        m1_0.virtualBalance 
    from
        Member m1_0 
    where
        m1_0.id=?
2026-05-28T20:08:22.463+09:00 TRACE 31519 --- [nio-8080-exec-8] org.hibernate.orm.jdbc.bind              : binding parameter (1:BIGINT) <- [4]
2026-05-28T20:08:22.464+09:00 DEBUG 31519 --- [nio-8080-exec-8] org.hibernate.SQL                        : 
    select
        mr1_0.id,
        mr1_0.active,
        mr1_0.createdAt,
        mr1_0.endedAt,
        mr1_0.host_id,
        mr1_0.title 
    from
        MeetingRoom mr1_0 
    join
        Member h1_0 
            on h1_0.id=mr1_0.host_id 
    where
        mr1_0.active=true 
        and (
            h1_0.managerId=? 
            or mr1_0.host_id=?
        ) 
    order by
        mr1_0.createdAt desc
2026-05-28T20:08:22.464+09:00 TRACE 31519 --- [nio-8080-exec-8] org.hibernate.orm.jdbc.bind              : binding parameter (1:BIGINT) <- [4]
2026-05-28T20:08:22.464+09:00 TRACE 31519 --- [nio-8080-exec-8] org.hibernate.orm.jdbc.bind              : binding parameter (2:BIGINT) <- [4]
2026-05-28T20:08:22.465+09:00 DEBUG 31519 --- [nio-8080-exec-7] org.hibernate.SQL                        : 
    select
        m1_0.id,
        m1_0.managerId,
        m1_0.password,
        m1_0.role,
        m1_0.username,
        m1_0.virtualBalance 
    from
        Member m1_0 
    where
        m1_0.id=?
2026-05-28T20:08:22.465+09:00 TRACE 31519 --- [nio-8080-exec-7] org.hibernate.orm.jdbc.bind              : binding parameter (1:BIGINT) <- [4]
2026-05-28T20:08:22.466+09:00 DEBUG 31519 --- [nio-8080-exec-6] org.hibernate.SQL                        : 
    select
        m1_0.id,
        m1_0.managerId,
        m1_0.password,
        m1_0.role,
        m1_0.username,
        m1_0.virtualBalance 
    from
        Member m1_0 
    where
        m1_0.id=?
2026-05-28T20:08:22.466+09:00 TRACE 31519 --- [nio-8080-exec-6] org.hibernate.orm.jdbc.bind              : binding parameter (1:BIGINT) <- [4]
2026-05-28T20:08:22.466+09:00 DEBUG 31519 --- [nio-8080-exec-7] org.hibernate.SQL                        : 
    select
        m1_0.id,
        m1_0.managerId,
        m1_0.password,
        m1_0.role,
        m1_0.username,
        m1_0.virtualBalance 
    from
        Member m1_0 
    where
        m1_0.managerId=?
2026-05-28T20:08:22.466+09:00 TRACE 31519 --- [nio-8080-exec-7] org.hibernate.orm.jdbc.bind              : binding parameter (1:BIGINT) <- [4]
2026-05-28T20:08:22.466+09:00 DEBUG 31519 --- [nio-8080-exec-6] org.hibernate.SQL                        : 
    select
        ds1_0.id,
        ds1_0.createdAt,
        ds1_0.goal,
        ds1_0.member_id,
        ds1_0.result,
        ds1_0.standupDate,
        ds1_0.updatedAt 
    from
        DailyStandup ds1_0 
    join
        Member m1_0 
            on m1_0.id=ds1_0.member_id 
    where
        (
            m1_0.managerId=? 
            or m1_0.id=?
        ) 
        and ds1_0.standupDate=? 
    order by
        m1_0.username
2026-05-28T20:08:22.467+09:00 DEBUG 31519 --- [nio-8080-exec-3] org.hibernate.SQL                        : 
    select
        m1_0.id,
        m1_0.managerId,
        m1_0.password,
        m1_0.role,
        m1_0.username,
        m1_0.virtualBalance 
    from
        Member m1_0 
    where
        m1_0.id=?
2026-05-28T20:08:22.467+09:00 TRACE 31519 --- [nio-8080-exec-3] org.hibernate.orm.jdbc.bind              : binding parameter (1:BIGINT) <- [4]
2026-05-28T20:08:22.467+09:00 TRACE 31519 --- [nio-8080-exec-6] org.hibernate.orm.jdbc.bind              : binding parameter (1:BIGINT) <- [4]
2026-05-28T20:08:22.467+09:00 TRACE 31519 --- [nio-8080-exec-6] org.hibernate.orm.jdbc.bind              : binding parameter (2:BIGINT) <- [4]
2026-05-28T20:08:22.467+09:00 TRACE 31519 --- [nio-8080-exec-6] org.hibernate.orm.jdbc.bind              : binding parameter (3:DATE) <- [2026-05-28]
2026-05-28T20:08:22.467+09:00 DEBUG 31519 --- [nio-8080-exec-3] org.hibernate.SQL                        : 
    select
        ms1_0.id,
        ms1_0.member_id,
        ms1_0.statusType,
        ms1_0.updatedAt 
    from
        MemberStatus ms1_0 
    join
        Member m1_0 
            on m1_0.id=ms1_0.member_id 
    where
        m1_0.managerId=?
2026-05-28T20:08:22.467+09:00 TRACE 31519 --- [nio-8080-exec-3] org.hibernate.orm.jdbc.bind              : binding parameter (1:BIGINT) <- [4]
2026-05-28T20:08:22.467+09:00 DEBUG 31519 --- [nio-8080-exec-3] org.hibernate.SQL                        : 
    select
        m1_0.id,
        m1_0.managerId,
        m1_0.password,
        m1_0.role,
        m1_0.username,
        m1_0.virtualBalance 
    from
        Member m1_0 
    where
        m1_0.id=?
2026-05-28T20:08:22.467+09:00 TRACE 31519 --- [nio-8080-exec-3] org.hibernate.orm.jdbc.bind              : binding parameter (1:BIGINT) <- [5]
2026-05-28T20:08:22.468+09:00 DEBUG 31519 --- [nio-8080-exec-3] org.hibernate.SQL                        : 
    select
        m1_0.id,
        m1_0.managerId,
        m1_0.password,
        m1_0.role,
        m1_0.username,
        m1_0.virtualBalance 
    from
        Member m1_0 
    where
        m1_0.id=?
2026-05-28T20:08:22.468+09:00 TRACE 31519 --- [nio-8080-exec-3] org.hibernate.orm.jdbc.bind              : binding parameter (1:BIGINT) <- [3]
2026-05-28T20:08:30.918+09:00 DEBUG 31519 --- [nio-8080-exec-3] org.hibernate.SQL                        : 
    select
        m1_0.id,
        m1_0.managerId,
        m1_0.password,
        m1_0.role,
        m1_0.username,
        m1_0.virtualBalance 
    from
        Member m1_0 
    where
        m1_0.id=?
2026-05-28T20:08:30.918+09:00 DEBUG 31519 --- [nio-8080-exec-7] org.hibernate.SQL                        : 
    select
        m1_0.id,
        m1_0.managerId,
        m1_0.password,
        m1_0.role,
        m1_0.username,
        m1_0.virtualBalance 
    from
        Member m1_0 
    where
        m1_0.id=?
2026-05-28T20:08:30.918+09:00 TRACE 31519 --- [nio-8080-exec-3] org.hibernate.orm.jdbc.bind              : binding parameter (1:BIGINT) <- [5]
2026-05-28T20:08:30.918+09:00 TRACE 31519 --- [nio-8080-exec-7] org.hibernate.orm.jdbc.bind              : binding parameter (1:BIGINT) <- [5]
2026-05-28T20:08:30.919+09:00 DEBUG 31519 --- [nio-8080-exec-3] org.hibernate.SQL                        : 
    select
        m1_0.id,
        m1_0.managerId,
        m1_0.password,
        m1_0.role,
        m1_0.username,
        m1_0.virtualBalance 
    from
        Member m1_0 
    where
        m1_0.id=?
2026-05-28T20:08:30.919+09:00 DEBUG 31519 --- [nio-8080-exec-7] org.hibernate.SQL                        : 
    select
        m1_0.id,
        m1_0.managerId,
        m1_0.password,
        m1_0.role,
        m1_0.username,
        m1_0.virtualBalance 
    from
        Member m1_0 
    where
        m1_0.id=?
2026-05-28T20:08:30.919+09:00 TRACE 31519 --- [nio-8080-exec-7] org.hibernate.orm.jdbc.bind              : binding parameter (1:BIGINT) <- [4]
2026-05-28T20:08:30.919+09:00 TRACE 31519 --- [nio-8080-exec-3] org.hibernate.orm.jdbc.bind              : binding parameter (1:BIGINT) <- [4]
2026-05-28T20:08:30.927+09:00 DEBUG 31519 --- [nio-8080-exec-2] org.hibernate.SQL                        : 
    select
        m1_0.id,
        m1_0.managerId,
        m1_0.password,
        m1_0.role,
        m1_0.username,
        m1_0.virtualBalance 
    from
        Member m1_0 
    where
        m1_0.id=?
2026-05-28T20:08:30.927+09:00 TRACE 31519 --- [nio-8080-exec-2] org.hibernate.orm.jdbc.bind              : binding parameter (1:BIGINT) <- [5]
2026-05-28T20:08:30.928+09:00 DEBUG 31519 --- [io-8080-exec-10] org.hibernate.SQL                        : 
    select
        m1_0.id,
        m1_0.managerId,
        m1_0.password,
        m1_0.role,
        m1_0.username,
        m1_0.virtualBalance 
    from
        Member m1_0 
    where
        m1_0.id=?
2026-05-28T20:08:30.928+09:00 TRACE 31519 --- [io-8080-exec-10] org.hibernate.orm.jdbc.bind              : binding parameter (1:BIGINT) <- [5]
2026-05-28T20:08:30.928+09:00 DEBUG 31519 --- [nio-8080-exec-2] org.hibernate.SQL                        : 
    select
        m1_0.id,
        m1_0.managerId,
        m1_0.password,
        m1_0.role,
        m1_0.username,
        m1_0.virtualBalance 
    from
        Member m1_0 
    where
        m1_0.managerId=?
2026-05-28T20:08:30.928+09:00 TRACE 31519 --- [nio-8080-exec-2] org.hibernate.orm.jdbc.bind              : binding parameter (1:BIGINT) <- [4]
2026-05-28T20:08:30.929+09:00 DEBUG 31519 --- [io-8080-exec-10] org.hibernate.SQL                        : 
    select
        m1_0.id,
        m1_0.managerId,
        m1_0.password,
        m1_0.role,
        m1_0.username,
        m1_0.virtualBalance 
    from
        Member m1_0 
    where
        m1_0.managerId=?
2026-05-28T20:08:30.929+09:00 TRACE 31519 --- [io-8080-exec-10] org.hibernate.orm.jdbc.bind              : binding parameter (1:BIGINT) <- [4]
2026-05-28T20:08:30.935+09:00 DEBUG 31519 --- [nio-8080-exec-1] org.hibernate.SQL                        : 
    select
        m1_0.id,
        m1_0.managerId,
        m1_0.password,
        m1_0.role,
        m1_0.username,
        m1_0.virtualBalance 
    from
        Member m1_0 
    where
        m1_0.id=?
2026-05-28T20:08:30.935+09:00 TRACE 31519 --- [nio-8080-exec-1] org.hibernate.orm.jdbc.bind              : binding parameter (1:BIGINT) <- [5]
2026-05-28T20:08:30.936+09:00 DEBUG 31519 --- [nio-8080-exec-1] org.hibernate.SQL                        : 
    select
        cr1_0.id,
        cr1_0.createdAt,
        cr1_0.member1_id,
        cr1_0.member2_id 
    from
        chat_room cr1_0 
    where
        cr1_0.member1_id=? 
        or cr1_0.member2_id=?
2026-05-28T20:08:30.937+09:00 TRACE 31519 --- [nio-8080-exec-1] org.hibernate.orm.jdbc.bind              : binding parameter (1:BIGINT) <- [5]
2026-05-28T20:08:30.937+09:00 TRACE 31519 --- [nio-8080-exec-1] org.hibernate.orm.jdbc.bind              : binding parameter (2:BIGINT) <- [5]
2026-05-28T20:08:30.940+09:00 DEBUG 31519 --- [nio-8080-exec-4] org.hibernate.SQL                        : 
    select
        m1_0.id,
        m1_0.managerId,
        m1_0.password,
        m1_0.role,
        m1_0.username,
        m1_0.virtualBalance 
    from
        Member m1_0 
    where
        m1_0.id=?
2026-05-28T20:08:30.940+09:00 TRACE 31519 --- [nio-8080-exec-4] org.hibernate.orm.jdbc.bind              : binding parameter (1:BIGINT) <- [5]
2026-05-28T20:08:30.941+09:00 DEBUG 31519 --- [nio-8080-exec-4] org.hibernate.SQL                        : 
    select
        cr1_0.id,
        cr1_0.createdAt,
        cr1_0.member1_id,
        cr1_0.member2_id 
    from
        chat_room cr1_0 
    where
        cr1_0.member1_id=? 
        or cr1_0.member2_id=?
2026-05-28T20:08:30.941+09:00 TRACE 31519 --- [nio-8080-exec-4] org.hibernate.orm.jdbc.bind              : binding parameter (1:BIGINT) <- [5]
2026-05-28T20:08:30.941+09:00 TRACE 31519 --- [nio-8080-exec-4] org.hibernate.orm.jdbc.bind              : binding parameter (2:BIGINT) <- [5]
2026-05-28T20:08:36.286+09:00 DEBUG 31519 --- [nio-8080-exec-2] org.hibernate.SQL                        : 
    select
        m1_0.id,
        m1_0.managerId,
        m1_0.password,
        m1_0.role,
        m1_0.username,
        m1_0.virtualBalance 
    from
        Member m1_0 
    where
        m1_0.id=?
2026-05-28T20:08:36.286+09:00 TRACE 31519 --- [nio-8080-exec-2] org.hibernate.orm.jdbc.bind              : binding parameter (1:BIGINT) <- [5]
2026-05-28T20:08:36.287+09:00 DEBUG 31519 --- [nio-8080-exec-2] org.hibernate.SQL                        : 
    select
        m1_0.id,
        m1_0.managerId,
        m1_0.password,
        m1_0.role,
        m1_0.username,
        m1_0.virtualBalance 
    from
        Member m1_0 
    where
        m1_0.id=?
2026-05-28T20:08:36.287+09:00 TRACE 31519 --- [nio-8080-exec-2] org.hibernate.orm.jdbc.bind              : binding parameter (1:BIGINT) <- [4]
2026-05-28T20:08:36.288+09:00 DEBUG 31519 --- [nio-8080-exec-2] org.hibernate.SQL                        : 
    select
        cr1_0.id,
        cr1_0.createdAt,
        cr1_0.member1_id,
        cr1_0.member2_id 
    from
        chat_room cr1_0 
    where
        cr1_0.member1_id=? 
        and cr1_0.member2_id=?
2026-05-28T20:08:36.288+09:00 TRACE 31519 --- [nio-8080-exec-2] org.hibernate.orm.jdbc.bind              : binding parameter (1:BIGINT) <- [4]
2026-05-28T20:08:36.288+09:00 TRACE 31519 --- [nio-8080-exec-2] org.hibernate.orm.jdbc.bind              : binding parameter (2:BIGINT) <- [5]
2026-05-28T20:08:36.289+09:00 DEBUG 31519 --- [nio-8080-exec-2] org.hibernate.SQL                        : 
    insert 
    into
        chat_room
        (createdAt, member1_id, member2_id, id) 
    values
        (?, ?, ?, default)
2026-05-28T20:08:36.289+09:00 TRACE 31519 --- [nio-8080-exec-2] org.hibernate.orm.jdbc.bind              : binding parameter (1:TIMESTAMP) <- [2026-05-28T20:08:36.288866]
2026-05-28T20:08:36.289+09:00 TRACE 31519 --- [nio-8080-exec-2] org.hibernate.orm.jdbc.bind              : binding parameter (2:BIGINT) <- [4]
2026-05-28T20:08:36.289+09:00 TRACE 31519 --- [nio-8080-exec-2] org.hibernate.orm.jdbc.bind              : binding parameter (3:BIGINT) <- [5]
2026-05-28T20:08:36.291+09:00 DEBUG 31519 --- [nio-8080-exec-2] org.hibernate.SQL                        : 
    update
        chat_message cm1_0 
    set
        read=true,
        readAt=localtimestamp 
    where
        cm1_0.chat_room_id=? 
        and cm1_0.sender_id<>? 
        and cm1_0.read=false
2026-05-28T20:08:36.291+09:00 TRACE 31519 --- [nio-8080-exec-2] org.hibernate.orm.jdbc.bind              : binding parameter (1:BIGINT) <- [2]
2026-05-28T20:08:36.291+09:00 TRACE 31519 --- [nio-8080-exec-2] org.hibernate.orm.jdbc.bind              : binding parameter (2:BIGINT) <- [5]
2026-05-28T20:08:36.293+09:00 DEBUG 31519 --- [nio-8080-exec-2] org.hibernate.SQL                        : 
    select
        cm1_0.id,
        cm1_0.chat_room_id,
        cm1_0.content,
        cm1_0.createdAt,
        cm1_0.messageType,
        cm1_0.read,
        cm1_0.readAt,
        cm1_0.sender_id 
    from
        chat_message cm1_0 
    where
        cm1_0.chat_room_id=? 
    order by
        cm1_0.createdAt desc 
    fetch
        first ? rows only
2026-05-28T20:08:36.293+09:00 TRACE 31519 --- [nio-8080-exec-2] org.hibernate.orm.jdbc.bind              : binding parameter (1:BIGINT) <- [2]
2026-05-28T20:08:36.293+09:00 TRACE 31519 --- [nio-8080-exec-2] org.hibernate.orm.jdbc.bind              : binding parameter (2:INTEGER) <- [50]
2026-05-28T20:08:36.294+09:00 DEBUG 31519 --- [nio-8080-exec-2] org.hibernate.SQL                        : 
    select
        ms1_0.id,
        ms1_0.member_id,
        ms1_0.statusType,
        ms1_0.updatedAt 
    from
        MemberStatus ms1_0 
    where
        ms1_0.member_id=?
2026-05-28T20:08:36.294+09:00 TRACE 31519 --- [nio-8080-exec-2] org.hibernate.orm.jdbc.bind              : binding parameter (1:BIGINT) <- [4]
2026-05-28T20:08:36.307+09:00 DEBUG 31519 --- [io-8080-exec-10] org.hibernate.SQL                        : 
    select
        m1_0.id,
        m1_0.managerId,
        m1_0.password,
        m1_0.role,
        m1_0.username,
        m1_0.virtualBalance 
    from
        Member m1_0 
    where
        m1_0.id=?
2026-05-28T20:08:36.307+09:00 TRACE 31519 --- [io-8080-exec-10] org.hibernate.orm.jdbc.bind              : binding parameter (1:BIGINT) <- [5]
2026-05-28T20:08:36.308+09:00 DEBUG 31519 --- [io-8080-exec-10] org.hibernate.SQL                        : 
    select
        cr1_0.id,
        cr1_0.createdAt,
        cr1_0.member1_id,
        cr1_0.member2_id 
    from
        chat_room cr1_0 
    where
        cr1_0.member1_id=? 
        or cr1_0.member2_id=?
2026-05-28T20:08:36.308+09:00 TRACE 31519 --- [io-8080-exec-10] org.hibernate.orm.jdbc.bind              : binding parameter (1:BIGINT) <- [5]
2026-05-28T20:08:36.308+09:00 TRACE 31519 --- [io-8080-exec-10] org.hibernate.orm.jdbc.bind              : binding parameter (2:BIGINT) <- [5]
2026-05-28T20:08:36.308+09:00 DEBUG 31519 --- [io-8080-exec-10] org.hibernate.SQL                        : 
    select
        m1_0.id,
        m1_0.managerId,
        m1_0.password,
        m1_0.role,
        m1_0.username,
        m1_0.virtualBalance 
    from
        Member m1_0 
    where
        m1_0.id=?
2026-05-28T20:08:36.308+09:00 TRACE 31519 --- [io-8080-exec-10] org.hibernate.orm.jdbc.bind              : binding parameter (1:BIGINT) <- [4]
2026-05-28T20:08:36.309+09:00 DEBUG 31519 --- [io-8080-exec-10] org.hibernate.SQL                        : 
    select
        ms1_0.id,
        ms1_0.member_id,
        ms1_0.statusType,
        ms1_0.updatedAt 
    from
        MemberStatus ms1_0 
    where
        ms1_0.member_id=?
2026-05-28T20:08:36.309+09:00 TRACE 31519 --- [io-8080-exec-10] org.hibernate.orm.jdbc.bind              : binding parameter (1:BIGINT) <- [4]
2026-05-28T20:08:36.310+09:00 DEBUG 31519 --- [io-8080-exec-10] org.hibernate.SQL                        : 
    select
        cm1_0.id,
        cm1_0.chat_room_id,
        cm1_0.content,
        cm1_0.createdAt,
        cm1_0.messageType,
        cm1_0.read,
        cm1_0.readAt,
        cm1_0.sender_id 
    from
        chat_message cm1_0 
    where
        cm1_0.chat_room_id=? 
    order by
        cm1_0.createdAt desc 
    fetch
        first ? rows only
2026-05-28T20:08:36.310+09:00 TRACE 31519 --- [io-8080-exec-10] org.hibernate.orm.jdbc.bind              : binding parameter (1:BIGINT) <- [2]
2026-05-28T20:08:36.310+09:00 TRACE 31519 --- [io-8080-exec-10] org.hibernate.orm.jdbc.bind              : binding parameter (2:INTEGER) <- [1]
2026-05-28T20:08:36.311+09:00 DEBUG 31519 --- [io-8080-exec-10] org.hibernate.SQL                        : 
    select
        count(cm1_0.id) 
    from
        chat_message cm1_0 
    where
        cm1_0.chat_room_id=? 
        and cm1_0.sender_id<>? 
        and cm1_0.read=false
2026-05-28T20:08:36.311+09:00 TRACE 31519 --- [io-8080-exec-10] org.hibernate.orm.jdbc.bind              : binding parameter (1:BIGINT) <- [2]
2026-05-28T20:08:36.311+09:00 TRACE 31519 --- [io-8080-exec-10] org.hibernate.orm.jdbc.bind              : binding parameter (2:BIGINT) <- [5]
2026-05-28T20:08:46.858+09:00 DEBUG 31519 --- [nio-8080-exec-9] org.hibernate.SQL                        : 
    select
        m1_0.id,
        m1_0.managerId,
        m1_0.password,
        m1_0.role,
        m1_0.username,
        m1_0.virtualBalance 
    from
        Member m1_0 
    where
        m1_0.id=?
2026-05-28T20:08:46.858+09:00 TRACE 31519 --- [nio-8080-exec-9] org.hibernate.orm.jdbc.bind              : binding parameter (1:BIGINT) <- [5]
2026-05-28T20:08:46.859+09:00 DEBUG 31519 --- [nio-8080-exec-1] org.hibernate.SQL                        : 
    select
        m1_0.id,
        m1_0.managerId,
        m1_0.password,
        m1_0.role,
        m1_0.username,
        m1_0.virtualBalance 
    from
        Member m1_0 
    where
        m1_0.id=?
2026-05-28T20:08:46.859+09:00 TRACE 31519 --- [nio-8080-exec-1] org.hibernate.orm.jdbc.bind              : binding parameter (1:BIGINT) <- [5]
2026-05-28T20:08:46.859+09:00 DEBUG 31519 --- [nio-8080-exec-9] org.hibernate.SQL                        : 
    select
        m1_0.id,
        m1_0.managerId,
        m1_0.password,
        m1_0.role,
        m1_0.username,
        m1_0.virtualBalance 
    from
        Member m1_0 
    where
        m1_0.id=?
2026-05-28T20:08:46.859+09:00 TRACE 31519 --- [nio-8080-exec-9] org.hibernate.orm.jdbc.bind              : binding parameter (1:BIGINT) <- [4]
2026-05-28T20:08:46.859+09:00 DEBUG 31519 --- [nio-8080-exec-1] org.hibernate.SQL                        : 
    select
        m1_0.id,
        m1_0.managerId,
        m1_0.password,
        m1_0.role,
        m1_0.username,
        m1_0.virtualBalance 
    from
        Member m1_0 
    where
        m1_0.id=?
2026-05-28T20:08:46.859+09:00 TRACE 31519 --- [nio-8080-exec-1] org.hibernate.orm.jdbc.bind              : binding parameter (1:BIGINT) <- [4]
2026-05-28T20:08:46.867+09:00 DEBUG 31519 --- [nio-8080-exec-4] org.hibernate.SQL                        : 
    select
        m1_0.id,
        m1_0.managerId,
        m1_0.password,
        m1_0.role,
        m1_0.username,
        m1_0.virtualBalance 
    from
        Member m1_0 
    where
        m1_0.id=?
2026-05-28T20:08:46.867+09:00 TRACE 31519 --- [nio-8080-exec-4] org.hibernate.orm.jdbc.bind              : binding parameter (1:BIGINT) <- [5]
2026-05-28T20:08:46.868+09:00 DEBUG 31519 --- [nio-8080-exec-6] org.hibernate.SQL                        : 
    select
        m1_0.id,
        m1_0.managerId,
        m1_0.password,
        m1_0.role,
        m1_0.username,
        m1_0.virtualBalance 
    from
        Member m1_0 
    where
        m1_0.id=?
2026-05-28T20:08:46.869+09:00 TRACE 31519 --- [nio-8080-exec-6] org.hibernate.orm.jdbc.bind              : binding parameter (1:BIGINT) <- [5]
2026-05-28T20:08:46.869+09:00 DEBUG 31519 --- [nio-8080-exec-4] org.hibernate.SQL                        : 
    select
        m1_0.id,
        m1_0.managerId,
        m1_0.password,
        m1_0.role,
        m1_0.username,
        m1_0.virtualBalance 
    from
        Member m1_0 
    where
        m1_0.managerId=?
2026-05-28T20:08:46.869+09:00 TRACE 31519 --- [nio-8080-exec-4] org.hibernate.orm.jdbc.bind              : binding parameter (1:BIGINT) <- [4]
2026-05-28T20:08:46.869+09:00 DEBUG 31519 --- [nio-8080-exec-6] org.hibernate.SQL                        : 
    select
        m1_0.id,
        m1_0.managerId,
        m1_0.password,
        m1_0.role,
        m1_0.username,
        m1_0.virtualBalance 
    from
        Member m1_0 
    where
        m1_0.managerId=?
2026-05-28T20:08:46.869+09:00 TRACE 31519 --- [nio-8080-exec-6] org.hibernate.orm.jdbc.bind              : binding parameter (1:BIGINT) <- [4]
2026-05-28T20:08:46.874+09:00 DEBUG 31519 --- [io-8080-exec-10] org.hibernate.SQL                        : 
    select
        m1_0.id,
        m1_0.managerId,
        m1_0.password,
        m1_0.role,
        m1_0.username,
        m1_0.virtualBalance 
    from
        Member m1_0 
    where
        m1_0.id=?
2026-05-28T20:08:46.874+09:00 TRACE 31519 --- [io-8080-exec-10] org.hibernate.orm.jdbc.bind              : binding parameter (1:BIGINT) <- [5]
2026-05-28T20:08:46.875+09:00 DEBUG 31519 --- [io-8080-exec-10] org.hibernate.SQL                        : 
    select
        cr1_0.id,
        cr1_0.createdAt,
        cr1_0.member1_id,
        cr1_0.member2_id 
    from
        chat_room cr1_0 
    where
        cr1_0.member1_id=? 
        or cr1_0.member2_id=?
2026-05-28T20:08:46.875+09:00 TRACE 31519 --- [io-8080-exec-10] org.hibernate.orm.jdbc.bind              : binding parameter (1:BIGINT) <- [5]
2026-05-28T20:08:46.875+09:00 TRACE 31519 --- [io-8080-exec-10] org.hibernate.orm.jdbc.bind              : binding parameter (2:BIGINT) <- [5]
2026-05-28T20:08:46.875+09:00 DEBUG 31519 --- [io-8080-exec-10] org.hibernate.SQL                        : 
    select
        m1_0.id,
        m1_0.managerId,
        m1_0.password,
        m1_0.role,
        m1_0.username,
        m1_0.virtualBalance 
    from
        Member m1_0 
    where
        m1_0.id=?
2026-05-28T20:08:46.875+09:00 TRACE 31519 --- [io-8080-exec-10] org.hibernate.orm.jdbc.bind              : binding parameter (1:BIGINT) <- [4]
2026-05-28T20:08:46.875+09:00 DEBUG 31519 --- [io-8080-exec-10] org.hibernate.SQL                        : 
    select
        ms1_0.id,
        ms1_0.member_id,
        ms1_0.statusType,
        ms1_0.updatedAt 
    from
        MemberStatus ms1_0 
    where
        ms1_0.member_id=?
2026-05-28T20:08:46.875+09:00 TRACE 31519 --- [io-8080-exec-10] org.hibernate.orm.jdbc.bind              : binding parameter (1:BIGINT) <- [4]
2026-05-28T20:08:46.876+09:00 DEBUG 31519 --- [io-8080-exec-10] org.hibernate.SQL                        : 
    select
        cm1_0.id,
        cm1_0.chat_room_id,
        cm1_0.content,
        cm1_0.createdAt,
        cm1_0.messageType,
        cm1_0.read,
        cm1_0.readAt,
        cm1_0.sender_id 
    from
        chat_message cm1_0 
    where
        cm1_0.chat_room_id=? 
    order by
        cm1_0.createdAt desc 
    fetch
        first ? rows only
2026-05-28T20:08:46.876+09:00 TRACE 31519 --- [io-8080-exec-10] org.hibernate.orm.jdbc.bind              : binding parameter (1:BIGINT) <- [2]
2026-05-28T20:08:46.876+09:00 TRACE 31519 --- [io-8080-exec-10] org.hibernate.orm.jdbc.bind              : binding parameter (2:INTEGER) <- [1]
2026-05-28T20:08:46.876+09:00 DEBUG 31519 --- [io-8080-exec-10] org.hibernate.SQL                        : 
    select
        count(cm1_0.id) 
    from
        chat_message cm1_0 
    where
        cm1_0.chat_room_id=? 
        and cm1_0.sender_id<>? 
        and cm1_0.read=false
2026-05-28T20:08:46.876+09:00 TRACE 31519 --- [io-8080-exec-10] org.hibernate.orm.jdbc.bind              : binding parameter (1:BIGINT) <- [2]
2026-05-28T20:08:46.876+09:00 TRACE 31519 --- [io-8080-exec-10] org.hibernate.orm.jdbc.bind              : binding parameter (2:BIGINT) <- [5]
2026-05-28T20:08:46.877+09:00 DEBUG 31519 --- [nio-8080-exec-3] org.hibernate.SQL                        : 
    select
        m1_0.id,
        m1_0.managerId,
        m1_0.password,
        m1_0.role,
        m1_0.username,
        m1_0.virtualBalance 
    from
        Member m1_0 
    where
        m1_0.id=?
2026-05-28T20:08:46.877+09:00 TRACE 31519 --- [nio-8080-exec-3] org.hibernate.orm.jdbc.bind              : binding parameter (1:BIGINT) <- [5]
2026-05-28T20:08:46.877+09:00 DEBUG 31519 --- [nio-8080-exec-3] org.hibernate.SQL                        : 
    select
        cr1_0.id,
        cr1_0.createdAt,
        cr1_0.member1_id,
        cr1_0.member2_id 
    from
        chat_room cr1_0 
    where
        cr1_0.member1_id=? 
        or cr1_0.member2_id=?
2026-05-28T20:08:46.877+09:00 TRACE 31519 --- [nio-8080-exec-3] org.hibernate.orm.jdbc.bind              : binding parameter (1:BIGINT) <- [5]
2026-05-28T20:08:46.877+09:00 TRACE 31519 --- [nio-8080-exec-3] org.hibernate.orm.jdbc.bind              : binding parameter (2:BIGINT) <- [5]
2026-05-28T20:08:46.877+09:00 DEBUG 31519 --- [nio-8080-exec-3] org.hibernate.SQL                        : 
    select
        m1_0.id,
        m1_0.managerId,
        m1_0.password,
        m1_0.role,
        m1_0.username,
        m1_0.virtualBalance 
    from
        Member m1_0 
    where
        m1_0.id=?
2026-05-28T20:08:46.877+09:00 TRACE 31519 --- [nio-8080-exec-3] org.hibernate.orm.jdbc.bind              : binding parameter (1:BIGINT) <- [4]
2026-05-28T20:08:46.878+09:00 DEBUG 31519 --- [nio-8080-exec-3] org.hibernate.SQL                        : 
    select
        ms1_0.id,
        ms1_0.member_id,
        ms1_0.statusType,
        ms1_0.updatedAt 
    from
        MemberStatus ms1_0 
    where
        ms1_0.member_id=?
2026-05-28T20:08:46.878+09:00 TRACE 31519 --- [nio-8080-exec-3] org.hibernate.orm.jdbc.bind              : binding parameter (1:BIGINT) <- [4]
2026-05-28T20:08:46.879+09:00 DEBUG 31519 --- [nio-8080-exec-3] org.hibernate.SQL                        : 
    select
        cm1_0.id,
        cm1_0.chat_room_id,
        cm1_0.content,
        cm1_0.createdAt,
        cm1_0.messageType,
        cm1_0.read,
        cm1_0.readAt,
        cm1_0.sender_id 
    from
        chat_message cm1_0 
    where
        cm1_0.chat_room_id=? 
    order by
        cm1_0.createdAt desc 
    fetch
        first ? rows only
2026-05-28T20:08:46.879+09:00 TRACE 31519 --- [nio-8080-exec-3] org.hibernate.orm.jdbc.bind              : binding parameter (1:BIGINT) <- [2]
2026-05-28T20:08:46.879+09:00 TRACE 31519 --- [nio-8080-exec-3] org.hibernate.orm.jdbc.bind              : binding parameter (2:INTEGER) <- [1]
2026-05-28T20:08:46.879+09:00 DEBUG 31519 --- [nio-8080-exec-3] org.hibernate.SQL                        : 
    select
        count(cm1_0.id) 
    from
        chat_message cm1_0 
    where
        cm1_0.chat_room_id=? 
        and cm1_0.sender_id<>? 
        and cm1_0.read=false
2026-05-28T20:08:46.879+09:00 TRACE 31519 --- [nio-8080-exec-3] org.hibernate.orm.jdbc.bind              : binding parameter (1:BIGINT) <- [2]
2026-05-28T20:08:46.879+09:00 TRACE 31519 --- [nio-8080-exec-3] org.hibernate.orm.jdbc.bind              : binding parameter (2:BIGINT) <- [5]
2026-05-28T20:08:46.882+09:00 DEBUG 31519 --- [nio-8080-exec-4] org.hibernate.SQL                        : 
    select
        m1_0.id,
        m1_0.managerId,
        m1_0.password,
        m1_0.role,
        m1_0.username,
        m1_0.virtualBalance 
    from
        Member m1_0 
    where
        m1_0.id=?
2026-05-28T20:08:46.882+09:00 TRACE 31519 --- [nio-8080-exec-4] org.hibernate.orm.jdbc.bind              : binding parameter (1:BIGINT) <- [5]
2026-05-28T20:08:46.882+09:00 DEBUG 31519 --- [nio-8080-exec-4] org.hibernate.SQL                        : 
    select
        m1_0.id,
        m1_0.managerId,
        m1_0.password,
        m1_0.role,
        m1_0.username,
        m1_0.virtualBalance 
    from
        Member m1_0 
    where
        m1_0.id=?
2026-05-28T20:08:46.882+09:00 TRACE 31519 --- [nio-8080-exec-4] org.hibernate.orm.jdbc.bind              : binding parameter (1:BIGINT) <- [4]
2026-05-28T20:08:46.882+09:00 DEBUG 31519 --- [nio-8080-exec-6] org.hibernate.SQL                        : 
    select
        m1_0.id,
        m1_0.managerId,
        m1_0.password,
        m1_0.role,
        m1_0.username,
        m1_0.virtualBalance 
    from
        Member m1_0 
    where
        m1_0.id=?
2026-05-28T20:08:46.882+09:00 TRACE 31519 --- [nio-8080-exec-6] org.hibernate.orm.jdbc.bind              : binding parameter (1:BIGINT) <- [5]
2026-05-28T20:08:46.882+09:00 DEBUG 31519 --- [nio-8080-exec-4] org.hibernate.SQL                        : 
    select
        cr1_0.id,
        cr1_0.createdAt,
        cr1_0.member1_id,
        cr1_0.member2_id 
    from
        chat_room cr1_0 
    where
        cr1_0.member1_id=? 
        and cr1_0.member2_id=?
2026-05-28T20:08:46.882+09:00 DEBUG 31519 --- [nio-8080-exec-6] org.hibernate.SQL                        : 
    select
        m1_0.id,
        m1_0.managerId,
        m1_0.password,
        m1_0.role,
        m1_0.username,
        m1_0.virtualBalance 
    from
        Member m1_0 
    where
        m1_0.id=?
2026-05-28T20:08:46.882+09:00 TRACE 31519 --- [nio-8080-exec-6] org.hibernate.orm.jdbc.bind              : binding parameter (1:BIGINT) <- [4]
2026-05-28T20:08:46.882+09:00 TRACE 31519 --- [nio-8080-exec-4] org.hibernate.orm.jdbc.bind              : binding parameter (1:BIGINT) <- [4]
2026-05-28T20:08:46.882+09:00 TRACE 31519 --- [nio-8080-exec-4] org.hibernate.orm.jdbc.bind              : binding parameter (2:BIGINT) <- [5]
2026-05-28T20:08:46.882+09:00 DEBUG 31519 --- [nio-8080-exec-6] org.hibernate.SQL                        : 
    select
        cr1_0.id,
        cr1_0.createdAt,
        cr1_0.member1_id,
        cr1_0.member2_id 
    from
        chat_room cr1_0 
    where
        cr1_0.member1_id=? 
        and cr1_0.member2_id=?
2026-05-28T20:08:46.883+09:00 TRACE 31519 --- [nio-8080-exec-6] org.hibernate.orm.jdbc.bind              : binding parameter (1:BIGINT) <- [4]
2026-05-28T20:08:46.883+09:00 TRACE 31519 --- [nio-8080-exec-6] org.hibernate.orm.jdbc.bind              : binding parameter (2:BIGINT) <- [5]
2026-05-28T20:08:46.883+09:00 DEBUG 31519 --- [nio-8080-exec-4] org.hibernate.SQL                        : 
    update
        chat_message cm1_0 
    set
        read=true,
        readAt=localtimestamp 
    where
        cm1_0.chat_room_id=? 
        and cm1_0.sender_id<>? 
        and cm1_0.read=false
2026-05-28T20:08:46.883+09:00 DEBUG 31519 --- [nio-8080-exec-6] org.hibernate.SQL                        : 
    update
        chat_message cm1_0 
    set
        read=true,
        readAt=localtimestamp 
    where
        cm1_0.chat_room_id=? 
        and cm1_0.sender_id<>? 
        and cm1_0.read=false
2026-05-28T20:08:46.883+09:00 TRACE 31519 --- [nio-8080-exec-6] org.hibernate.orm.jdbc.bind              : binding parameter (1:BIGINT) <- [2]
2026-05-28T20:08:46.883+09:00 TRACE 31519 --- [nio-8080-exec-4] org.hibernate.orm.jdbc.bind              : binding parameter (1:BIGINT) <- [2]
2026-05-28T20:08:46.883+09:00 TRACE 31519 --- [nio-8080-exec-6] org.hibernate.orm.jdbc.bind              : binding parameter (2:BIGINT) <- [5]
2026-05-28T20:08:46.883+09:00 TRACE 31519 --- [nio-8080-exec-4] org.hibernate.orm.jdbc.bind              : binding parameter (2:BIGINT) <- [5]
2026-05-28T20:08:46.883+09:00 DEBUG 31519 --- [nio-8080-exec-4] org.hibernate.SQL                        : 
    select
        cm1_0.id,
        cm1_0.chat_room_id,
        cm1_0.content,
        cm1_0.createdAt,
        cm1_0.messageType,
        cm1_0.read,
        cm1_0.readAt,
        cm1_0.sender_id 
    from
        chat_message cm1_0 
    where
        cm1_0.chat_room_id=? 
    order by
        cm1_0.createdAt desc 
    fetch
        first ? rows only
2026-05-28T20:08:46.883+09:00 DEBUG 31519 --- [nio-8080-exec-6] org.hibernate.SQL                        : 
    select
        cm1_0.id,
        cm1_0.chat_room_id,
        cm1_0.content,
        cm1_0.createdAt,
        cm1_0.messageType,
        cm1_0.read,
        cm1_0.readAt,
        cm1_0.sender_id 
    from
        chat_message cm1_0 
    where
        cm1_0.chat_room_id=? 
    order by
        cm1_0.createdAt desc 
    fetch
        first ? rows only
2026-05-28T20:08:46.883+09:00 TRACE 31519 --- [nio-8080-exec-6] org.hibernate.orm.jdbc.bind              : binding parameter (1:BIGINT) <- [2]
2026-05-28T20:08:46.883+09:00 TRACE 31519 --- [nio-8080-exec-6] org.hibernate.orm.jdbc.bind              : binding parameter (2:INTEGER) <- [50]
2026-05-28T20:08:46.883+09:00 TRACE 31519 --- [nio-8080-exec-4] org.hibernate.orm.jdbc.bind              : binding parameter (1:BIGINT) <- [2]
2026-05-28T20:08:46.883+09:00 TRACE 31519 --- [nio-8080-exec-4] org.hibernate.orm.jdbc.bind              : binding parameter (2:INTEGER) <- [50]
2026-05-28T20:08:46.884+09:00 DEBUG 31519 --- [nio-8080-exec-6] org.hibernate.SQL                        : 
    select
        ms1_0.id,
        ms1_0.member_id,
        ms1_0.statusType,
        ms1_0.updatedAt 
    from
        MemberStatus ms1_0 
    where
        ms1_0.member_id=?
2026-05-28T20:08:46.884+09:00 TRACE 31519 --- [nio-8080-exec-6] org.hibernate.orm.jdbc.bind              : binding parameter (1:BIGINT) <- [4]
2026-05-28T20:08:46.884+09:00 DEBUG 31519 --- [nio-8080-exec-4] org.hibernate.SQL                        : 
    select
        ms1_0.id,
        ms1_0.member_id,
        ms1_0.statusType,
        ms1_0.updatedAt 
    from
        MemberStatus ms1_0 
    where
        ms1_0.member_id=?
2026-05-28T20:08:46.884+09:00 TRACE 31519 --- [nio-8080-exec-4] org.hibernate.orm.jdbc.bind              : binding parameter (1:BIGINT) <- [4]
2026-05-28T20:08:46.889+09:00 DEBUG 31519 --- [nio-8080-exec-7] org.hibernate.SQL                        : 
    select
        m1_0.id,
        m1_0.managerId,
        m1_0.password,
        m1_0.role,
        m1_0.username,
        m1_0.virtualBalance 
    from
        Member m1_0 
    where
        m1_0.id=?
2026-05-28T20:08:46.889+09:00 TRACE 31519 --- [nio-8080-exec-7] org.hibernate.orm.jdbc.bind              : binding parameter (1:BIGINT) <- [5]
2026-05-28T20:08:46.890+09:00 DEBUG 31519 --- [nio-8080-exec-2] org.hibernate.SQL                        : 
    select
        m1_0.id,
        m1_0.managerId,
        m1_0.password,
        m1_0.role,
        m1_0.username,
        m1_0.virtualBalance 
    from
        Member m1_0 
    where
        m1_0.id=?
2026-05-28T20:08:46.890+09:00 DEBUG 31519 --- [nio-8080-exec-7] org.hibernate.SQL                        : 
    select
        m1_0.id,
        m1_0.managerId,
        m1_0.password,
        m1_0.role,
        m1_0.username,
        m1_0.virtualBalance 
    from
        Member m1_0 
    where
        m1_0.id=?
2026-05-28T20:08:46.890+09:00 TRACE 31519 --- [nio-8080-exec-7] org.hibernate.orm.jdbc.bind              : binding parameter (1:BIGINT) <- [4]
2026-05-28T20:08:46.890+09:00 TRACE 31519 --- [nio-8080-exec-2] org.hibernate.orm.jdbc.bind              : binding parameter (1:BIGINT) <- [5]
2026-05-28T20:08:46.890+09:00 DEBUG 31519 --- [nio-8080-exec-2] org.hibernate.SQL                        : 
    select
        m1_0.id,
        m1_0.managerId,
        m1_0.password,
        m1_0.role,
        m1_0.username,
        m1_0.virtualBalance 
    from
        Member m1_0 
    where
        m1_0.id=?
2026-05-28T20:08:46.890+09:00 TRACE 31519 --- [nio-8080-exec-2] org.hibernate.orm.jdbc.bind              : binding parameter (1:BIGINT) <- [4]
2026-05-28T20:08:46.890+09:00 DEBUG 31519 --- [nio-8080-exec-2] org.hibernate.SQL                        : 
    select
        ms1_0.id,
        ms1_0.member_id,
        ms1_0.statusType,
        ms1_0.updatedAt 
    from
        MemberStatus ms1_0 
    where
        ms1_0.member_id=?
2026-05-28T20:08:46.890+09:00 TRACE 31519 --- [nio-8080-exec-2] org.hibernate.orm.jdbc.bind              : binding parameter (1:BIGINT) <- [4]
2026-05-28T20:08:46.890+09:00 DEBUG 31519 --- [nio-8080-exec-7] org.hibernate.SQL                        : 
    select
        ms1_0.id,
        ms1_0.member_id,
        ms1_0.statusType,
        ms1_0.updatedAt 
    from
        MemberStatus ms1_0 
    where
        ms1_0.member_id=?
2026-05-28T20:08:46.890+09:00 TRACE 31519 --- [nio-8080-exec-7] org.hibernate.orm.jdbc.bind              : binding parameter (1:BIGINT) <- [4]
2026-05-28T20:08:46.899+09:00 DEBUG 31519 --- [nio-8080-exec-5] org.hibernate.SQL                        : 
    select
        m1_0.id,
        m1_0.managerId,
        m1_0.password,
        m1_0.role,
        m1_0.username,
        m1_0.virtualBalance 
    from
        Member m1_0 
    where
        m1_0.id=?
2026-05-28T20:08:46.899+09:00 TRACE 31519 --- [nio-8080-exec-5] org.hibernate.orm.jdbc.bind              : binding parameter (1:BIGINT) <- [5]
2026-05-28T20:08:46.900+09:00 DEBUG 31519 --- [nio-8080-exec-5] org.hibernate.SQL                        : 
    select
        cr1_0.id,
        cr1_0.createdAt,
        cr1_0.member1_id,
        cr1_0.member2_id 
    from
        chat_room cr1_0 
    where
        cr1_0.id=?
2026-05-28T20:08:46.900+09:00 DEBUG 31519 --- [nio-8080-exec-1] org.hibernate.SQL                        : 
    select
        m1_0.id,
        m1_0.managerId,
        m1_0.password,
        m1_0.role,
        m1_0.username,
        m1_0.virtualBalance 
    from
        Member m1_0 
    where
        m1_0.id=?
2026-05-28T20:08:46.900+09:00 TRACE 31519 --- [nio-8080-exec-1] org.hibernate.orm.jdbc.bind              : binding parameter (1:BIGINT) <- [5]
2026-05-28T20:08:46.900+09:00 TRACE 31519 --- [nio-8080-exec-5] org.hibernate.orm.jdbc.bind              : binding parameter (1:BIGINT) <- [2]
2026-05-28T20:08:46.900+09:00 DEBUG 31519 --- [nio-8080-exec-1] org.hibernate.SQL                        : 
    select
        cr1_0.id,
        cr1_0.createdAt,
        cr1_0.member1_id,
        cr1_0.member2_id 
    from
        chat_room cr1_0 
    where
        cr1_0.id=?
2026-05-28T20:08:46.900+09:00 TRACE 31519 --- [nio-8080-exec-1] org.hibernate.orm.jdbc.bind              : binding parameter (1:BIGINT) <- [2]
2026-05-28T20:08:46.900+09:00 DEBUG 31519 --- [nio-8080-exec-5] org.hibernate.SQL                        : 
    update
        chat_message cm1_0 
    set
        read=true,
        readAt=localtimestamp 
    where
        cm1_0.chat_room_id=? 
        and cm1_0.sender_id<>? 
        and cm1_0.read=false
2026-05-28T20:08:46.900+09:00 DEBUG 31519 --- [nio-8080-exec-1] org.hibernate.SQL                        : 
    update
        chat_message cm1_0 
    set
        read=true,
        readAt=localtimestamp 
    where
        cm1_0.chat_room_id=? 
        and cm1_0.sender_id<>? 
        and cm1_0.read=false
2026-05-28T20:08:46.900+09:00 TRACE 31519 --- [nio-8080-exec-5] org.hibernate.orm.jdbc.bind              : binding parameter (1:BIGINT) <- [2]
2026-05-28T20:08:46.900+09:00 TRACE 31519 --- [nio-8080-exec-1] org.hibernate.orm.jdbc.bind              : binding parameter (1:BIGINT) <- [2]
2026-05-28T20:08:46.900+09:00 TRACE 31519 --- [nio-8080-exec-5] org.hibernate.orm.jdbc.bind              : binding parameter (2:BIGINT) <- [5]
2026-05-28T20:08:46.900+09:00 TRACE 31519 --- [nio-8080-exec-1] org.hibernate.orm.jdbc.bind              : binding parameter (2:BIGINT) <- [5]
2026-05-28T20:08:53.363+09:00 DEBUG 31519 --- [io-8080-exec-10] org.hibernate.SQL                        : 
    select
        m1_0.id,
        m1_0.managerId,
        m1_0.password,
        m1_0.role,
        m1_0.username,
        m1_0.virtualBalance 
    from
        Member m1_0 
    where
        m1_0.id=?
2026-05-28T20:08:53.363+09:00 TRACE 31519 --- [io-8080-exec-10] org.hibernate.orm.jdbc.bind              : binding parameter (1:BIGINT) <- [5]
2026-05-28T20:08:53.365+09:00 DEBUG 31519 --- [io-8080-exec-10] org.hibernate.SQL                        : 
    select
        cr1_0.id,
        cr1_0.createdAt,
        cr1_0.member1_id,
        cr1_0.member2_id 
    from
        chat_room cr1_0 
    where
        cr1_0.id=?
2026-05-28T20:08:53.365+09:00 TRACE 31519 --- [io-8080-exec-10] org.hibernate.orm.jdbc.bind              : binding parameter (1:BIGINT) <- [2]
2026-05-28T20:08:53.365+09:00 DEBUG 31519 --- [io-8080-exec-10] org.hibernate.SQL                        : 
    select
        m1_0.id,
        m1_0.managerId,
        m1_0.password,
        m1_0.role,
        m1_0.username,
        m1_0.virtualBalance 
    from
        Member m1_0 
    where
        m1_0.id=?
2026-05-28T20:08:53.365+09:00 TRACE 31519 --- [io-8080-exec-10] org.hibernate.orm.jdbc.bind              : binding parameter (1:BIGINT) <- [5]
2026-05-28T20:08:53.366+09:00 DEBUG 31519 --- [io-8080-exec-10] org.hibernate.SQL                        : 
    insert 
    into
        chat_message
        (chat_room_id, content, createdAt, messageType, read, readAt, sender_id, id) 
    values
        (?, ?, ?, ?, ?, ?, ?, default)
2026-05-28T20:08:53.366+09:00 TRACE 31519 --- [io-8080-exec-10] org.hibernate.orm.jdbc.bind              : binding parameter (1:BIGINT) <- [2]
2026-05-28T20:08:53.366+09:00 TRACE 31519 --- [io-8080-exec-10] org.hibernate.orm.jdbc.bind              : binding parameter (2:VARCHAR) <- [상사씨발아]
2026-05-28T20:08:53.366+09:00 TRACE 31519 --- [io-8080-exec-10] org.hibernate.orm.jdbc.bind              : binding parameter (3:TIMESTAMP) <- [2026-05-28T20:08:53.366085]
2026-05-28T20:08:53.366+09:00 TRACE 31519 --- [io-8080-exec-10] org.hibernate.orm.jdbc.bind              : binding parameter (4:ENUM) <- [NORMAL]
2026-05-28T20:08:53.366+09:00 TRACE 31519 --- [io-8080-exec-10] org.hibernate.orm.jdbc.bind              : binding parameter (5:BOOLEAN) <- [false]
2026-05-28T20:08:53.366+09:00 TRACE 31519 --- [io-8080-exec-10] org.hibernate.orm.jdbc.bind              : binding parameter (6:TIMESTAMP) <- [null]
2026-05-28T20:08:53.366+09:00 TRACE 31519 --- [io-8080-exec-10] org.hibernate.orm.jdbc.bind              : binding parameter (7:BIGINT) <- [5]
2026-05-28T20:08:53.367+09:00 DEBUG 31519 --- [io-8080-exec-10] org.hibernate.SQL                        : 
    select
        m1_0.id,
        m1_0.managerId,
        m1_0.password,
        m1_0.role,
        m1_0.username,
        m1_0.virtualBalance 
    from
        Member m1_0 
    where
        m1_0.id=?
2026-05-28T20:08:53.367+09:00 TRACE 31519 --- [io-8080-exec-10] org.hibernate.orm.jdbc.bind              : binding parameter (1:BIGINT) <- [4]
2026-05-28T20:08:53.368+09:00 DEBUG 31519 --- [io-8080-exec-10] org.hibernate.SQL                        : 
    select
        ms1_0.id,
        ms1_0.member_id,
        ms1_0.statusType,
        ms1_0.updatedAt 
    from
        MemberStatus ms1_0 
    where
        ms1_0.member_id=?
2026-05-28T20:08:53.368+09:00 TRACE 31519 --- [io-8080-exec-10] org.hibernate.orm.jdbc.bind              : binding parameter (1:BIGINT) <- [4]
2026-05-28T20:08:53.369+09:00  INFO 31519 --- [io-8080-exec-10] com.worksight.api.service.ChatService    : Chat message sent: roomId=2, senderId=5, type=NORMAL, receiverStatus=OFFLINE
2026-05-28T20:08:53.369+09:00  INFO 31519 --- [io-8080-exec-10] com.worksight.api.service.ChatService    : Chat pushed: event=CHAT_MESSAGE_RECEIVED, receiverId=4, receiverStatus=OFFLINE
2026-05-28T20:08:59.799+09:00 DEBUG 31519 --- [nio-8080-exec-8] org.hibernate.SQL                        : 
    select
        m1_0.id,
        m1_0.managerId,
        m1_0.password,
        m1_0.role,
        m1_0.username,
        m1_0.virtualBalance 
    from
        Member m1_0 
    where
        m1_0.id=?
2026-05-28T20:08:59.799+09:00 TRACE 31519 --- [nio-8080-exec-8] org.hibernate.orm.jdbc.bind              : binding parameter (1:BIGINT) <- [4]
2026-05-28T20:08:59.799+09:00 DEBUG 31519 --- [nio-8080-exec-3] org.hibernate.SQL                        : 
    select
        m1_0.id,
        m1_0.managerId,
        m1_0.password,
        m1_0.role,
        m1_0.username,
        m1_0.virtualBalance 
    from
        Member m1_0 
    where
        m1_0.id=?
2026-05-28T20:08:59.799+09:00 TRACE 31519 --- [nio-8080-exec-3] org.hibernate.orm.jdbc.bind              : binding parameter (1:BIGINT) <- [4]
2026-05-28T20:08:59.800+09:00 DEBUG 31519 --- [nio-8080-exec-8] org.hibernate.SQL                        : 
    select
        m1_0.id,
        m1_0.managerId,
        m1_0.password,
        m1_0.role,
        m1_0.username,
        m1_0.virtualBalance 
    from
        Member m1_0 
    where
        m1_0.managerId=?
2026-05-28T20:08:59.800+09:00 TRACE 31519 --- [nio-8080-exec-8] org.hibernate.orm.jdbc.bind              : binding parameter (1:BIGINT) <- [4]
2026-05-28T20:08:59.800+09:00 DEBUG 31519 --- [nio-8080-exec-3] org.hibernate.SQL                        : 
    select
        m1_0.id,
        m1_0.managerId,
        m1_0.password,
        m1_0.role,
        m1_0.username,
        m1_0.virtualBalance 
    from
        Member m1_0 
    where
        m1_0.managerId=?
2026-05-28T20:08:59.801+09:00 TRACE 31519 --- [nio-8080-exec-3] org.hibernate.orm.jdbc.bind              : binding parameter (1:BIGINT) <- [4]
2026-05-28T20:08:59.811+09:00 DEBUG 31519 --- [nio-8080-exec-2] org.hibernate.SQL                        : 
    select
        m1_0.id,
        m1_0.managerId,
        m1_0.password,
        m1_0.role,
        m1_0.username,
        m1_0.virtualBalance 
    from
        Member m1_0 
    where
        m1_0.id=?
2026-05-28T20:08:59.811+09:00 TRACE 31519 --- [nio-8080-exec-2] org.hibernate.orm.jdbc.bind              : binding parameter (1:BIGINT) <- [4]
2026-05-28T20:08:59.811+09:00 DEBUG 31519 --- [nio-8080-exec-2] org.hibernate.SQL                        : 
    select
        cr1_0.id,
        cr1_0.createdAt,
        cr1_0.member1_id,
        cr1_0.member2_id 
    from
        chat_room cr1_0 
    where
        cr1_0.member1_id=? 
        or cr1_0.member2_id=?
2026-05-28T20:08:59.811+09:00 TRACE 31519 --- [nio-8080-exec-2] org.hibernate.orm.jdbc.bind              : binding parameter (1:BIGINT) <- [4]
2026-05-28T20:08:59.811+09:00 TRACE 31519 --- [nio-8080-exec-2] org.hibernate.orm.jdbc.bind              : binding parameter (2:BIGINT) <- [4]
2026-05-28T20:08:59.811+09:00 DEBUG 31519 --- [nio-8080-exec-2] org.hibernate.SQL                        : 
    select
        m1_0.id,
        m1_0.managerId,
        m1_0.password,
        m1_0.role,
        m1_0.username,
        m1_0.virtualBalance 
    from
        Member m1_0 
    where
        m1_0.id=?
2026-05-28T20:08:59.811+09:00 TRACE 31519 --- [nio-8080-exec-2] org.hibernate.orm.jdbc.bind              : binding parameter (1:BIGINT) <- [5]
2026-05-28T20:08:59.812+09:00 DEBUG 31519 --- [nio-8080-exec-2] org.hibernate.SQL                        : 
    select
        ms1_0.id,
        ms1_0.member_id,
        ms1_0.statusType,
        ms1_0.updatedAt 
    from
        MemberStatus ms1_0 
    where
        ms1_0.member_id=?
2026-05-28T20:08:59.812+09:00 TRACE 31519 --- [nio-8080-exec-2] org.hibernate.orm.jdbc.bind              : binding parameter (1:BIGINT) <- [5]
2026-05-28T20:08:59.813+09:00 DEBUG 31519 --- [nio-8080-exec-5] org.hibernate.SQL                        : 
    select
        m1_0.id,
        m1_0.managerId,
        m1_0.password,
        m1_0.role,
        m1_0.username,
        m1_0.virtualBalance 
    from
        Member m1_0 
    where
        m1_0.id=?
2026-05-28T20:08:59.813+09:00 TRACE 31519 --- [nio-8080-exec-5] org.hibernate.orm.jdbc.bind              : binding parameter (1:BIGINT) <- [4]
2026-05-28T20:08:59.813+09:00 DEBUG 31519 --- [nio-8080-exec-2] org.hibernate.SQL                        : 
    select
        cm1_0.id,
        cm1_0.chat_room_id,
        cm1_0.content,
        cm1_0.createdAt,
        cm1_0.messageType,
        cm1_0.read,
        cm1_0.readAt,
        cm1_0.sender_id 
    from
        chat_message cm1_0 
    where
        cm1_0.chat_room_id=? 
    order by
        cm1_0.createdAt desc 
    fetch
        first ? rows only
2026-05-28T20:08:59.813+09:00 TRACE 31519 --- [nio-8080-exec-2] org.hibernate.orm.jdbc.bind              : binding parameter (1:BIGINT) <- [2]
2026-05-28T20:08:59.813+09:00 TRACE 31519 --- [nio-8080-exec-2] org.hibernate.orm.jdbc.bind              : binding parameter (2:INTEGER) <- [1]
2026-05-28T20:08:59.813+09:00 DEBUG 31519 --- [nio-8080-exec-5] org.hibernate.SQL                        : 
    select
        cr1_0.id,
        cr1_0.createdAt,
        cr1_0.member1_id,
        cr1_0.member2_id 
    from
        chat_room cr1_0 
    where
        cr1_0.member1_id=? 
        or cr1_0.member2_id=?
2026-05-28T20:08:59.813+09:00 TRACE 31519 --- [nio-8080-exec-5] org.hibernate.orm.jdbc.bind              : binding parameter (1:BIGINT) <- [4]
2026-05-28T20:08:59.813+09:00 TRACE 31519 --- [nio-8080-exec-5] org.hibernate.orm.jdbc.bind              : binding parameter (2:BIGINT) <- [4]
2026-05-28T20:08:59.813+09:00 DEBUG 31519 --- [nio-8080-exec-5] org.hibernate.SQL                        : 
    select
        m1_0.id,
        m1_0.managerId,
        m1_0.password,
        m1_0.role,
        m1_0.username,
        m1_0.virtualBalance 
    from
        Member m1_0 
    where
        m1_0.id=?
2026-05-28T20:08:59.813+09:00 DEBUG 31519 --- [nio-8080-exec-2] org.hibernate.SQL                        : 
    select
        count(cm1_0.id) 
    from
        chat_message cm1_0 
    where
        cm1_0.chat_room_id=? 
        and cm1_0.sender_id<>? 
        and cm1_0.read=false
2026-05-28T20:08:59.813+09:00 TRACE 31519 --- [nio-8080-exec-5] org.hibernate.orm.jdbc.bind              : binding parameter (1:BIGINT) <- [5]
2026-05-28T20:08:59.814+09:00 TRACE 31519 --- [nio-8080-exec-2] org.hibernate.orm.jdbc.bind              : binding parameter (1:BIGINT) <- [2]
2026-05-28T20:08:59.814+09:00 TRACE 31519 --- [nio-8080-exec-2] org.hibernate.orm.jdbc.bind              : binding parameter (2:BIGINT) <- [4]
2026-05-28T20:08:59.814+09:00 DEBUG 31519 --- [nio-8080-exec-5] org.hibernate.SQL                        : 
    select
        ms1_0.id,
        ms1_0.member_id,
        ms1_0.statusType,
        ms1_0.updatedAt 
    from
        MemberStatus ms1_0 
    where
        ms1_0.member_id=?
2026-05-28T20:08:59.814+09:00 TRACE 31519 --- [nio-8080-exec-5] org.hibernate.orm.jdbc.bind              : binding parameter (1:BIGINT) <- [5]
2026-05-28T20:08:59.815+09:00 DEBUG 31519 --- [nio-8080-exec-5] org.hibernate.SQL                        : 
    select
        cm1_0.id,
        cm1_0.chat_room_id,
        cm1_0.content,
        cm1_0.createdAt,
        cm1_0.messageType,
        cm1_0.read,
        cm1_0.readAt,
        cm1_0.sender_id 
    from
        chat_message cm1_0 
    where
        cm1_0.chat_room_id=? 
    order by
        cm1_0.createdAt desc 
    fetch
        first ? rows only
2026-05-28T20:08:59.815+09:00 TRACE 31519 --- [nio-8080-exec-5] org.hibernate.orm.jdbc.bind              : binding parameter (1:BIGINT) <- [2]
2026-05-28T20:08:59.815+09:00 TRACE 31519 --- [nio-8080-exec-5] org.hibernate.orm.jdbc.bind              : binding parameter (2:INTEGER) <- [1]
2026-05-28T20:08:59.815+09:00 DEBUG 31519 --- [nio-8080-exec-5] org.hibernate.SQL                        : 
    select
        count(cm1_0.id) 
    from
        chat_message cm1_0 
    where
        cm1_0.chat_room_id=? 
        and cm1_0.sender_id<>? 
        and cm1_0.read=false
2026-05-28T20:08:59.815+09:00 TRACE 31519 --- [nio-8080-exec-5] org.hibernate.orm.jdbc.bind              : binding parameter (1:BIGINT) <- [2]
2026-05-28T20:08:59.815+09:00 TRACE 31519 --- [nio-8080-exec-5] org.hibernate.orm.jdbc.bind              : binding parameter (2:BIGINT) <- [4]
2026-05-28T20:08:59.823+09:00 DEBUG 31519 --- [nio-8080-exec-3] org.hibernate.SQL                        : 
    select
        m1_0.id,
        m1_0.managerId,
        m1_0.password,
        m1_0.role,
        m1_0.username,
        m1_0.virtualBalance 
    from
        Member m1_0 
    where
        m1_0.id=?
2026-05-28T20:08:59.823+09:00 TRACE 31519 --- [nio-8080-exec-3] org.hibernate.orm.jdbc.bind              : binding parameter (1:BIGINT) <- [4]
2026-05-28T20:08:59.823+09:00 DEBUG 31519 --- [nio-8080-exec-8] org.hibernate.SQL                        : 
    select
        m1_0.id,
        m1_0.managerId,
        m1_0.password,
        m1_0.role,
        m1_0.username,
        m1_0.virtualBalance 
    from
        Member m1_0 
    where
        m1_0.id=?
2026-05-28T20:08:59.823+09:00 TRACE 31519 --- [nio-8080-exec-8] org.hibernate.orm.jdbc.bind              : binding parameter (1:BIGINT) <- [4]
2026-05-28T20:08:59.823+09:00 DEBUG 31519 --- [nio-8080-exec-3] org.hibernate.SQL                        : 
    select
        m1_0.id,
        m1_0.managerId,
        m1_0.password,
        m1_0.role,
        m1_0.username,
        m1_0.virtualBalance 
    from
        Member m1_0 
    where
        m1_0.id=?
2026-05-28T20:08:59.823+09:00 TRACE 31519 --- [nio-8080-exec-3] org.hibernate.orm.jdbc.bind              : binding parameter (1:BIGINT) <- [5]
2026-05-28T20:08:59.823+09:00 DEBUG 31519 --- [nio-8080-exec-8] org.hibernate.SQL                        : 
    select
        m1_0.id,
        m1_0.managerId,
        m1_0.password,
        m1_0.role,
        m1_0.username,
        m1_0.virtualBalance 
    from
        Member m1_0 
    where
        m1_0.id=?
2026-05-28T20:08:59.823+09:00 TRACE 31519 --- [nio-8080-exec-8] org.hibernate.orm.jdbc.bind              : binding parameter (1:BIGINT) <- [5]
2026-05-28T20:08:59.823+09:00 DEBUG 31519 --- [nio-8080-exec-3] org.hibernate.SQL                        : 
    select
        cr1_0.id,
        cr1_0.createdAt,
        cr1_0.member1_id,
        cr1_0.member2_id 
    from
        chat_room cr1_0 
    where
        cr1_0.member1_id=? 
        and cr1_0.member2_id=?
2026-05-28T20:08:59.824+09:00 TRACE 31519 --- [nio-8080-exec-3] org.hibernate.orm.jdbc.bind              : binding parameter (1:BIGINT) <- [4]
2026-05-28T20:08:59.824+09:00 TRACE 31519 --- [nio-8080-exec-3] org.hibernate.orm.jdbc.bind              : binding parameter (2:BIGINT) <- [5]
2026-05-28T20:08:59.824+09:00 DEBUG 31519 --- [nio-8080-exec-8] org.hibernate.SQL                        : 
    select
        cr1_0.id,
        cr1_0.createdAt,
        cr1_0.member1_id,
        cr1_0.member2_id 
    from
        chat_room cr1_0 
    where
        cr1_0.member1_id=? 
        and cr1_0.member2_id=?
2026-05-28T20:08:59.824+09:00 TRACE 31519 --- [nio-8080-exec-8] org.hibernate.orm.jdbc.bind              : binding parameter (1:BIGINT) <- [4]
2026-05-28T20:08:59.824+09:00 TRACE 31519 --- [nio-8080-exec-8] org.hibernate.orm.jdbc.bind              : binding parameter (2:BIGINT) <- [5]
2026-05-28T20:08:59.824+09:00 DEBUG 31519 --- [nio-8080-exec-3] org.hibernate.SQL                        : 
    update
        chat_message cm1_0 
    set
        read=true,
        readAt=localtimestamp 
    where
        cm1_0.chat_room_id=? 
        and cm1_0.sender_id<>? 
        and cm1_0.read=false
2026-05-28T20:08:59.824+09:00 DEBUG 31519 --- [nio-8080-exec-8] org.hibernate.SQL                        : 
    update
        chat_message cm1_0 
    set
        read=true,
        readAt=localtimestamp 
    where
        cm1_0.chat_room_id=? 
        and cm1_0.sender_id<>? 
        and cm1_0.read=false
2026-05-28T20:08:59.824+09:00 TRACE 31519 --- [nio-8080-exec-3] org.hibernate.orm.jdbc.bind              : binding parameter (1:BIGINT) <- [2]
2026-05-28T20:08:59.824+09:00 TRACE 31519 --- [nio-8080-exec-8] org.hibernate.orm.jdbc.bind              : binding parameter (1:BIGINT) <- [2]
2026-05-28T20:08:59.824+09:00 TRACE 31519 --- [nio-8080-exec-3] org.hibernate.orm.jdbc.bind              : binding parameter (2:BIGINT) <- [4]
2026-05-28T20:08:59.824+09:00 TRACE 31519 --- [nio-8080-exec-8] org.hibernate.orm.jdbc.bind              : binding parameter (2:BIGINT) <- [4]
2026-05-28T20:08:59.825+09:00 DEBUG 31519 --- [nio-8080-exec-8] org.hibernate.SQL                        : 
    select
        cm1_0.id,
        cm1_0.chat_room_id,
        cm1_0.content,
        cm1_0.createdAt,
        cm1_0.messageType,
        cm1_0.read,
        cm1_0.readAt,
        cm1_0.sender_id 
    from
        chat_message cm1_0 
    where
        cm1_0.chat_room_id=? 
    order by
        cm1_0.createdAt desc 
    fetch
        first ? rows only
2026-05-28T20:08:59.825+09:00 TRACE 31519 --- [nio-8080-exec-8] org.hibernate.orm.jdbc.bind              : binding parameter (1:BIGINT) <- [2]
2026-05-28T20:08:59.825+09:00 TRACE 31519 --- [nio-8080-exec-8] org.hibernate.orm.jdbc.bind              : binding parameter (2:INTEGER) <- [50]
2026-05-28T20:08:59.825+09:00 DEBUG 31519 --- [nio-8080-exec-8] org.hibernate.SQL                        : 
    select
        ms1_0.id,
        ms1_0.member_id,
        ms1_0.statusType,
        ms1_0.updatedAt 
    from
        MemberStatus ms1_0 
    where
        ms1_0.member_id=?
2026-05-28T20:08:59.825+09:00 TRACE 31519 --- [nio-8080-exec-8] org.hibernate.orm.jdbc.bind              : binding parameter (1:BIGINT) <- [5]
2026-05-28T20:08:59.826+09:00 DEBUG 31519 --- [nio-8080-exec-3] org.hibernate.SQL                        : 
    select
        cm1_0.id,
        cm1_0.chat_room_id,
        cm1_0.content,
        cm1_0.createdAt,
        cm1_0.messageType,
        cm1_0.read,
        cm1_0.readAt,
        cm1_0.sender_id 
    from
        chat_message cm1_0 
    where
        cm1_0.chat_room_id=? 
    order by
        cm1_0.createdAt desc 
    fetch
        first ? rows only
2026-05-28T20:08:59.826+09:00 TRACE 31519 --- [nio-8080-exec-3] org.hibernate.orm.jdbc.bind              : binding parameter (1:BIGINT) <- [2]
2026-05-28T20:08:59.826+09:00 TRACE 31519 --- [nio-8080-exec-3] org.hibernate.orm.jdbc.bind              : binding parameter (2:INTEGER) <- [50]
2026-05-28T20:08:59.827+09:00 DEBUG 31519 --- [nio-8080-exec-3] org.hibernate.SQL                        : 
    select
        ms1_0.id,
        ms1_0.member_id,
        ms1_0.statusType,
        ms1_0.updatedAt 
    from
        MemberStatus ms1_0 
    where
        ms1_0.member_id=?
2026-05-28T20:08:59.827+09:00 TRACE 31519 --- [nio-8080-exec-3] org.hibernate.orm.jdbc.bind              : binding parameter (1:BIGINT) <- [5]
2026-05-28T20:08:59.834+09:00 DEBUG 31519 --- [nio-8080-exec-7] org.hibernate.SQL                        : 
    select
        m1_0.id,
        m1_0.managerId,
        m1_0.password,
        m1_0.role,
        m1_0.username,
        m1_0.virtualBalance 
    from
        Member m1_0 
    where
        m1_0.id=?
2026-05-28T20:08:59.834+09:00 TRACE 31519 --- [nio-8080-exec-7] org.hibernate.orm.jdbc.bind              : binding parameter (1:BIGINT) <- [4]
2026-05-28T20:08:59.834+09:00 DEBUG 31519 --- [nio-8080-exec-7] org.hibernate.SQL                        : 
    select
        m1_0.id,
        m1_0.managerId,
        m1_0.password,
        m1_0.role,
        m1_0.username,
        m1_0.virtualBalance 
    from
        Member m1_0 
    where
        m1_0.id=?
2026-05-28T20:08:59.834+09:00 TRACE 31519 --- [nio-8080-exec-7] org.hibernate.orm.jdbc.bind              : binding parameter (1:BIGINT) <- [5]
2026-05-28T20:08:59.835+09:00 DEBUG 31519 --- [nio-8080-exec-1] org.hibernate.SQL                        : 
    select
        m1_0.id,
        m1_0.managerId,
        m1_0.password,
        m1_0.role,
        m1_0.username,
        m1_0.virtualBalance 
    from
        Member m1_0 
    where
        m1_0.id=?
2026-05-28T20:08:59.835+09:00 TRACE 31519 --- [nio-8080-exec-1] org.hibernate.orm.jdbc.bind              : binding parameter (1:BIGINT) <- [4]
2026-05-28T20:08:59.835+09:00 DEBUG 31519 --- [nio-8080-exec-7] org.hibernate.SQL                        : 
    select
        ms1_0.id,
        ms1_0.member_id,
        ms1_0.statusType,
        ms1_0.updatedAt 
    from
        MemberStatus ms1_0 
    where
        ms1_0.member_id=?
2026-05-28T20:08:59.835+09:00 TRACE 31519 --- [nio-8080-exec-7] org.hibernate.orm.jdbc.bind              : binding parameter (1:BIGINT) <- [5]
2026-05-28T20:08:59.835+09:00 DEBUG 31519 --- [nio-8080-exec-1] org.hibernate.SQL                        : 
    select
        m1_0.id,
        m1_0.managerId,
        m1_0.password,
        m1_0.role,
        m1_0.username,
        m1_0.virtualBalance 
    from
        Member m1_0 
    where
        m1_0.id=?
2026-05-28T20:08:59.835+09:00 TRACE 31519 --- [nio-8080-exec-1] org.hibernate.orm.jdbc.bind              : binding parameter (1:BIGINT) <- [5]
2026-05-28T20:08:59.835+09:00 DEBUG 31519 --- [nio-8080-exec-1] org.hibernate.SQL                        : 
    select
        ms1_0.id,
        ms1_0.member_id,
        ms1_0.statusType,
        ms1_0.updatedAt 
    from
        MemberStatus ms1_0 
    where
        ms1_0.member_id=?
2026-05-28T20:08:59.835+09:00 TRACE 31519 --- [nio-8080-exec-1] org.hibernate.orm.jdbc.bind              : binding parameter (1:BIGINT) <- [5]
2026-05-28T20:08:59.841+09:00 DEBUG 31519 --- [io-8080-exec-10] org.hibernate.SQL                        : 
    select
        m1_0.id,
        m1_0.managerId,
        m1_0.password,
        m1_0.role,
        m1_0.username,
        m1_0.virtualBalance 
    from
        Member m1_0 
    where
        m1_0.id=?
2026-05-28T20:08:59.841+09:00 TRACE 31519 --- [io-8080-exec-10] org.hibernate.orm.jdbc.bind              : binding parameter (1:BIGINT) <- [4]
2026-05-28T20:08:59.841+09:00 DEBUG 31519 --- [io-8080-exec-10] org.hibernate.SQL                        : 
    select
        cr1_0.id,
        cr1_0.createdAt,
        cr1_0.member1_id,
        cr1_0.member2_id 
    from
        chat_room cr1_0 
    where
        cr1_0.id=?
2026-05-28T20:08:59.841+09:00 TRACE 31519 --- [io-8080-exec-10] org.hibernate.orm.jdbc.bind              : binding parameter (1:BIGINT) <- [2]
2026-05-28T20:08:59.842+09:00 DEBUG 31519 --- [io-8080-exec-10] org.hibernate.SQL                        : 
    update
        chat_message cm1_0 
    set
        read=true,
        readAt=localtimestamp 
    where
        cm1_0.chat_room_id=? 
        and cm1_0.sender_id<>? 
        and cm1_0.read=false
2026-05-28T20:08:59.842+09:00 DEBUG 31519 --- [nio-8080-exec-2] org.hibernate.SQL                        : 
    select
        m1_0.id,
        m1_0.managerId,
        m1_0.password,
        m1_0.role,
        m1_0.username,
        m1_0.virtualBalance 
    from
        Member m1_0 
    where
        m1_0.id=?
2026-05-28T20:08:59.842+09:00 TRACE 31519 --- [nio-8080-exec-2] org.hibernate.orm.jdbc.bind              : binding parameter (1:BIGINT) <- [4]
2026-05-28T20:08:59.842+09:00 TRACE 31519 --- [io-8080-exec-10] org.hibernate.orm.jdbc.bind              : binding parameter (1:BIGINT) <- [2]
2026-05-28T20:08:59.842+09:00 TRACE 31519 --- [io-8080-exec-10] org.hibernate.orm.jdbc.bind              : binding parameter (2:BIGINT) <- [4]
2026-05-28T20:08:59.842+09:00 DEBUG 31519 --- [nio-8080-exec-2] org.hibernate.SQL                        : 
    select
        cr1_0.id,
        cr1_0.createdAt,
        cr1_0.member1_id,
        cr1_0.member2_id 
    from
        chat_room cr1_0 
    where
        cr1_0.id=?
2026-05-28T20:08:59.842+09:00 TRACE 31519 --- [nio-8080-exec-2] org.hibernate.orm.jdbc.bind              : binding parameter (1:BIGINT) <- [2]
2026-05-28T20:08:59.842+09:00 DEBUG 31519 --- [nio-8080-exec-2] org.hibernate.SQL                        : 
    update
        chat_message cm1_0 
    set
        read=true,
        readAt=localtimestamp 
    where
        cm1_0.chat_room_id=? 
        and cm1_0.sender_id<>? 
        and cm1_0.read=false
2026-05-28T20:08:59.842+09:00 TRACE 31519 --- [nio-8080-exec-2] org.hibernate.orm.jdbc.bind              : binding parameter (1:BIGINT) <- [2]
2026-05-28T20:08:59.842+09:00 TRACE 31519 --- [nio-8080-exec-2] org.hibernate.orm.jdbc.bind              : binding parameter (2:BIGINT) <- [4]
2026-05-28T20:09:02.581+09:00 DEBUG 31519 --- [nio-8080-exec-5] org.hibernate.SQL                        : 
    select
        m1_0.id,
        m1_0.managerId,
        m1_0.password,
        m1_0.role,
        m1_0.username,
        m1_0.virtualBalance 
    from
        Member m1_0 
    where
        m1_0.id=?
2026-05-28T20:09:02.581+09:00 TRACE 31519 --- [nio-8080-exec-5] org.hibernate.orm.jdbc.bind              : binding parameter (1:BIGINT) <- [4]
2026-05-28T20:09:02.582+09:00 DEBUG 31519 --- [nio-8080-exec-5] org.hibernate.SQL                        : 
    select
        cr1_0.id,
        cr1_0.createdAt,
        cr1_0.member1_id,
        cr1_0.member2_id 
    from
        chat_room cr1_0 
    where
        cr1_0.id=?
2026-05-28T20:09:02.582+09:00 TRACE 31519 --- [nio-8080-exec-5] org.hibernate.orm.jdbc.bind              : binding parameter (1:BIGINT) <- [2]
2026-05-28T20:09:02.582+09:00 DEBUG 31519 --- [nio-8080-exec-5] org.hibernate.SQL                        : 
    select
        m1_0.id,
        m1_0.managerId,
        m1_0.password,
        m1_0.role,
        m1_0.username,
        m1_0.virtualBalance 
    from
        Member m1_0 
    where
        m1_0.id=?
2026-05-28T20:09:02.582+09:00 TRACE 31519 --- [nio-8080-exec-5] org.hibernate.orm.jdbc.bind              : binding parameter (1:BIGINT) <- [4]
2026-05-28T20:09:02.582+09:00 DEBUG 31519 --- [nio-8080-exec-5] org.hibernate.SQL                        : 
    insert 
    into
        chat_message
        (chat_room_id, content, createdAt, messageType, read, readAt, sender_id, id) 
    values
        (?, ?, ?, ?, ?, ?, ?, default)
2026-05-28T20:09:02.582+09:00 TRACE 31519 --- [nio-8080-exec-5] org.hibernate.orm.jdbc.bind              : binding parameter (1:BIGINT) <- [2]
2026-05-28T20:09:02.582+09:00 TRACE 31519 --- [nio-8080-exec-5] org.hibernate.orm.jdbc.bind              : binding parameter (2:VARCHAR) <- [ㅗㅗ]
2026-05-28T20:09:02.582+09:00 TRACE 31519 --- [nio-8080-exec-5] org.hibernate.orm.jdbc.bind              : binding parameter (3:TIMESTAMP) <- [2026-05-28T20:09:02.582490]
2026-05-28T20:09:02.582+09:00 TRACE 31519 --- [nio-8080-exec-5] org.hibernate.orm.jdbc.bind              : binding parameter (4:ENUM) <- [NORMAL]
2026-05-28T20:09:02.582+09:00 TRACE 31519 --- [nio-8080-exec-5] org.hibernate.orm.jdbc.bind              : binding parameter (5:BOOLEAN) <- [false]
2026-05-28T20:09:02.582+09:00 TRACE 31519 --- [nio-8080-exec-5] org.hibernate.orm.jdbc.bind              : binding parameter (6:TIMESTAMP) <- [null]
2026-05-28T20:09:02.582+09:00 TRACE 31519 --- [nio-8080-exec-5] org.hibernate.orm.jdbc.bind              : binding parameter (7:BIGINT) <- [4]
2026-05-28T20:09:02.582+09:00 DEBUG 31519 --- [nio-8080-exec-5] org.hibernate.SQL                        : 
    select
        m1_0.id,
        m1_0.managerId,
        m1_0.password,
        m1_0.role,
        m1_0.username,
        m1_0.virtualBalance 
    from
        Member m1_0 
    where
        m1_0.id=?
2026-05-28T20:09:02.582+09:00 TRACE 31519 --- [nio-8080-exec-5] org.hibernate.orm.jdbc.bind              : binding parameter (1:BIGINT) <- [5]
2026-05-28T20:09:02.583+09:00 DEBUG 31519 --- [nio-8080-exec-5] org.hibernate.SQL                        : 
    select
        ms1_0.id,
        ms1_0.member_id,
        ms1_0.statusType,
        ms1_0.updatedAt 
    from
        MemberStatus ms1_0 
    where
        ms1_0.member_id=?
2026-05-28T20:09:02.583+09:00 TRACE 31519 --- [nio-8080-exec-5] org.hibernate.orm.jdbc.bind              : binding parameter (1:BIGINT) <- [5]
2026-05-28T20:09:02.583+09:00  INFO 31519 --- [nio-8080-exec-5] com.worksight.api.service.ChatService    : Chat message sent: roomId=2, senderId=4, type=NORMAL, receiverStatus=WORKING
2026-05-28T20:09:02.583+09:00  INFO 31519 --- [nio-8080-exec-5] com.worksight.api.service.ChatService    : Chat pushed: event=CHAT_MESSAGE_RECEIVED, receiverId=5, receiverStatus=WORKING
2026-05-28T20:09:05.816+09:00 DEBUG 31519 --- [nio-8080-exec-9] org.hibernate.SQL                        : 
    select
        m1_0.id,
        m1_0.managerId,
        m1_0.password,
        m1_0.role,
        m1_0.username,
        m1_0.virtualBalance 
    from
        Member m1_0 
    where
        m1_0.id=?
2026-05-28T20:09:05.816+09:00 TRACE 31519 --- [nio-8080-exec-9] org.hibernate.orm.jdbc.bind              : binding parameter (1:BIGINT) <- [5]
2026-05-28T20:09:05.817+09:00 DEBUG 31519 --- [nio-8080-exec-9] org.hibernate.SQL                        : 
    select
        m1_0.id,
        m1_0.managerId,
        m1_0.password,
        m1_0.role,
        m1_0.username,
        m1_0.virtualBalance 
    from
        Member m1_0 
    where
        m1_0.id=?
2026-05-28T20:09:05.817+09:00 TRACE 31519 --- [nio-8080-exec-9] org.hibernate.orm.jdbc.bind              : binding parameter (1:BIGINT) <- [3]
2026-05-28T20:09:05.818+09:00 DEBUG 31519 --- [nio-8080-exec-9] org.hibernate.SQL                        : 
    select
        cr1_0.id,
        cr1_0.createdAt,
        cr1_0.member1_id,
        cr1_0.member2_id 
    from
        chat_room cr1_0 
    where
        cr1_0.member1_id=? 
        and cr1_0.member2_id=?
2026-05-28T20:09:05.818+09:00 TRACE 31519 --- [nio-8080-exec-9] org.hibernate.orm.jdbc.bind              : binding parameter (1:BIGINT) <- [3]
2026-05-28T20:09:05.818+09:00 TRACE 31519 --- [nio-8080-exec-9] org.hibernate.orm.jdbc.bind              : binding parameter (2:BIGINT) <- [5]
2026-05-28T20:09:05.818+09:00 DEBUG 31519 --- [nio-8080-exec-9] org.hibernate.SQL                        : 
    insert 
    into
        chat_room
        (createdAt, member1_id, member2_id, id) 
    values
        (?, ?, ?, default)
2026-05-28T20:09:05.818+09:00 TRACE 31519 --- [nio-8080-exec-9] org.hibernate.orm.jdbc.bind              : binding parameter (1:TIMESTAMP) <- [2026-05-28T20:09:05.818604]
2026-05-28T20:09:05.818+09:00 TRACE 31519 --- [nio-8080-exec-9] org.hibernate.orm.jdbc.bind              : binding parameter (2:BIGINT) <- [3]
2026-05-28T20:09:05.818+09:00 TRACE 31519 --- [nio-8080-exec-9] org.hibernate.orm.jdbc.bind              : binding parameter (3:BIGINT) <- [5]
2026-05-28T20:09:05.820+09:00 DEBUG 31519 --- [nio-8080-exec-9] org.hibernate.SQL                        : 
    update
        chat_message cm1_0 
    set
        read=true,
        readAt=localtimestamp 
    where
        cm1_0.chat_room_id=? 
        and cm1_0.sender_id<>? 
        and cm1_0.read=false
2026-05-28T20:09:05.820+09:00 TRACE 31519 --- [nio-8080-exec-9] org.hibernate.orm.jdbc.bind              : binding parameter (1:BIGINT) <- [3]
2026-05-28T20:09:05.820+09:00 TRACE 31519 --- [nio-8080-exec-9] org.hibernate.orm.jdbc.bind              : binding parameter (2:BIGINT) <- [5]
2026-05-28T20:09:05.822+09:00 DEBUG 31519 --- [nio-8080-exec-9] org.hibernate.SQL                        : 
    select
        cm1_0.id,
        cm1_0.chat_room_id,
        cm1_0.content,
        cm1_0.createdAt,
        cm1_0.messageType,
        cm1_0.read,
        cm1_0.readAt,
        cm1_0.sender_id 
    from
        chat_message cm1_0 
    where
        cm1_0.chat_room_id=? 
    order by
        cm1_0.createdAt desc 
    fetch
        first ? rows only
2026-05-28T20:09:05.822+09:00 TRACE 31519 --- [nio-8080-exec-9] org.hibernate.orm.jdbc.bind              : binding parameter (1:BIGINT) <- [3]
2026-05-28T20:09:05.822+09:00 TRACE 31519 --- [nio-8080-exec-9] org.hibernate.orm.jdbc.bind              : binding parameter (2:INTEGER) <- [50]
2026-05-28T20:09:05.823+09:00 DEBUG 31519 --- [nio-8080-exec-9] org.hibernate.SQL                        : 
    select
        ms1_0.id,
        ms1_0.member_id,
        ms1_0.statusType,
        ms1_0.updatedAt 
    from
        MemberStatus ms1_0 
    where
        ms1_0.member_id=?
2026-05-28T20:09:05.823+09:00 TRACE 31519 --- [nio-8080-exec-9] org.hibernate.orm.jdbc.bind              : binding parameter (1:BIGINT) <- [3]
2026-05-28T20:09:05.835+09:00 DEBUG 31519 --- [nio-8080-exec-6] org.hibernate.SQL                        : 
    select
        m1_0.id,
        m1_0.managerId,
        m1_0.password,
        m1_0.role,
        m1_0.username,
        m1_0.virtualBalance 
    from
        Member m1_0 
    where
        m1_0.id=?
2026-05-28T20:09:05.835+09:00 TRACE 31519 --- [nio-8080-exec-6] org.hibernate.orm.jdbc.bind              : binding parameter (1:BIGINT) <- [5]
2026-05-28T20:09:05.836+09:00 DEBUG 31519 --- [nio-8080-exec-6] org.hibernate.SQL                        : 
    select
        cr1_0.id,
        cr1_0.createdAt,
        cr1_0.member1_id,
        cr1_0.member2_id 
    from
        chat_room cr1_0 
    where
        cr1_0.member1_id=? 
        or cr1_0.member2_id=?
2026-05-28T20:09:05.836+09:00 TRACE 31519 --- [nio-8080-exec-6] org.hibernate.orm.jdbc.bind              : binding parameter (1:BIGINT) <- [5]
2026-05-28T20:09:05.836+09:00 TRACE 31519 --- [nio-8080-exec-6] org.hibernate.orm.jdbc.bind              : binding parameter (2:BIGINT) <- [5]
2026-05-28T20:09:05.837+09:00 DEBUG 31519 --- [nio-8080-exec-6] org.hibernate.SQL                        : 
    select
        m1_0.id,
        m1_0.managerId,
        m1_0.password,
        m1_0.role,
        m1_0.username,
        m1_0.virtualBalance 
    from
        Member m1_0 
    where
        m1_0.id=?
2026-05-28T20:09:05.837+09:00 TRACE 31519 --- [nio-8080-exec-6] org.hibernate.orm.jdbc.bind              : binding parameter (1:BIGINT) <- [4]
2026-05-28T20:09:05.837+09:00 DEBUG 31519 --- [nio-8080-exec-6] org.hibernate.SQL                        : 
    select
        ms1_0.id,
        ms1_0.member_id,
        ms1_0.statusType,
        ms1_0.updatedAt 
    from
        MemberStatus ms1_0 
    where
        ms1_0.member_id=?
2026-05-28T20:09:05.837+09:00 TRACE 31519 --- [nio-8080-exec-6] org.hibernate.orm.jdbc.bind              : binding parameter (1:BIGINT) <- [4]
2026-05-28T20:09:05.838+09:00 DEBUG 31519 --- [nio-8080-exec-6] org.hibernate.SQL                        : 
    select
        cm1_0.id,
        cm1_0.chat_room_id,
        cm1_0.content,
        cm1_0.createdAt,
        cm1_0.messageType,
        cm1_0.read,
        cm1_0.readAt,
        cm1_0.sender_id 
    from
        chat_message cm1_0 
    where
        cm1_0.chat_room_id=? 
    order by
        cm1_0.createdAt desc 
    fetch
        first ? rows only
2026-05-28T20:09:05.838+09:00 TRACE 31519 --- [nio-8080-exec-6] org.hibernate.orm.jdbc.bind              : binding parameter (1:BIGINT) <- [2]
2026-05-28T20:09:05.838+09:00 TRACE 31519 --- [nio-8080-exec-6] org.hibernate.orm.jdbc.bind              : binding parameter (2:INTEGER) <- [1]
2026-05-28T20:09:05.838+09:00 DEBUG 31519 --- [nio-8080-exec-6] org.hibernate.SQL                        : 
    select
        count(cm1_0.id) 
    from
        chat_message cm1_0 
    where
        cm1_0.chat_room_id=? 
        and cm1_0.sender_id<>? 
        and cm1_0.read=false
2026-05-28T20:09:05.839+09:00 TRACE 31519 --- [nio-8080-exec-6] org.hibernate.orm.jdbc.bind              : binding parameter (1:BIGINT) <- [2]
2026-05-28T20:09:05.839+09:00 TRACE 31519 --- [nio-8080-exec-6] org.hibernate.orm.jdbc.bind              : binding parameter (2:BIGINT) <- [5]
2026-05-28T20:09:05.839+09:00 DEBUG 31519 --- [nio-8080-exec-6] org.hibernate.SQL                        : 
    select
        m1_0.id,
        m1_0.managerId,
        m1_0.password,
        m1_0.role,
        m1_0.username,
        m1_0.virtualBalance 
    from
        Member m1_0 
    where
        m1_0.id=?
2026-05-28T20:09:05.839+09:00 TRACE 31519 --- [nio-8080-exec-6] org.hibernate.orm.jdbc.bind              : binding parameter (1:BIGINT) <- [3]
2026-05-28T20:09:05.839+09:00 DEBUG 31519 --- [nio-8080-exec-6] org.hibernate.SQL                        : 
    select
        ms1_0.id,
        ms1_0.member_id,
        ms1_0.statusType,
        ms1_0.updatedAt 
    from
        MemberStatus ms1_0 
    where
        ms1_0.member_id=?
2026-05-28T20:09:05.839+09:00 TRACE 31519 --- [nio-8080-exec-6] org.hibernate.orm.jdbc.bind              : binding parameter (1:BIGINT) <- [3]
2026-05-28T20:09:05.840+09:00 DEBUG 31519 --- [nio-8080-exec-6] org.hibernate.SQL                        : 
    select
        cm1_0.id,
        cm1_0.chat_room_id,
        cm1_0.content,
        cm1_0.createdAt,
        cm1_0.messageType,
        cm1_0.read,
        cm1_0.readAt,
        cm1_0.sender_id 
    from
        chat_message cm1_0 
    where
        cm1_0.chat_room_id=? 
    order by
        cm1_0.createdAt desc 
    fetch
        first ? rows only
2026-05-28T20:09:05.840+09:00 TRACE 31519 --- [nio-8080-exec-6] org.hibernate.orm.jdbc.bind              : binding parameter (1:BIGINT) <- [3]
2026-05-28T20:09:05.840+09:00 TRACE 31519 --- [nio-8080-exec-6] org.hibernate.orm.jdbc.bind              : binding parameter (2:INTEGER) <- [1]
2026-05-28T20:09:05.840+09:00 DEBUG 31519 --- [nio-8080-exec-6] org.hibernate.SQL                        : 
    select
        count(cm1_0.id) 
    from
        chat_message cm1_0 
    where
        cm1_0.chat_room_id=? 
        and cm1_0.sender_id<>? 
        and cm1_0.read=false
2026-05-28T20:09:05.840+09:00 TRACE 31519 --- [nio-8080-exec-6] org.hibernate.orm.jdbc.bind              : binding parameter (1:BIGINT) <- [3]
2026-05-28T20:09:05.840+09:00 TRACE 31519 --- [nio-8080-exec-6] org.hibernate.orm.jdbc.bind              : binding parameter (2:BIGINT) <- [5]
2026-05-28T20:09:09.206+09:00 DEBUG 31519 --- [nio-8080-exec-3] org.hibernate.SQL                        : 
    select
        m1_0.id,
        m1_0.managerId,
        m1_0.password,
        m1_0.role,
        m1_0.username,
        m1_0.virtualBalance 
    from
        Member m1_0 
    where
        m1_0.id=?
2026-05-28T20:09:09.206+09:00 TRACE 31519 --- [nio-8080-exec-3] org.hibernate.orm.jdbc.bind              : binding parameter (1:BIGINT) <- [5]
2026-05-28T20:09:09.207+09:00 DEBUG 31519 --- [nio-8080-exec-3] org.hibernate.SQL                        : 
    select
        m1_0.id,
        m1_0.managerId,
        m1_0.password,
        m1_0.role,
        m1_0.username,
        m1_0.virtualBalance 
    from
        Member m1_0 
    where
        m1_0.id=?
2026-05-28T20:09:09.208+09:00 TRACE 31519 --- [nio-8080-exec-3] org.hibernate.orm.jdbc.bind              : binding parameter (1:BIGINT) <- [4]
2026-05-28T20:09:09.208+09:00 DEBUG 31519 --- [nio-8080-exec-4] org.hibernate.SQL                        : 
    select
        m1_0.id,
        m1_0.managerId,
        m1_0.password,
        m1_0.role,
        m1_0.username,
        m1_0.virtualBalance 
    from
        Member m1_0 
    where
        m1_0.id=?
2026-05-28T20:09:09.208+09:00 TRACE 31519 --- [nio-8080-exec-4] org.hibernate.orm.jdbc.bind              : binding parameter (1:BIGINT) <- [5]
2026-05-28T20:09:09.208+09:00 DEBUG 31519 --- [nio-8080-exec-4] org.hibernate.SQL                        : 
    select
        m1_0.id,
        m1_0.managerId,
        m1_0.password,
        m1_0.role,
        m1_0.username,
        m1_0.virtualBalance 
    from
        Member m1_0 
    where
        m1_0.id=?
2026-05-28T20:09:09.208+09:00 TRACE 31519 --- [nio-8080-exec-4] org.hibernate.orm.jdbc.bind              : binding parameter (1:BIGINT) <- [4]
2026-05-28T20:09:09.214+09:00 DEBUG 31519 --- [io-8080-exec-10] org.hibernate.SQL                        : 
    select
        m1_0.id,
        m1_0.managerId,
        m1_0.password,
        m1_0.role,
        m1_0.username,
        m1_0.virtualBalance 
    from
        Member m1_0 
    where
        m1_0.id=?
2026-05-28T20:09:09.214+09:00 TRACE 31519 --- [io-8080-exec-10] org.hibernate.orm.jdbc.bind              : binding parameter (1:BIGINT) <- [5]
2026-05-28T20:09:09.215+09:00 DEBUG 31519 --- [io-8080-exec-10] org.hibernate.SQL                        : 
    select
        m1_0.id,
        m1_0.managerId,
        m1_0.password,
        m1_0.role,
        m1_0.username,
        m1_0.virtualBalance 
    from
        Member m1_0 
    where
        m1_0.managerId=?
2026-05-28T20:09:09.215+09:00 TRACE 31519 --- [io-8080-exec-10] org.hibernate.orm.jdbc.bind              : binding parameter (1:BIGINT) <- [4]
2026-05-28T20:09:09.218+09:00 DEBUG 31519 --- [nio-8080-exec-5] org.hibernate.SQL                        : 
    select
        m1_0.id,
        m1_0.managerId,
        m1_0.password,
        m1_0.role,
        m1_0.username,
        m1_0.virtualBalance 
    from
        Member m1_0 
    where
        m1_0.id=?
2026-05-28T20:09:09.218+09:00 TRACE 31519 --- [nio-8080-exec-5] org.hibernate.orm.jdbc.bind              : binding parameter (1:BIGINT) <- [5]
2026-05-28T20:09:09.219+09:00 DEBUG 31519 --- [nio-8080-exec-5] org.hibernate.SQL                        : 
    select
        m1_0.id,
        m1_0.managerId,
        m1_0.password,
        m1_0.role,
        m1_0.username,
        m1_0.virtualBalance 
    from
        Member m1_0 
    where
        m1_0.managerId=?
2026-05-28T20:09:09.219+09:00 TRACE 31519 --- [nio-8080-exec-5] org.hibernate.orm.jdbc.bind              : binding parameter (1:BIGINT) <- [4]
2026-05-28T20:09:09.221+09:00 DEBUG 31519 --- [nio-8080-exec-3] org.hibernate.SQL                        : 
    select
        m1_0.id,
        m1_0.managerId,
        m1_0.password,
        m1_0.role,
        m1_0.username,
        m1_0.virtualBalance 
    from
        Member m1_0 
    where
        m1_0.id=?
2026-05-28T20:09:09.221+09:00 TRACE 31519 --- [nio-8080-exec-3] org.hibernate.orm.jdbc.bind              : binding parameter (1:BIGINT) <- [5]
2026-05-28T20:09:09.221+09:00 DEBUG 31519 --- [nio-8080-exec-3] org.hibernate.SQL                        : 
    select
        cr1_0.id,
        cr1_0.createdAt,
        cr1_0.member1_id,
        cr1_0.member2_id 
    from
        chat_room cr1_0 
    where
        cr1_0.member1_id=? 
        or cr1_0.member2_id=?
2026-05-28T20:09:09.221+09:00 TRACE 31519 --- [nio-8080-exec-3] org.hibernate.orm.jdbc.bind              : binding parameter (1:BIGINT) <- [5]
2026-05-28T20:09:09.221+09:00 TRACE 31519 --- [nio-8080-exec-3] org.hibernate.orm.jdbc.bind              : binding parameter (2:BIGINT) <- [5]
2026-05-28T20:09:09.222+09:00 DEBUG 31519 --- [nio-8080-exec-3] org.hibernate.SQL                        : 
    select
        m1_0.id,
        m1_0.managerId,
        m1_0.password,
        m1_0.role,
        m1_0.username,
        m1_0.virtualBalance 
    from
        Member m1_0 
    where
        m1_0.id=?
2026-05-28T20:09:09.222+09:00 TRACE 31519 --- [nio-8080-exec-3] org.hibernate.orm.jdbc.bind              : binding parameter (1:BIGINT) <- [4]
2026-05-28T20:09:09.222+09:00 DEBUG 31519 --- [nio-8080-exec-3] org.hibernate.SQL                        : 
    select
        ms1_0.id,
        ms1_0.member_id,
        ms1_0.statusType,
        ms1_0.updatedAt 
    from
        MemberStatus ms1_0 
    where
        ms1_0.member_id=?
2026-05-28T20:09:09.222+09:00 TRACE 31519 --- [nio-8080-exec-3] org.hibernate.orm.jdbc.bind              : binding parameter (1:BIGINT) <- [4]
2026-05-28T20:09:09.222+09:00 DEBUG 31519 --- [nio-8080-exec-3] org.hibernate.SQL                        : 
    select
        cm1_0.id,
        cm1_0.chat_room_id,
        cm1_0.content,
        cm1_0.createdAt,
        cm1_0.messageType,
        cm1_0.read,
        cm1_0.readAt,
        cm1_0.sender_id 
    from
        chat_message cm1_0 
    where
        cm1_0.chat_room_id=? 
    order by
        cm1_0.createdAt desc 
    fetch
        first ? rows only
2026-05-28T20:09:09.222+09:00 TRACE 31519 --- [nio-8080-exec-3] org.hibernate.orm.jdbc.bind              : binding parameter (1:BIGINT) <- [2]
2026-05-28T20:09:09.222+09:00 TRACE 31519 --- [nio-8080-exec-3] org.hibernate.orm.jdbc.bind              : binding parameter (2:INTEGER) <- [1]
2026-05-28T20:09:09.222+09:00 DEBUG 31519 --- [nio-8080-exec-3] org.hibernate.SQL                        : 
    select
        count(cm1_0.id) 
    from
        chat_message cm1_0 
    where
        cm1_0.chat_room_id=? 
        and cm1_0.sender_id<>? 
        and cm1_0.read=false
2026-05-28T20:09:09.223+09:00 TRACE 31519 --- [nio-8080-exec-3] org.hibernate.orm.jdbc.bind              : binding parameter (1:BIGINT) <- [2]
2026-05-28T20:09:09.223+09:00 TRACE 31519 --- [nio-8080-exec-3] org.hibernate.orm.jdbc.bind              : binding parameter (2:BIGINT) <- [5]
2026-05-28T20:09:09.223+09:00 DEBUG 31519 --- [nio-8080-exec-3] org.hibernate.SQL                        : 
    select
        m1_0.id,
        m1_0.managerId,
        m1_0.password,
        m1_0.role,
        m1_0.username,
        m1_0.virtualBalance 
    from
        Member m1_0 
    where
        m1_0.id=?
2026-05-28T20:09:09.223+09:00 TRACE 31519 --- [nio-8080-exec-3] org.hibernate.orm.jdbc.bind              : binding parameter (1:BIGINT) <- [3]
2026-05-28T20:09:09.223+09:00 DEBUG 31519 --- [nio-8080-exec-3] org.hibernate.SQL                        : 
    select
        ms1_0.id,
        ms1_0.member_id,
        ms1_0.statusType,
        ms1_0.updatedAt 
    from
        MemberStatus ms1_0 
    where
        ms1_0.member_id=?
2026-05-28T20:09:09.223+09:00 TRACE 31519 --- [nio-8080-exec-3] org.hibernate.orm.jdbc.bind              : binding parameter (1:BIGINT) <- [3]
2026-05-28T20:09:09.223+09:00 DEBUG 31519 --- [nio-8080-exec-3] org.hibernate.SQL                        : 
    select
        cm1_0.id,
        cm1_0.chat_room_id,
        cm1_0.content,
        cm1_0.createdAt,
        cm1_0.messageType,
        cm1_0.read,
        cm1_0.readAt,
        cm1_0.sender_id 
    from
        chat_message cm1_0 
    where
        cm1_0.chat_room_id=? 
    order by
        cm1_0.createdAt desc 
    fetch
        first ? rows only
2026-05-28T20:09:09.223+09:00 TRACE 31519 --- [nio-8080-exec-3] org.hibernate.orm.jdbc.bind              : binding parameter (1:BIGINT) <- [3]
2026-05-28T20:09:09.223+09:00 TRACE 31519 --- [nio-8080-exec-3] org.hibernate.orm.jdbc.bind              : binding parameter (2:INTEGER) <- [1]
2026-05-28T20:09:09.223+09:00 DEBUG 31519 --- [nio-8080-exec-3] org.hibernate.SQL                        : 
    select
        count(cm1_0.id) 
    from
        chat_message cm1_0 
    where
        cm1_0.chat_room_id=? 
        and cm1_0.sender_id<>? 
        and cm1_0.read=false
2026-05-28T20:09:09.223+09:00 TRACE 31519 --- [nio-8080-exec-3] org.hibernate.orm.jdbc.bind              : binding parameter (1:BIGINT) <- [3]
2026-05-28T20:09:09.223+09:00 TRACE 31519 --- [nio-8080-exec-3] org.hibernate.orm.jdbc.bind              : binding parameter (2:BIGINT) <- [5]
2026-05-28T20:09:09.224+09:00 DEBUG 31519 --- [nio-8080-exec-7] org.hibernate.SQL                        : 
    select
        m1_0.id,
        m1_0.managerId,
        m1_0.password,
        m1_0.role,
        m1_0.username,
        m1_0.virtualBalance 
    from
        Member m1_0 
    where
        m1_0.id=?
2026-05-28T20:09:09.224+09:00 TRACE 31519 --- [nio-8080-exec-7] org.hibernate.orm.jdbc.bind              : binding parameter (1:BIGINT) <- [5]
2026-05-28T20:09:09.225+09:00 DEBUG 31519 --- [nio-8080-exec-7] org.hibernate.SQL                        : 
    select
        cr1_0.id,
        cr1_0.createdAt,
        cr1_0.member1_id,
        cr1_0.member2_id 
    from
        chat_room cr1_0 
    where
        cr1_0.member1_id=? 
        or cr1_0.member2_id=?
2026-05-28T20:09:09.225+09:00 TRACE 31519 --- [nio-8080-exec-7] org.hibernate.orm.jdbc.bind              : binding parameter (1:BIGINT) <- [5]
2026-05-28T20:09:09.225+09:00 TRACE 31519 --- [nio-8080-exec-7] org.hibernate.orm.jdbc.bind              : binding parameter (2:BIGINT) <- [5]
2026-05-28T20:09:09.225+09:00 DEBUG 31519 --- [nio-8080-exec-7] org.hibernate.SQL                        : 
    select
        m1_0.id,
        m1_0.managerId,
        m1_0.password,
        m1_0.role,
        m1_0.username,
        m1_0.virtualBalance 
    from
        Member m1_0 
    where
        m1_0.id=?
2026-05-28T20:09:09.225+09:00 TRACE 31519 --- [nio-8080-exec-7] org.hibernate.orm.jdbc.bind              : binding parameter (1:BIGINT) <- [4]
2026-05-28T20:09:09.225+09:00 DEBUG 31519 --- [nio-8080-exec-7] org.hibernate.SQL                        : 
    select
        ms1_0.id,
        ms1_0.member_id,
        ms1_0.statusType,
        ms1_0.updatedAt 
    from
        MemberStatus ms1_0 
    where
        ms1_0.member_id=?
2026-05-28T20:09:09.225+09:00 TRACE 31519 --- [nio-8080-exec-7] org.hibernate.orm.jdbc.bind              : binding parameter (1:BIGINT) <- [4]
2026-05-28T20:09:09.226+09:00 DEBUG 31519 --- [nio-8080-exec-7] org.hibernate.SQL                        : 
    select
        cm1_0.id,
        cm1_0.chat_room_id,
        cm1_0.content,
        cm1_0.createdAt,
        cm1_0.messageType,
        cm1_0.read,
        cm1_0.readAt,
        cm1_0.sender_id 
    from
        chat_message cm1_0 
    where
        cm1_0.chat_room_id=? 
    order by
        cm1_0.createdAt desc 
    fetch
        first ? rows only
2026-05-28T20:09:09.226+09:00 TRACE 31519 --- [nio-8080-exec-7] org.hibernate.orm.jdbc.bind              : binding parameter (1:BIGINT) <- [2]
2026-05-28T20:09:09.226+09:00 TRACE 31519 --- [nio-8080-exec-7] org.hibernate.orm.jdbc.bind              : binding parameter (2:INTEGER) <- [1]
2026-05-28T20:09:09.226+09:00 DEBUG 31519 --- [nio-8080-exec-7] org.hibernate.SQL                        : 
    select
        count(cm1_0.id) 
    from
        chat_message cm1_0 
    where
        cm1_0.chat_room_id=? 
        and cm1_0.sender_id<>? 
        and cm1_0.read=false
2026-05-28T20:09:09.226+09:00 TRACE 31519 --- [nio-8080-exec-7] org.hibernate.orm.jdbc.bind              : binding parameter (1:BIGINT) <- [2]
2026-05-28T20:09:09.226+09:00 TRACE 31519 --- [nio-8080-exec-7] org.hibernate.orm.jdbc.bind              : binding parameter (2:BIGINT) <- [5]
2026-05-28T20:09:09.226+09:00 DEBUG 31519 --- [nio-8080-exec-7] org.hibernate.SQL                        : 
    select
        m1_0.id,
        m1_0.managerId,
        m1_0.password,
        m1_0.role,
        m1_0.username,
        m1_0.virtualBalance 
    from
        Member m1_0 
    where
        m1_0.id=?
2026-05-28T20:09:09.226+09:00 TRACE 31519 --- [nio-8080-exec-7] org.hibernate.orm.jdbc.bind              : binding parameter (1:BIGINT) <- [3]
2026-05-28T20:09:09.227+09:00 DEBUG 31519 --- [nio-8080-exec-7] org.hibernate.SQL                        : 
    select
        ms1_0.id,
        ms1_0.member_id,
        ms1_0.statusType,
        ms1_0.updatedAt 
    from
        MemberStatus ms1_0 
    where
        ms1_0.member_id=?
2026-05-28T20:09:09.227+09:00 TRACE 31519 --- [nio-8080-exec-7] org.hibernate.orm.jdbc.bind              : binding parameter (1:BIGINT) <- [3]
2026-05-28T20:09:09.228+09:00 DEBUG 31519 --- [nio-8080-exec-7] org.hibernate.SQL                        : 
    select
        cm1_0.id,
        cm1_0.chat_room_id,
        cm1_0.content,
        cm1_0.createdAt,
        cm1_0.messageType,
        cm1_0.read,
        cm1_0.readAt,
        cm1_0.sender_id 
    from
        chat_message cm1_0 
    where
        cm1_0.chat_room_id=? 
    order by
        cm1_0.createdAt desc 
    fetch
        first ? rows only
2026-05-28T20:09:09.228+09:00 TRACE 31519 --- [nio-8080-exec-7] org.hibernate.orm.jdbc.bind              : binding parameter (1:BIGINT) <- [3]
2026-05-28T20:09:09.228+09:00 TRACE 31519 --- [nio-8080-exec-7] org.hibernate.orm.jdbc.bind              : binding parameter (2:INTEGER) <- [1]
2026-05-28T20:09:09.228+09:00 DEBUG 31519 --- [nio-8080-exec-7] org.hibernate.SQL                        : 
    select
        count(cm1_0.id) 
    from
        chat_message cm1_0 
    where
        cm1_0.chat_room_id=? 
        and cm1_0.sender_id<>? 
        and cm1_0.read=false
2026-05-28T20:09:09.228+09:00 TRACE 31519 --- [nio-8080-exec-7] org.hibernate.orm.jdbc.bind              : binding parameter (1:BIGINT) <- [3]
2026-05-28T20:09:09.228+09:00 TRACE 31519 --- [nio-8080-exec-7] org.hibernate.orm.jdbc.bind              : binding parameter (2:BIGINT) <- [5]
2026-05-28T20:09:09.230+09:00 DEBUG 31519 --- [io-8080-exec-10] org.hibernate.SQL                        : 
    select
        m1_0.id,
        m1_0.managerId,
        m1_0.password,
        m1_0.role,
        m1_0.username,
        m1_0.virtualBalance 
    from
        Member m1_0 
    where
        m1_0.id=?
2026-05-28T20:09:09.230+09:00 TRACE 31519 --- [io-8080-exec-10] org.hibernate.orm.jdbc.bind              : binding parameter (1:BIGINT) <- [5]
2026-05-28T20:09:09.230+09:00 DEBUG 31519 --- [nio-8080-exec-2] org.hibernate.SQL                        : 
    select
        m1_0.id,
        m1_0.managerId,
        m1_0.password,
        m1_0.role,
        m1_0.username,
        m1_0.virtualBalance 
    from
        Member m1_0 
    where
        m1_0.id=?
2026-05-28T20:09:09.230+09:00 DEBUG 31519 --- [io-8080-exec-10] org.hibernate.SQL                        : 
    select
        m1_0.id,
        m1_0.managerId,
        m1_0.password,
        m1_0.role,
        m1_0.username,
        m1_0.virtualBalance 
    from
        Member m1_0 
    where
        m1_0.id=?
2026-05-28T20:09:09.230+09:00 TRACE 31519 --- [nio-8080-exec-2] org.hibernate.orm.jdbc.bind              : binding parameter (1:BIGINT) <- [5]
2026-05-28T20:09:09.230+09:00 TRACE 31519 --- [io-8080-exec-10] org.hibernate.orm.jdbc.bind              : binding parameter (1:BIGINT) <- [4]
2026-05-28T20:09:09.230+09:00 DEBUG 31519 --- [nio-8080-exec-2] org.hibernate.SQL                        : 
    select
        m1_0.id,
        m1_0.managerId,
        m1_0.password,
        m1_0.role,
        m1_0.username,
        m1_0.virtualBalance 
    from
        Member m1_0 
    where
        m1_0.id=?
2026-05-28T20:09:09.230+09:00 TRACE 31519 --- [nio-8080-exec-2] org.hibernate.orm.jdbc.bind              : binding parameter (1:BIGINT) <- [4]
2026-05-28T20:09:09.230+09:00 DEBUG 31519 --- [nio-8080-exec-2] org.hibernate.SQL                        : 
    select
        cr1_0.id,
        cr1_0.createdAt,
        cr1_0.member1_id,
        cr1_0.member2_id 
    from
        chat_room cr1_0 
    where
        cr1_0.member1_id=? 
        and cr1_0.member2_id=?
2026-05-28T20:09:09.230+09:00 DEBUG 31519 --- [io-8080-exec-10] org.hibernate.SQL                        : 
    select
        cr1_0.id,
        cr1_0.createdAt,
        cr1_0.member1_id,
        cr1_0.member2_id 
    from
        chat_room cr1_0 
    where
        cr1_0.member1_id=? 
        and cr1_0.member2_id=?
2026-05-28T20:09:09.231+09:00 TRACE 31519 --- [io-8080-exec-10] org.hibernate.orm.jdbc.bind              : binding parameter (1:BIGINT) <- [4]
2026-05-28T20:09:09.231+09:00 TRACE 31519 --- [io-8080-exec-10] org.hibernate.orm.jdbc.bind              : binding parameter (2:BIGINT) <- [5]
2026-05-28T20:09:09.231+09:00 TRACE 31519 --- [nio-8080-exec-2] org.hibernate.orm.jdbc.bind              : binding parameter (1:BIGINT) <- [4]
2026-05-28T20:09:09.231+09:00 TRACE 31519 --- [nio-8080-exec-2] org.hibernate.orm.jdbc.bind              : binding parameter (2:BIGINT) <- [5]
2026-05-28T20:09:09.231+09:00 DEBUG 31519 --- [nio-8080-exec-2] org.hibernate.SQL                        : 
    update
        chat_message cm1_0 
    set
        read=true,
        readAt=localtimestamp 
    where
        cm1_0.chat_room_id=? 
        and cm1_0.sender_id<>? 
        and cm1_0.read=false
2026-05-28T20:09:09.231+09:00 TRACE 31519 --- [nio-8080-exec-2] org.hibernate.orm.jdbc.bind              : binding parameter (1:BIGINT) <- [2]
2026-05-28T20:09:09.231+09:00 TRACE 31519 --- [nio-8080-exec-2] org.hibernate.orm.jdbc.bind              : binding parameter (2:BIGINT) <- [5]
2026-05-28T20:09:09.231+09:00 DEBUG 31519 --- [io-8080-exec-10] org.hibernate.SQL                        : 
    update
        chat_message cm1_0 
    set
        read=true,
        readAt=localtimestamp 
    where
        cm1_0.chat_room_id=? 
        and cm1_0.sender_id<>? 
        and cm1_0.read=false
2026-05-28T20:09:09.231+09:00 TRACE 31519 --- [io-8080-exec-10] org.hibernate.orm.jdbc.bind              : binding parameter (1:BIGINT) <- [2]
2026-05-28T20:09:09.231+09:00 TRACE 31519 --- [io-8080-exec-10] org.hibernate.orm.jdbc.bind              : binding parameter (2:BIGINT) <- [5]
2026-05-28T20:09:09.232+09:00 DEBUG 31519 --- [nio-8080-exec-2] org.hibernate.SQL                        : 
    select
        cm1_0.id,
        cm1_0.chat_room_id,
        cm1_0.content,
        cm1_0.createdAt,
        cm1_0.messageType,
        cm1_0.read,
        cm1_0.readAt,
        cm1_0.sender_id 
    from
        chat_message cm1_0 
    where
        cm1_0.chat_room_id=? 
    order by
        cm1_0.createdAt desc 
    fetch
        first ? rows only
2026-05-28T20:09:09.232+09:00 TRACE 31519 --- [nio-8080-exec-2] org.hibernate.orm.jdbc.bind              : binding parameter (1:BIGINT) <- [2]
2026-05-28T20:09:09.232+09:00 TRACE 31519 --- [nio-8080-exec-2] org.hibernate.orm.jdbc.bind              : binding parameter (2:INTEGER) <- [50]
2026-05-28T20:09:09.232+09:00 DEBUG 31519 --- [nio-8080-exec-2] org.hibernate.SQL                        : 
    select
        m1_0.id,
        m1_0.managerId,
        m1_0.password,
        m1_0.role,
        m1_0.username,
        m1_0.virtualBalance 
    from
        Member m1_0 
    where
        m1_0.id=?
2026-05-28T20:09:09.232+09:00 TRACE 31519 --- [nio-8080-exec-2] org.hibernate.orm.jdbc.bind              : binding parameter (1:BIGINT) <- [5]
2026-05-28T20:09:09.232+09:00 DEBUG 31519 --- [nio-8080-exec-2] org.hibernate.SQL                        : 
    select
        ms1_0.id,
        ms1_0.member_id,
        ms1_0.statusType,
        ms1_0.updatedAt 
    from
        MemberStatus ms1_0 
    where
        ms1_0.member_id=?
2026-05-28T20:09:09.232+09:00 TRACE 31519 --- [nio-8080-exec-2] org.hibernate.orm.jdbc.bind              : binding parameter (1:BIGINT) <- [4]
2026-05-28T20:09:09.233+09:00 DEBUG 31519 --- [io-8080-exec-10] org.hibernate.SQL                        : 
    select
        cm1_0.id,
        cm1_0.chat_room_id,
        cm1_0.content,
        cm1_0.createdAt,
        cm1_0.messageType,
        cm1_0.read,
        cm1_0.readAt,
        cm1_0.sender_id 
    from
        chat_message cm1_0 
    where
        cm1_0.chat_room_id=? 
    order by
        cm1_0.createdAt desc 
    fetch
        first ? rows only
2026-05-28T20:09:09.233+09:00 TRACE 31519 --- [io-8080-exec-10] org.hibernate.orm.jdbc.bind              : binding parameter (1:BIGINT) <- [2]
2026-05-28T20:09:09.233+09:00 TRACE 31519 --- [io-8080-exec-10] org.hibernate.orm.jdbc.bind              : binding parameter (2:INTEGER) <- [50]
2026-05-28T20:09:09.234+09:00 DEBUG 31519 --- [io-8080-exec-10] org.hibernate.SQL                        : 
    select
        m1_0.id,
        m1_0.managerId,
        m1_0.password,
        m1_0.role,
        m1_0.username,
        m1_0.virtualBalance 
    from
        Member m1_0 
    where
        m1_0.id=?
2026-05-28T20:09:09.234+09:00 TRACE 31519 --- [io-8080-exec-10] org.hibernate.orm.jdbc.bind              : binding parameter (1:BIGINT) <- [5]
2026-05-28T20:09:09.234+09:00 DEBUG 31519 --- [io-8080-exec-10] org.hibernate.SQL                        : 
    select
        ms1_0.id,
        ms1_0.member_id,
        ms1_0.statusType,
        ms1_0.updatedAt 
    from
        MemberStatus ms1_0 
    where
        ms1_0.member_id=?
2026-05-28T20:09:09.234+09:00 TRACE 31519 --- [io-8080-exec-10] org.hibernate.orm.jdbc.bind              : binding parameter (1:BIGINT) <- [4]
2026-05-28T20:09:09.239+09:00 DEBUG 31519 --- [nio-8080-exec-9] org.hibernate.SQL                        : 
    select
        m1_0.id,
        m1_0.managerId,
        m1_0.password,
        m1_0.role,
        m1_0.username,
        m1_0.virtualBalance 
    from
        Member m1_0 
    where
        m1_0.id=?
2026-05-28T20:09:09.239+09:00 TRACE 31519 --- [nio-8080-exec-9] org.hibernate.orm.jdbc.bind              : binding parameter (1:BIGINT) <- [5]
2026-05-28T20:09:09.240+09:00 DEBUG 31519 --- [nio-8080-exec-9] org.hibernate.SQL                        : 
    select
        m1_0.id,
        m1_0.managerId,
        m1_0.password,
        m1_0.role,
        m1_0.username,
        m1_0.virtualBalance 
    from
        Member m1_0 
    where
        m1_0.id=?
2026-05-28T20:09:09.240+09:00 TRACE 31519 --- [nio-8080-exec-9] org.hibernate.orm.jdbc.bind              : binding parameter (1:BIGINT) <- [4]
2026-05-28T20:09:09.240+09:00 DEBUG 31519 --- [nio-8080-exec-9] org.hibernate.SQL                        : 
    select
        ms1_0.id,
        ms1_0.member_id,
        ms1_0.statusType,
        ms1_0.updatedAt 
    from
        MemberStatus ms1_0 
    where
        ms1_0.member_id=?
2026-05-28T20:09:09.240+09:00 TRACE 31519 --- [nio-8080-exec-9] org.hibernate.orm.jdbc.bind              : binding parameter (1:BIGINT) <- [4]
2026-05-28T20:09:09.241+09:00 DEBUG 31519 --- [nio-8080-exec-6] org.hibernate.SQL                        : 
    select
        m1_0.id,
        m1_0.managerId,
        m1_0.password,
        m1_0.role,
        m1_0.username,
        m1_0.virtualBalance 
    from
        Member m1_0 
    where
        m1_0.id=?
2026-05-28T20:09:09.241+09:00 TRACE 31519 --- [nio-8080-exec-6] org.hibernate.orm.jdbc.bind              : binding parameter (1:BIGINT) <- [5]
2026-05-28T20:09:09.241+09:00 DEBUG 31519 --- [nio-8080-exec-6] org.hibernate.SQL                        : 
    select
        m1_0.id,
        m1_0.managerId,
        m1_0.password,
        m1_0.role,
        m1_0.username,
        m1_0.virtualBalance 
    from
        Member m1_0 
    where
        m1_0.id=?
2026-05-28T20:09:09.241+09:00 TRACE 31519 --- [nio-8080-exec-6] org.hibernate.orm.jdbc.bind              : binding parameter (1:BIGINT) <- [4]
2026-05-28T20:09:09.242+09:00 DEBUG 31519 --- [nio-8080-exec-6] org.hibernate.SQL                        : 
    select
        ms1_0.id,
        ms1_0.member_id,
        ms1_0.statusType,
        ms1_0.updatedAt 
    from
        MemberStatus ms1_0 
    where
        ms1_0.member_id=?
2026-05-28T20:09:09.242+09:00 TRACE 31519 --- [nio-8080-exec-6] org.hibernate.orm.jdbc.bind              : binding parameter (1:BIGINT) <- [4]
2026-05-28T20:09:09.245+09:00 DEBUG 31519 --- [nio-8080-exec-5] org.hibernate.SQL                        : 
    select
        m1_0.id,
        m1_0.managerId,
        m1_0.password,
        m1_0.role,
        m1_0.username,
        m1_0.virtualBalance 
    from
        Member m1_0 
    where
        m1_0.id=?
2026-05-28T20:09:09.245+09:00 TRACE 31519 --- [nio-8080-exec-5] org.hibernate.orm.jdbc.bind              : binding parameter (1:BIGINT) <- [5]
2026-05-28T20:09:09.246+09:00 DEBUG 31519 --- [nio-8080-exec-5] org.hibernate.SQL                        : 
    select
        cr1_0.id,
        cr1_0.createdAt,
        cr1_0.member1_id,
        cr1_0.member2_id 
    from
        chat_room cr1_0 
    where
        cr1_0.id=?
2026-05-28T20:09:09.246+09:00 TRACE 31519 --- [nio-8080-exec-5] org.hibernate.orm.jdbc.bind              : binding parameter (1:BIGINT) <- [2]
2026-05-28T20:09:09.246+09:00 DEBUG 31519 --- [nio-8080-exec-8] org.hibernate.SQL                        : 
    select
        m1_0.id,
        m1_0.managerId,
        m1_0.password,
        m1_0.role,
        m1_0.username,
        m1_0.virtualBalance 
    from
        Member m1_0 
    where
        m1_0.id=?
2026-05-28T20:09:09.246+09:00 TRACE 31519 --- [nio-8080-exec-8] org.hibernate.orm.jdbc.bind              : binding parameter (1:BIGINT) <- [5]
2026-05-28T20:09:09.246+09:00 DEBUG 31519 --- [nio-8080-exec-8] org.hibernate.SQL                        : 
    select
        cr1_0.id,
        cr1_0.createdAt,
        cr1_0.member1_id,
        cr1_0.member2_id 
    from
        chat_room cr1_0 
    where
        cr1_0.id=?
2026-05-28T20:09:09.246+09:00 TRACE 31519 --- [nio-8080-exec-8] org.hibernate.orm.jdbc.bind              : binding parameter (1:BIGINT) <- [2]
2026-05-28T20:09:09.246+09:00 DEBUG 31519 --- [nio-8080-exec-8] org.hibernate.SQL                        : 
    update
        chat_message cm1_0 
    set
        read=true,
        readAt=localtimestamp 
    where
        cm1_0.chat_room_id=? 
        and cm1_0.sender_id<>? 
        and cm1_0.read=false
2026-05-28T20:09:09.246+09:00 DEBUG 31519 --- [nio-8080-exec-5] org.hibernate.SQL                        : 
    update
        chat_message cm1_0 
    set
        read=true,
        readAt=localtimestamp 
    where
        cm1_0.chat_room_id=? 
        and cm1_0.sender_id<>? 
        and cm1_0.read=false
2026-05-28T20:09:09.246+09:00 TRACE 31519 --- [nio-8080-exec-8] org.hibernate.orm.jdbc.bind              : binding parameter (1:BIGINT) <- [2]
2026-05-28T20:09:09.246+09:00 TRACE 31519 --- [nio-8080-exec-8] org.hibernate.orm.jdbc.bind              : binding parameter (2:BIGINT) <- [5]
2026-05-28T20:09:09.246+09:00 TRACE 31519 --- [nio-8080-exec-5] org.hibernate.orm.jdbc.bind              : binding parameter (1:BIGINT) <- [2]
2026-05-28T20:09:09.246+09:00 TRACE 31519 --- [nio-8080-exec-5] org.hibernate.orm.jdbc.bind              : binding parameter (2:BIGINT) <- [5]
2026-05-28T20:09:12.688+09:00 DEBUG 31519 --- [nio-8080-exec-4] org.hibernate.SQL                        : 
    select
        m1_0.id,
        m1_0.managerId,
        m1_0.password,
        m1_0.role,
        m1_0.username,
        m1_0.virtualBalance 
    from
        Member m1_0 
    where
        m1_0.id=?
2026-05-28T20:09:12.688+09:00 TRACE 31519 --- [nio-8080-exec-4] org.hibernate.orm.jdbc.bind              : binding parameter (1:BIGINT) <- [5]
2026-05-28T20:09:12.689+09:00 DEBUG 31519 --- [nio-8080-exec-4] org.hibernate.SQL                        : 
    select
        m1_0.id,
        m1_0.managerId,
        m1_0.password,
        m1_0.role,
        m1_0.username,
        m1_0.virtualBalance 
    from
        Member m1_0 
    where
        m1_0.id=?
2026-05-28T20:09:12.690+09:00 TRACE 31519 --- [nio-8080-exec-4] org.hibernate.orm.jdbc.bind              : binding parameter (1:BIGINT) <- [3]
2026-05-28T20:09:12.690+09:00 DEBUG 31519 --- [nio-8080-exec-4] org.hibernate.SQL                        : 
    select
        cr1_0.id,
        cr1_0.createdAt,
        cr1_0.member1_id,
        cr1_0.member2_id 
    from
        chat_room cr1_0 
    where
        cr1_0.member1_id=? 
        and cr1_0.member2_id=?
2026-05-28T20:09:12.690+09:00 TRACE 31519 --- [nio-8080-exec-4] org.hibernate.orm.jdbc.bind              : binding parameter (1:BIGINT) <- [3]
2026-05-28T20:09:12.690+09:00 TRACE 31519 --- [nio-8080-exec-4] org.hibernate.orm.jdbc.bind              : binding parameter (2:BIGINT) <- [5]
2026-05-28T20:09:12.691+09:00 DEBUG 31519 --- [nio-8080-exec-4] org.hibernate.SQL                        : 
    update
        chat_message cm1_0 
    set
        read=true,
        readAt=localtimestamp 
    where
        cm1_0.chat_room_id=? 
        and cm1_0.sender_id<>? 
        and cm1_0.read=false
2026-05-28T20:09:12.692+09:00 TRACE 31519 --- [nio-8080-exec-4] org.hibernate.orm.jdbc.bind              : binding parameter (1:BIGINT) <- [3]
2026-05-28T20:09:12.692+09:00 TRACE 31519 --- [nio-8080-exec-4] org.hibernate.orm.jdbc.bind              : binding parameter (2:BIGINT) <- [5]
2026-05-28T20:09:12.693+09:00 DEBUG 31519 --- [nio-8080-exec-4] org.hibernate.SQL                        : 
    select
        cm1_0.id,
        cm1_0.chat_room_id,
        cm1_0.content,
        cm1_0.createdAt,
        cm1_0.messageType,
        cm1_0.read,
        cm1_0.readAt,
        cm1_0.sender_id 
    from
        chat_message cm1_0 
    where
        cm1_0.chat_room_id=? 
    order by
        cm1_0.createdAt desc 
    fetch
        first ? rows only
2026-05-28T20:09:12.693+09:00 TRACE 31519 --- [nio-8080-exec-4] org.hibernate.orm.jdbc.bind              : binding parameter (1:BIGINT) <- [3]
2026-05-28T20:09:12.693+09:00 TRACE 31519 --- [nio-8080-exec-4] org.hibernate.orm.jdbc.bind              : binding parameter (2:INTEGER) <- [50]
2026-05-28T20:09:12.694+09:00 DEBUG 31519 --- [nio-8080-exec-4] org.hibernate.SQL                        : 
    select
        ms1_0.id,
        ms1_0.member_id,
        ms1_0.statusType,
        ms1_0.updatedAt 
    from
        MemberStatus ms1_0 
    where
        ms1_0.member_id=?
2026-05-28T20:09:12.694+09:00 TRACE 31519 --- [nio-8080-exec-4] org.hibernate.orm.jdbc.bind              : binding parameter (1:BIGINT) <- [3]
2026-05-28T20:09:12.706+09:00 DEBUG 31519 --- [nio-8080-exec-1] org.hibernate.SQL                        : 
    select
        m1_0.id,
        m1_0.managerId,
        m1_0.password,
        m1_0.role,
        m1_0.username,
        m1_0.virtualBalance 
    from
        Member m1_0 
    where
        m1_0.id=?
2026-05-28T20:09:12.706+09:00 TRACE 31519 --- [nio-8080-exec-1] org.hibernate.orm.jdbc.bind              : binding parameter (1:BIGINT) <- [5]
2026-05-28T20:09:12.707+09:00 DEBUG 31519 --- [nio-8080-exec-1] org.hibernate.SQL                        : 
    select
        m1_0.id,
        m1_0.managerId,
        m1_0.password,
        m1_0.role,
        m1_0.username,
        m1_0.virtualBalance 
    from
        Member m1_0 
    where
        m1_0.id=?
2026-05-28T20:09:12.707+09:00 TRACE 31519 --- [nio-8080-exec-1] org.hibernate.orm.jdbc.bind              : binding parameter (1:BIGINT) <- [3]
2026-05-28T20:09:12.708+09:00 DEBUG 31519 --- [nio-8080-exec-1] org.hibernate.SQL                        : 
    select
        ms1_0.id,
        ms1_0.member_id,
        ms1_0.statusType,
        ms1_0.updatedAt 
    from
        MemberStatus ms1_0 
    where
        ms1_0.member_id=?
2026-05-28T20:09:12.708+09:00 TRACE 31519 --- [nio-8080-exec-1] org.hibernate.orm.jdbc.bind              : binding parameter (1:BIGINT) <- [3]
2026-05-28T20:09:12.718+09:00 DEBUG 31519 --- [nio-8080-exec-3] org.hibernate.SQL                        : 
    select
        m1_0.id,
        m1_0.managerId,
        m1_0.password,
        m1_0.role,
        m1_0.username,
        m1_0.virtualBalance 
    from
        Member m1_0 
    where
        m1_0.id=?
2026-05-28T20:09:12.718+09:00 TRACE 31519 --- [nio-8080-exec-3] org.hibernate.orm.jdbc.bind              : binding parameter (1:BIGINT) <- [5]
2026-05-28T20:09:12.719+09:00 DEBUG 31519 --- [nio-8080-exec-3] org.hibernate.SQL                        : 
    select
        cr1_0.id,
        cr1_0.createdAt,
        cr1_0.member1_id,
        cr1_0.member2_id 
    from
        chat_room cr1_0 
    where
        cr1_0.id=?
2026-05-28T20:09:12.719+09:00 TRACE 31519 --- [nio-8080-exec-3] org.hibernate.orm.jdbc.bind              : binding parameter (1:BIGINT) <- [3]
2026-05-28T20:09:12.720+09:00 DEBUG 31519 --- [nio-8080-exec-3] org.hibernate.SQL                        : 
    update
        chat_message cm1_0 
    set
        read=true,
        readAt=localtimestamp 
    where
        cm1_0.chat_room_id=? 
        and cm1_0.sender_id<>? 
        and cm1_0.read=false
2026-05-28T20:09:12.720+09:00 TRACE 31519 --- [nio-8080-exec-3] org.hibernate.orm.jdbc.bind              : binding parameter (1:BIGINT) <- [3]
2026-05-28T20:09:12.720+09:00 TRACE 31519 --- [nio-8080-exec-3] org.hibernate.orm.jdbc.bind              : binding parameter (2:BIGINT) <- [5]
2026-05-28T20:09:15.714+09:00 DEBUG 31519 --- [nio-8080-exec-7] org.hibernate.SQL                        : 
    select
        m1_0.id,
        m1_0.managerId,
        m1_0.password,
        m1_0.role,
        m1_0.username,
        m1_0.virtualBalance 
    from
        Member m1_0 
    where
        m1_0.id=?
2026-05-28T20:09:15.714+09:00 TRACE 31519 --- [nio-8080-exec-7] org.hibernate.orm.jdbc.bind              : binding parameter (1:BIGINT) <- [5]
2026-05-28T20:09:15.716+09:00 DEBUG 31519 --- [nio-8080-exec-7] org.hibernate.SQL                        : 
    select
        cr1_0.id,
        cr1_0.createdAt,
        cr1_0.member1_id,
        cr1_0.member2_id 
    from
        chat_room cr1_0 
    where
        cr1_0.id=?
2026-05-28T20:09:15.717+09:00 TRACE 31519 --- [nio-8080-exec-7] org.hibernate.orm.jdbc.bind              : binding parameter (1:BIGINT) <- [3]
2026-05-28T20:09:15.717+09:00 DEBUG 31519 --- [nio-8080-exec-7] org.hibernate.SQL                        : 
    select
        m1_0.id,
        m1_0.managerId,
        m1_0.password,
        m1_0.role,
        m1_0.username,
        m1_0.virtualBalance 
    from
        Member m1_0 
    where
        m1_0.id=?
2026-05-28T20:09:15.717+09:00 TRACE 31519 --- [nio-8080-exec-7] org.hibernate.orm.jdbc.bind              : binding parameter (1:BIGINT) <- [5]
2026-05-28T20:09:15.718+09:00 DEBUG 31519 --- [nio-8080-exec-7] org.hibernate.SQL                        : 
    insert 
    into
        chat_message
        (chat_room_id, content, createdAt, messageType, read, readAt, sender_id, id) 
    values
        (?, ?, ?, ?, ?, ?, ?, default)
2026-05-28T20:09:15.718+09:00 TRACE 31519 --- [nio-8080-exec-7] org.hibernate.orm.jdbc.bind              : binding parameter (1:BIGINT) <- [3]
2026-05-28T20:09:15.718+09:00 TRACE 31519 --- [nio-8080-exec-7] org.hibernate.orm.jdbc.bind              : binding parameter (2:VARCHAR) <- [야이씨발]
2026-05-28T20:09:15.718+09:00 TRACE 31519 --- [nio-8080-exec-7] org.hibernate.orm.jdbc.bind              : binding parameter (3:TIMESTAMP) <- [2026-05-28T20:09:15.718256]
2026-05-28T20:09:15.718+09:00 TRACE 31519 --- [nio-8080-exec-7] org.hibernate.orm.jdbc.bind              : binding parameter (4:ENUM) <- [NORMAL]
2026-05-28T20:09:15.718+09:00 TRACE 31519 --- [nio-8080-exec-7] org.hibernate.orm.jdbc.bind              : binding parameter (5:BOOLEAN) <- [false]
2026-05-28T20:09:15.718+09:00 TRACE 31519 --- [nio-8080-exec-7] org.hibernate.orm.jdbc.bind              : binding parameter (6:TIMESTAMP) <- [null]
2026-05-28T20:09:15.718+09:00 TRACE 31519 --- [nio-8080-exec-7] org.hibernate.orm.jdbc.bind              : binding parameter (7:BIGINT) <- [5]
2026-05-28T20:09:15.719+09:00 DEBUG 31519 --- [nio-8080-exec-7] org.hibernate.SQL                        : 
    select
        m1_0.id,
        m1_0.managerId,
        m1_0.password,
        m1_0.role,
        m1_0.username,
        m1_0.virtualBalance 
    from
        Member m1_0 
    where
        m1_0.id=?
2026-05-28T20:09:15.719+09:00 TRACE 31519 --- [nio-8080-exec-7] org.hibernate.orm.jdbc.bind              : binding parameter (1:BIGINT) <- [3]
2026-05-28T20:09:15.721+09:00 DEBUG 31519 --- [nio-8080-exec-7] org.hibernate.SQL                        : 
    select
        ms1_0.id,
        ms1_0.member_id,
        ms1_0.statusType,
        ms1_0.updatedAt 
    from
        MemberStatus ms1_0 
    where
        ms1_0.member_id=?
2026-05-28T20:09:15.721+09:00 TRACE 31519 --- [nio-8080-exec-7] org.hibernate.orm.jdbc.bind              : binding parameter (1:BIGINT) <- [3]
2026-05-28T20:09:15.721+09:00  INFO 31519 --- [nio-8080-exec-7] com.worksight.api.service.ChatService    : Chat message sent: roomId=3, senderId=5, type=NORMAL, receiverStatus=WORKING
2026-05-28T20:09:15.722+09:00  INFO 31519 --- [nio-8080-exec-7] com.worksight.api.service.ChatService    : Chat pushed: event=CHAT_MESSAGE_RECEIVED, receiverId=3, receiverStatus=WORKING
2026-05-28T20:09:21.299+09:00 DEBUG 31519 --- [nio-8080-exec-2] org.hibernate.SQL                        : 
    select
        m1_0.id,
        m1_0.managerId,
        m1_0.password,
        m1_0.role,
        m1_0.username,
        m1_0.virtualBalance 
    from
        Member m1_0 
    where
        m1_0.id=?
2026-05-28T20:09:21.299+09:00 TRACE 31519 --- [nio-8080-exec-2] org.hibernate.orm.jdbc.bind              : binding parameter (1:BIGINT) <- [5]
2026-05-28T20:09:21.300+09:00 DEBUG 31519 --- [nio-8080-exec-2] org.hibernate.SQL                        : 
    select
        m1_0.id,
        m1_0.managerId,
        m1_0.password,
        m1_0.role,
        m1_0.username,
        m1_0.virtualBalance 
    from
        Member m1_0 
    where
        m1_0.id=?
2026-05-28T20:09:21.300+09:00 TRACE 31519 --- [nio-8080-exec-2] org.hibernate.orm.jdbc.bind              : binding parameter (1:BIGINT) <- [4]
2026-05-28T20:09:21.300+09:00 DEBUG 31519 --- [nio-8080-exec-2] org.hibernate.SQL                        : 
    select
        cr1_0.id,
        cr1_0.createdAt,
        cr1_0.member1_id,
        cr1_0.member2_id 
    from
        chat_room cr1_0 
    where
        cr1_0.member1_id=? 
        and cr1_0.member2_id=?
2026-05-28T20:09:21.300+09:00 TRACE 31519 --- [nio-8080-exec-2] org.hibernate.orm.jdbc.bind              : binding parameter (1:BIGINT) <- [4]
2026-05-28T20:09:21.300+09:00 TRACE 31519 --- [nio-8080-exec-2] org.hibernate.orm.jdbc.bind              : binding parameter (2:BIGINT) <- [5]
2026-05-28T20:09:21.301+09:00 DEBUG 31519 --- [nio-8080-exec-2] org.hibernate.SQL                        : 
    update
        chat_message cm1_0 
    set
        read=true,
        readAt=localtimestamp 
    where
        cm1_0.chat_room_id=? 
        and cm1_0.sender_id<>? 
        and cm1_0.read=false
2026-05-28T20:09:21.301+09:00 TRACE 31519 --- [nio-8080-exec-2] org.hibernate.orm.jdbc.bind              : binding parameter (1:BIGINT) <- [2]
2026-05-28T20:09:21.301+09:00 TRACE 31519 --- [nio-8080-exec-2] org.hibernate.orm.jdbc.bind              : binding parameter (2:BIGINT) <- [5]
2026-05-28T20:09:21.303+09:00 DEBUG 31519 --- [nio-8080-exec-2] org.hibernate.SQL                        : 
    select
        cm1_0.id,
        cm1_0.chat_room_id,
        cm1_0.content,
        cm1_0.createdAt,
        cm1_0.messageType,
        cm1_0.read,
        cm1_0.readAt,
        cm1_0.sender_id 
    from
        chat_message cm1_0 
    where
        cm1_0.chat_room_id=? 
    order by
        cm1_0.createdAt desc 
    fetch
        first ? rows only
2026-05-28T20:09:21.303+09:00 TRACE 31519 --- [nio-8080-exec-2] org.hibernate.orm.jdbc.bind              : binding parameter (1:BIGINT) <- [2]
2026-05-28T20:09:21.303+09:00 TRACE 31519 --- [nio-8080-exec-2] org.hibernate.orm.jdbc.bind              : binding parameter (2:INTEGER) <- [50]
2026-05-28T20:09:21.304+09:00 DEBUG 31519 --- [nio-8080-exec-2] org.hibernate.SQL                        : 
    select
        m1_0.id,
        m1_0.managerId,
        m1_0.password,
        m1_0.role,
        m1_0.username,
        m1_0.virtualBalance 
    from
        Member m1_0 
    where
        m1_0.id=?
2026-05-28T20:09:21.304+09:00 TRACE 31519 --- [nio-8080-exec-2] org.hibernate.orm.jdbc.bind              : binding parameter (1:BIGINT) <- [5]
2026-05-28T20:09:21.304+09:00 DEBUG 31519 --- [nio-8080-exec-2] org.hibernate.SQL                        : 
    select
        ms1_0.id,
        ms1_0.member_id,
        ms1_0.statusType,
        ms1_0.updatedAt 
    from
        MemberStatus ms1_0 
    where
        ms1_0.member_id=?
2026-05-28T20:09:21.304+09:00 TRACE 31519 --- [nio-8080-exec-2] org.hibernate.orm.jdbc.bind              : binding parameter (1:BIGINT) <- [4]
2026-05-28T20:09:21.315+09:00 DEBUG 31519 --- [io-8080-exec-10] org.hibernate.SQL                        : 
    select
        m1_0.id,
        m1_0.managerId,
        m1_0.password,
        m1_0.role,
        m1_0.username,
        m1_0.virtualBalance 
    from
        Member m1_0 
    where
        m1_0.id=?
2026-05-28T20:09:21.315+09:00 TRACE 31519 --- [io-8080-exec-10] org.hibernate.orm.jdbc.bind              : binding parameter (1:BIGINT) <- [5]
2026-05-28T20:09:21.316+09:00 DEBUG 31519 --- [io-8080-exec-10] org.hibernate.SQL                        : 
    select
        m1_0.id,
        m1_0.managerId,
        m1_0.password,
        m1_0.role,
        m1_0.username,
        m1_0.virtualBalance 
    from
        Member m1_0 
    where
        m1_0.id=?
2026-05-28T20:09:21.316+09:00 TRACE 31519 --- [io-8080-exec-10] org.hibernate.orm.jdbc.bind              : binding parameter (1:BIGINT) <- [4]
2026-05-28T20:09:21.317+09:00 DEBUG 31519 --- [io-8080-exec-10] org.hibernate.SQL                        : 
    select
        ms1_0.id,
        ms1_0.member_id,
        ms1_0.statusType,
        ms1_0.updatedAt 
    from
        MemberStatus ms1_0 
    where
        ms1_0.member_id=?
2026-05-28T20:09:21.317+09:00 TRACE 31519 --- [io-8080-exec-10] org.hibernate.orm.jdbc.bind              : binding parameter (1:BIGINT) <- [4]
2026-05-28T20:09:21.324+09:00 DEBUG 31519 --- [nio-8080-exec-9] org.hibernate.SQL                        : 
    select
        m1_0.id,
        m1_0.managerId,
        m1_0.password,
        m1_0.role,
        m1_0.username,
        m1_0.virtualBalance 
    from
        Member m1_0 
    where
        m1_0.id=?
2026-05-28T20:09:21.324+09:00 TRACE 31519 --- [nio-8080-exec-9] org.hibernate.orm.jdbc.bind              : binding parameter (1:BIGINT) <- [5]
2026-05-28T20:09:21.324+09:00 DEBUG 31519 --- [nio-8080-exec-9] org.hibernate.SQL                        : 
    select
        cr1_0.id,
        cr1_0.createdAt,
        cr1_0.member1_id,
        cr1_0.member2_id 
    from
        chat_room cr1_0 
    where
        cr1_0.id=?
2026-05-28T20:09:21.324+09:00 TRACE 31519 --- [nio-8080-exec-9] org.hibernate.orm.jdbc.bind              : binding parameter (1:BIGINT) <- [2]
2026-05-28T20:09:21.325+09:00 DEBUG 31519 --- [nio-8080-exec-9] org.hibernate.SQL                        : 
    update
        chat_message cm1_0 
    set
        read=true,
        readAt=localtimestamp 
    where
        cm1_0.chat_room_id=? 
        and cm1_0.sender_id<>? 
        and cm1_0.read=false
2026-05-28T20:09:21.325+09:00 TRACE 31519 --- [nio-8080-exec-9] org.hibernate.orm.jdbc.bind              : binding parameter (1:BIGINT) <- [2]
2026-05-28T20:09:21.325+09:00 TRACE 31519 --- [nio-8080-exec-9] org.hibernate.orm.jdbc.bind              : binding parameter (2:BIGINT) <- [5]
2026-05-28T20:09:22.104+09:00 DEBUG 31519 --- [nio-8080-exec-6] org.hibernate.SQL                        : 
    select
        m1_0.id,
        m1_0.managerId,
        m1_0.password,
        m1_0.role,
        m1_0.username,
        m1_0.virtualBalance 
    from
        Member m1_0 
    where
        m1_0.id=?
2026-05-28T20:09:22.104+09:00 TRACE 31519 --- [nio-8080-exec-6] org.hibernate.orm.jdbc.bind              : binding parameter (1:BIGINT) <- [5]
2026-05-28T20:09:22.105+09:00 DEBUG 31519 --- [nio-8080-exec-6] org.hibernate.SQL                        : 
    select
        m1_0.id,
        m1_0.managerId,
        m1_0.password,
        m1_0.role,
        m1_0.username,
        m1_0.virtualBalance 
    from
        Member m1_0 
    where
        m1_0.id=?
2026-05-28T20:09:22.105+09:00 TRACE 31519 --- [nio-8080-exec-6] org.hibernate.orm.jdbc.bind              : binding parameter (1:BIGINT) <- [3]
2026-05-28T20:09:22.105+09:00 DEBUG 31519 --- [nio-8080-exec-6] org.hibernate.SQL                        : 
    select
        cr1_0.id,
        cr1_0.createdAt,
        cr1_0.member1_id,
        cr1_0.member2_id 
    from
        chat_room cr1_0 
    where
        cr1_0.member1_id=? 
        and cr1_0.member2_id=?
2026-05-28T20:09:22.106+09:00 TRACE 31519 --- [nio-8080-exec-6] org.hibernate.orm.jdbc.bind              : binding parameter (1:BIGINT) <- [3]
2026-05-28T20:09:22.106+09:00 TRACE 31519 --- [nio-8080-exec-6] org.hibernate.orm.jdbc.bind              : binding parameter (2:BIGINT) <- [5]
2026-05-28T20:09:22.107+09:00 DEBUG 31519 --- [nio-8080-exec-6] org.hibernate.SQL                        : 
    update
        chat_message cm1_0 
    set
        read=true,
        readAt=localtimestamp 
    where
        cm1_0.chat_room_id=? 
        and cm1_0.sender_id<>? 
        and cm1_0.read=false
2026-05-28T20:09:22.107+09:00 TRACE 31519 --- [nio-8080-exec-6] org.hibernate.orm.jdbc.bind              : binding parameter (1:BIGINT) <- [3]
2026-05-28T20:09:22.107+09:00 TRACE 31519 --- [nio-8080-exec-6] org.hibernate.orm.jdbc.bind              : binding parameter (2:BIGINT) <- [5]
2026-05-28T20:09:22.108+09:00 DEBUG 31519 --- [nio-8080-exec-6] org.hibernate.SQL                        : 
    select
        cm1_0.id,
        cm1_0.chat_room_id,
        cm1_0.content,
        cm1_0.createdAt,
        cm1_0.messageType,
        cm1_0.read,
        cm1_0.readAt,
        cm1_0.sender_id 
    from
        chat_message cm1_0 
    where
        cm1_0.chat_room_id=? 
    order by
        cm1_0.createdAt desc 
    fetch
        first ? rows only
2026-05-28T20:09:22.108+09:00 TRACE 31519 --- [nio-8080-exec-6] org.hibernate.orm.jdbc.bind              : binding parameter (1:BIGINT) <- [3]
2026-05-28T20:09:22.108+09:00 TRACE 31519 --- [nio-8080-exec-6] org.hibernate.orm.jdbc.bind              : binding parameter (2:INTEGER) <- [50]
2026-05-28T20:09:22.109+09:00 DEBUG 31519 --- [nio-8080-exec-6] org.hibernate.SQL                        : 
    select
        m1_0.id,
        m1_0.managerId,
        m1_0.password,
        m1_0.role,
        m1_0.username,
        m1_0.virtualBalance 
    from
        Member m1_0 
    where
        m1_0.id=?
2026-05-28T20:09:22.109+09:00 TRACE 31519 --- [nio-8080-exec-6] org.hibernate.orm.jdbc.bind              : binding parameter (1:BIGINT) <- [5]
2026-05-28T20:09:22.110+09:00 DEBUG 31519 --- [nio-8080-exec-6] org.hibernate.SQL                        : 
    select
        ms1_0.id,
        ms1_0.member_id,
        ms1_0.statusType,
        ms1_0.updatedAt 
    from
        MemberStatus ms1_0 
    where
        ms1_0.member_id=?
2026-05-28T20:09:22.110+09:00 TRACE 31519 --- [nio-8080-exec-6] org.hibernate.orm.jdbc.bind              : binding parameter (1:BIGINT) <- [3]
2026-05-28T20:09:22.120+09:00 DEBUG 31519 --- [nio-8080-exec-8] org.hibernate.SQL                        : 
    select
        m1_0.id,
        m1_0.managerId,
        m1_0.password,
        m1_0.role,
        m1_0.username,
        m1_0.virtualBalance 
    from
        Member m1_0 
    where
        m1_0.id=?
2026-05-28T20:09:22.120+09:00 TRACE 31519 --- [nio-8080-exec-8] org.hibernate.orm.jdbc.bind              : binding parameter (1:BIGINT) <- [5]
2026-05-28T20:09:22.121+09:00 DEBUG 31519 --- [nio-8080-exec-8] org.hibernate.SQL                        : 
    select
        m1_0.id,
        m1_0.managerId,
        m1_0.password,
        m1_0.role,
        m1_0.username,
        m1_0.virtualBalance 
    from
        Member m1_0 
    where
        m1_0.id=?
2026-05-28T20:09:22.121+09:00 TRACE 31519 --- [nio-8080-exec-8] org.hibernate.orm.jdbc.bind              : binding parameter (1:BIGINT) <- [3]
2026-05-28T20:09:22.122+09:00 DEBUG 31519 --- [nio-8080-exec-8] org.hibernate.SQL                        : 
    select
        ms1_0.id,
        ms1_0.member_id,
        ms1_0.statusType,
        ms1_0.updatedAt 
    from
        MemberStatus ms1_0 
    where
        ms1_0.member_id=?
2026-05-28T20:09:22.122+09:00 TRACE 31519 --- [nio-8080-exec-8] org.hibernate.orm.jdbc.bind              : binding parameter (1:BIGINT) <- [3]
2026-05-28T20:09:22.132+09:00 DEBUG 31519 --- [nio-8080-exec-5] org.hibernate.SQL                        : 
    select
        m1_0.id,
        m1_0.managerId,
        m1_0.password,
        m1_0.role,
        m1_0.username,
        m1_0.virtualBalance 
    from
        Member m1_0 
    where
        m1_0.id=?
2026-05-28T20:09:22.132+09:00 TRACE 31519 --- [nio-8080-exec-5] org.hibernate.orm.jdbc.bind              : binding parameter (1:BIGINT) <- [5]
2026-05-28T20:09:22.133+09:00 DEBUG 31519 --- [nio-8080-exec-5] org.hibernate.SQL                        : 
    select
        cr1_0.id,
        cr1_0.createdAt,
        cr1_0.member1_id,
        cr1_0.member2_id 
    from
        chat_room cr1_0 
    where
        cr1_0.id=?
2026-05-28T20:09:22.133+09:00 TRACE 31519 --- [nio-8080-exec-5] org.hibernate.orm.jdbc.bind              : binding parameter (1:BIGINT) <- [3]
2026-05-28T20:09:22.134+09:00 DEBUG 31519 --- [nio-8080-exec-5] org.hibernate.SQL                        : 
    update
        chat_message cm1_0 
    set
        read=true,
        readAt=localtimestamp 
    where
        cm1_0.chat_room_id=? 
        and cm1_0.sender_id<>? 
        and cm1_0.read=false
2026-05-28T20:09:22.134+09:00 TRACE 31519 --- [nio-8080-exec-5] org.hibernate.orm.jdbc.bind              : binding parameter (1:BIGINT) <- [3]
2026-05-28T20:09:22.134+09:00 TRACE 31519 --- [nio-8080-exec-5] org.hibernate.orm.jdbc.bind              : binding parameter (2:BIGINT) <- [5]
2026-05-28T20:09:27.424+09:00 DEBUG 31519 --- [nio-8080-exec-3] org.hibernate.SQL                        : 
    select
        m1_0.id,
        m1_0.managerId,
        m1_0.password,
        m1_0.role,
        m1_0.username,
        m1_0.virtualBalance 
    from
        Member m1_0 
    where
        m1_0.id=?
2026-05-28T20:09:27.424+09:00 TRACE 31519 --- [nio-8080-exec-3] org.hibernate.orm.jdbc.bind              : binding parameter (1:BIGINT) <- [5]
2026-05-28T20:09:27.425+09:00 DEBUG 31519 --- [nio-8080-exec-3] org.hibernate.SQL                        : 
    select
        m1_0.id,
        m1_0.managerId,
        m1_0.password,
        m1_0.role,
        m1_0.username,
        m1_0.virtualBalance 
    from
        Member m1_0 
    where
        m1_0.id=?
2026-05-28T20:09:27.425+09:00 DEBUG 31519 --- [nio-8080-exec-7] org.hibernate.SQL                        : 
    select
        m1_0.id,
        m1_0.managerId,
        m1_0.password,
        m1_0.role,
        m1_0.username,
        m1_0.virtualBalance 
    from
        Member m1_0 
    where
        m1_0.id=?
2026-05-28T20:09:27.425+09:00 TRACE 31519 --- [nio-8080-exec-3] org.hibernate.orm.jdbc.bind              : binding parameter (1:BIGINT) <- [4]
2026-05-28T20:09:27.425+09:00 TRACE 31519 --- [nio-8080-exec-7] org.hibernate.orm.jdbc.bind              : binding parameter (1:BIGINT) <- [5]
2026-05-28T20:09:27.425+09:00 DEBUG 31519 --- [nio-8080-exec-7] org.hibernate.SQL                        : 
    select
        mr1_0.id,
        mr1_0.active,
        mr1_0.createdAt,
        mr1_0.endedAt,
        mr1_0.host_id,
        mr1_0.title 
    from
        MeetingRoom mr1_0 
    join
        Member h1_0 
            on h1_0.id=mr1_0.host_id 
    where
        mr1_0.active=true 
        and (
            h1_0.managerId=? 
            or mr1_0.host_id=?
        ) 
    order by
        mr1_0.createdAt desc
2026-05-28T20:09:27.426+09:00 TRACE 31519 --- [nio-8080-exec-7] org.hibernate.orm.jdbc.bind              : binding parameter (1:BIGINT) <- [4]
2026-05-28T20:09:27.426+09:00 TRACE 31519 --- [nio-8080-exec-7] org.hibernate.orm.jdbc.bind              : binding parameter (2:BIGINT) <- [4]
2026-05-28T20:09:27.426+09:00 DEBUG 31519 --- [nio-8080-exec-2] org.hibernate.SQL                        : 
    select
        m1_0.id,
        m1_0.managerId,
        m1_0.password,
        m1_0.role,
        m1_0.username,
        m1_0.virtualBalance 
    from
        Member m1_0 
    where
        m1_0.id=?
2026-05-28T20:09:27.426+09:00 TRACE 31519 --- [nio-8080-exec-2] org.hibernate.orm.jdbc.bind              : binding parameter (1:BIGINT) <- [5]
2026-05-28T20:09:27.427+09:00 DEBUG 31519 --- [nio-8080-exec-2] org.hibernate.SQL                        : 
    select
        m1_0.id,
        m1_0.managerId,
        m1_0.password,
        m1_0.role,
        m1_0.username,
        m1_0.virtualBalance 
    from
        Member m1_0 
    where
        m1_0.id=?
2026-05-28T20:09:27.427+09:00 TRACE 31519 --- [nio-8080-exec-2] org.hibernate.orm.jdbc.bind              : binding parameter (1:BIGINT) <- [4]
2026-05-28T20:09:27.430+09:00 DEBUG 31519 --- [nio-8080-exec-9] org.hibernate.SQL                        : 
    select
        m1_0.id,
        m1_0.managerId,
        m1_0.password,
        m1_0.role,
        m1_0.username,
        m1_0.virtualBalance 
    from
        Member m1_0 
    where
        m1_0.id=?
2026-05-28T20:09:27.430+09:00 TRACE 31519 --- [nio-8080-exec-9] org.hibernate.orm.jdbc.bind              : binding parameter (1:BIGINT) <- [5]
2026-05-28T20:09:27.430+09:00 DEBUG 31519 --- [nio-8080-exec-9] org.hibernate.SQL                        : 
    select
        m1_0.id,
        m1_0.managerId,
        m1_0.password,
        m1_0.role,
        m1_0.username,
        m1_0.virtualBalance 
    from
        Member m1_0 
    where
        m1_0.id=?
2026-05-28T20:09:27.430+09:00 TRACE 31519 --- [nio-8080-exec-9] org.hibernate.orm.jdbc.bind              : binding parameter (1:BIGINT) <- [5]
2026-05-28T20:09:27.431+09:00 DEBUG 31519 --- [nio-8080-exec-9] org.hibernate.SQL                        : 
    select
        ds1_0.id,
        ds1_0.createdAt,
        ds1_0.goal,
        ds1_0.member_id,
        ds1_0.result,
        ds1_0.standupDate,
        ds1_0.updatedAt 
    from
        DailyStandup ds1_0 
    where
        ds1_0.member_id=? 
        and ds1_0.standupDate=?
2026-05-28T20:09:27.431+09:00 TRACE 31519 --- [nio-8080-exec-9] org.hibernate.orm.jdbc.bind              : binding parameter (1:BIGINT) <- [5]
2026-05-28T20:09:27.431+09:00 TRACE 31519 --- [nio-8080-exec-9] org.hibernate.orm.jdbc.bind              : binding parameter (2:DATE) <- [2026-05-28]
2026-05-28T20:09:27.432+09:00 DEBUG 31519 --- [nio-8080-exec-6] org.hibernate.SQL                        : 
    select
        m1_0.id,
        m1_0.managerId,
        m1_0.password,
        m1_0.role,
        m1_0.username,
        m1_0.virtualBalance 
    from
        Member m1_0 
    where
        m1_0.id=?
2026-05-28T20:09:27.432+09:00 TRACE 31519 --- [nio-8080-exec-6] org.hibernate.orm.jdbc.bind              : binding parameter (1:BIGINT) <- [5]
2026-05-28T20:09:27.432+09:00 DEBUG 31519 --- [nio-8080-exec-6] org.hibernate.SQL                        : 
    select
        m1_0.id,
        m1_0.managerId,
        m1_0.password,
        m1_0.role,
        m1_0.username,
        m1_0.virtualBalance 
    from
        Member m1_0 
    where
        m1_0.id=?
2026-05-28T20:09:27.432+09:00 TRACE 31519 --- [nio-8080-exec-6] org.hibernate.orm.jdbc.bind              : binding parameter (1:BIGINT) <- [5]
2026-05-28T20:09:27.432+09:00 DEBUG 31519 --- [nio-8080-exec-8] org.hibernate.SQL                        : 
    select
        m1_0.id,
        m1_0.managerId,
        m1_0.password,
        m1_0.role,
        m1_0.username,
        m1_0.virtualBalance 
    from
        Member m1_0 
    where
        m1_0.id=?
2026-05-28T20:09:27.432+09:00 TRACE 31519 --- [nio-8080-exec-8] org.hibernate.orm.jdbc.bind              : binding parameter (1:BIGINT) <- [5]
2026-05-28T20:09:27.433+09:00 DEBUG 31519 --- [nio-8080-exec-8] org.hibernate.SQL                        : 
    select
        m1_0.id,
        m1_0.managerId,
        m1_0.password,
        m1_0.role,
        m1_0.username,
        m1_0.virtualBalance 
    from
        Member m1_0 
    where
        m1_0.id=?
2026-05-28T20:09:27.433+09:00 TRACE 31519 --- [nio-8080-exec-8] org.hibernate.orm.jdbc.bind              : binding parameter (1:BIGINT) <- [4]
2026-05-28T20:09:27.433+09:00 DEBUG 31519 --- [nio-8080-exec-6] org.hibernate.SQL                        : 
    select
        n1_0.id,
        n1_0.createdAt,
        n1_0.message,
        n1_0.notificationType,
        n1_0.read,
        n1_0.readAt,
        n1_0.receiver_id,
        n1_0.sender_id 
    from
        Notification n1_0 
    where
        n1_0.receiver_id=? 
        and not(n1_0.read) 
    order by
        n1_0.createdAt desc
2026-05-28T20:09:27.433+09:00 TRACE 31519 --- [nio-8080-exec-6] org.hibernate.orm.jdbc.bind              : binding parameter (1:BIGINT) <- [5]
2026-05-28T20:09:27.434+09:00 DEBUG 31519 --- [nio-8080-exec-5] org.hibernate.SQL                        : 
    select
        m1_0.id,
        m1_0.managerId,
        m1_0.password,
        m1_0.role,
        m1_0.username,
        m1_0.virtualBalance 
    from
        Member m1_0 
    where
        m1_0.id=?
2026-05-28T20:09:27.434+09:00 TRACE 31519 --- [nio-8080-exec-5] org.hibernate.orm.jdbc.bind              : binding parameter (1:BIGINT) <- [5]
2026-05-28T20:09:27.435+09:00 DEBUG 31519 --- [nio-8080-exec-5] org.hibernate.SQL                        : 
    select
        mr1_0.id,
        mr1_0.active,
        mr1_0.createdAt,
        mr1_0.endedAt,
        mr1_0.host_id,
        mr1_0.title 
    from
        MeetingRoom mr1_0 
    join
        Member h1_0 
            on h1_0.id=mr1_0.host_id 
    where
        mr1_0.active=true 
        and (
            h1_0.managerId=? 
            or mr1_0.host_id=?
        ) 
    order by
        mr1_0.createdAt desc
2026-05-28T20:09:27.435+09:00 TRACE 31519 --- [nio-8080-exec-5] org.hibernate.orm.jdbc.bind              : binding parameter (1:BIGINT) <- [4]
2026-05-28T20:09:27.435+09:00 TRACE 31519 --- [nio-8080-exec-5] org.hibernate.orm.jdbc.bind              : binding parameter (2:BIGINT) <- [4]
2026-05-28T20:09:27.435+09:00 DEBUG 31519 --- [nio-8080-exec-4] org.hibernate.SQL                        : 
    select
        m1_0.id,
        m1_0.managerId,
        m1_0.password,
        m1_0.role,
        m1_0.username,
        m1_0.virtualBalance 
    from
        Member m1_0 
    where
        m1_0.id=?
2026-05-28T20:09:27.435+09:00 TRACE 31519 --- [nio-8080-exec-4] org.hibernate.orm.jdbc.bind              : binding parameter (1:BIGINT) <- [5]
2026-05-28T20:09:27.436+09:00 DEBUG 31519 --- [nio-8080-exec-4] org.hibernate.SQL                        : 
    select
        m1_0.id,
        m1_0.managerId,
        m1_0.password,
        m1_0.role,
        m1_0.username,
        m1_0.virtualBalance 
    from
        Member m1_0 
    where
        m1_0.id=?
2026-05-28T20:09:27.436+09:00 TRACE 31519 --- [nio-8080-exec-4] org.hibernate.orm.jdbc.bind              : binding parameter (1:BIGINT) <- [4]
2026-05-28T20:09:27.436+09:00 DEBUG 31519 --- [nio-8080-exec-1] org.hibernate.SQL                        : 
    select
        m1_0.id,
        m1_0.managerId,
        m1_0.password,
        m1_0.role,
        m1_0.username,
        m1_0.virtualBalance 
    from
        Member m1_0 
    where
        m1_0.id=?
2026-05-28T20:09:27.437+09:00 TRACE 31519 --- [nio-8080-exec-1] org.hibernate.orm.jdbc.bind              : binding parameter (1:BIGINT) <- [5]
2026-05-28T20:09:27.437+09:00 DEBUG 31519 --- [nio-8080-exec-1] org.hibernate.SQL                        : 
    select
        m1_0.id,
        m1_0.managerId,
        m1_0.password,
        m1_0.role,
        m1_0.username,
        m1_0.virtualBalance 
    from
        Member m1_0 
    where
        m1_0.id=?
2026-05-28T20:09:27.437+09:00 TRACE 31519 --- [nio-8080-exec-1] org.hibernate.orm.jdbc.bind              : binding parameter (1:BIGINT) <- [5]
2026-05-28T20:09:27.437+09:00 DEBUG 31519 --- [nio-8080-exec-3] org.hibernate.SQL                        : 
    select
        m1_0.id,
        m1_0.managerId,
        m1_0.password,
        m1_0.role,
        m1_0.username,
        m1_0.virtualBalance 
    from
        Member m1_0 
    where
        m1_0.id=?
2026-05-28T20:09:27.437+09:00 DEBUG 31519 --- [nio-8080-exec-1] org.hibernate.SQL                        : 
    select
        ds1_0.id,
        ds1_0.createdAt,
        ds1_0.goal,
        ds1_0.member_id,
        ds1_0.result,
        ds1_0.standupDate,
        ds1_0.updatedAt 
    from
        DailyStandup ds1_0 
    where
        ds1_0.member_id=? 
        and ds1_0.standupDate=?
2026-05-28T20:09:27.437+09:00 TRACE 31519 --- [nio-8080-exec-3] org.hibernate.orm.jdbc.bind              : binding parameter (1:BIGINT) <- [5]
2026-05-28T20:09:27.437+09:00 TRACE 31519 --- [nio-8080-exec-1] org.hibernate.orm.jdbc.bind              : binding parameter (1:BIGINT) <- [5]
2026-05-28T20:09:27.437+09:00 TRACE 31519 --- [nio-8080-exec-1] org.hibernate.orm.jdbc.bind              : binding parameter (2:DATE) <- [2026-05-28]
2026-05-28T20:09:27.438+09:00 DEBUG 31519 --- [nio-8080-exec-3] org.hibernate.SQL                        : 
    select
        m1_0.id,
        m1_0.managerId,
        m1_0.password,
        m1_0.role,
        m1_0.username,
        m1_0.virtualBalance 
    from
        Member m1_0 
    where
        m1_0.id=?
2026-05-28T20:09:27.438+09:00 TRACE 31519 --- [nio-8080-exec-3] org.hibernate.orm.jdbc.bind              : binding parameter (1:BIGINT) <- [5]
2026-05-28T20:09:27.438+09:00 DEBUG 31519 --- [nio-8080-exec-3] org.hibernate.SQL                        : 
    select
        n1_0.id,
        n1_0.createdAt,
        n1_0.message,
        n1_0.notificationType,
        n1_0.read,
        n1_0.readAt,
        n1_0.receiver_id,
        n1_0.sender_id 
    from
        Notification n1_0 
    where
        n1_0.receiver_id=? 
        and not(n1_0.read) 
    order by
        n1_0.createdAt desc
2026-05-28T20:09:27.438+09:00 TRACE 31519 --- [nio-8080-exec-3] org.hibernate.orm.jdbc.bind              : binding parameter (1:BIGINT) <- [5]
2026-05-28T20:09:27.442+09:00 DEBUG 31519 --- [nio-8080-exec-2] org.hibernate.SQL                        : 
    select
        m1_0.id,
        m1_0.managerId,
        m1_0.password,
        m1_0.role,
        m1_0.username,
        m1_0.virtualBalance 
    from
        Member m1_0 
    where
        m1_0.id=?
2026-05-28T20:09:27.442+09:00 TRACE 31519 --- [nio-8080-exec-2] org.hibernate.orm.jdbc.bind              : binding parameter (1:BIGINT) <- [5]
2026-05-28T20:09:27.443+09:00 DEBUG 31519 --- [nio-8080-exec-2] org.hibernate.SQL                        : 
    select
        m1_0.id,
        m1_0.managerId,
        m1_0.password,
        m1_0.role,
        m1_0.username,
        m1_0.virtualBalance 
    from
        Member m1_0 
    where
        m1_0.managerId=?
2026-05-28T20:09:27.443+09:00 TRACE 31519 --- [nio-8080-exec-2] org.hibernate.orm.jdbc.bind              : binding parameter (1:BIGINT) <- [4]
2026-05-28T20:09:27.448+09:00 DEBUG 31519 --- [nio-8080-exec-7] org.hibernate.SQL                        : 
    select
        m1_0.id,
        m1_0.managerId,
        m1_0.password,
        m1_0.role,
        m1_0.username,
        m1_0.virtualBalance 
    from
        Member m1_0 
    where
        m1_0.id=?
2026-05-28T20:09:27.448+09:00 TRACE 31519 --- [nio-8080-exec-7] org.hibernate.orm.jdbc.bind              : binding parameter (1:BIGINT) <- [5]
2026-05-28T20:09:27.450+09:00 DEBUG 31519 --- [nio-8080-exec-7] org.hibernate.SQL                        : 
    select
        m1_0.id,
        m1_0.managerId,
        m1_0.password,
        m1_0.role,
        m1_0.username,
        m1_0.virtualBalance 
    from
        Member m1_0 
    where
        m1_0.managerId=?
2026-05-28T20:09:27.450+09:00 TRACE 31519 --- [nio-8080-exec-7] org.hibernate.orm.jdbc.bind              : binding parameter (1:BIGINT) <- [4]
2026-05-28T20:09:27.453+09:00 DEBUG 31519 --- [io-8080-exec-10] org.hibernate.SQL                        : 
    select
        m1_0.id,
        m1_0.managerId,
        m1_0.password,
        m1_0.role,
        m1_0.username,
        m1_0.virtualBalance 
    from
        Member m1_0 
    where
        m1_0.id=?
2026-05-28T20:09:27.453+09:00 TRACE 31519 --- [io-8080-exec-10] org.hibernate.orm.jdbc.bind              : binding parameter (1:BIGINT) <- [5]
2026-05-28T20:09:27.454+09:00 DEBUG 31519 --- [io-8080-exec-10] org.hibernate.SQL                        : 
    select
        m1_0.id,
        m1_0.managerId,
        m1_0.password,
        m1_0.role,
        m1_0.username,
        m1_0.virtualBalance 
    from
        Member m1_0 
    where
        m1_0.managerId=?
2026-05-28T20:09:27.454+09:00 TRACE 31519 --- [io-8080-exec-10] org.hibernate.orm.jdbc.bind              : binding parameter (1:BIGINT) <- [4]
2026-05-28T20:09:27.457+09:00 DEBUG 31519 --- [nio-8080-exec-9] org.hibernate.SQL                        : 
    select
        m1_0.id,
        m1_0.managerId,
        m1_0.password,
        m1_0.role,
        m1_0.username,
        m1_0.virtualBalance 
    from
        Member m1_0 
    where
        m1_0.id=?
2026-05-28T20:09:27.457+09:00 TRACE 31519 --- [nio-8080-exec-9] org.hibernate.orm.jdbc.bind              : binding parameter (1:BIGINT) <- [5]
2026-05-28T20:09:27.458+09:00 DEBUG 31519 --- [nio-8080-exec-9] org.hibernate.SQL                        : 
    select
        m1_0.id,
        m1_0.managerId,
        m1_0.password,
        m1_0.role,
        m1_0.username,
        m1_0.virtualBalance 
    from
        Member m1_0 
    where
        m1_0.managerId=?
2026-05-28T20:09:27.459+09:00 TRACE 31519 --- [nio-8080-exec-9] org.hibernate.orm.jdbc.bind              : binding parameter (1:BIGINT) <- [4]
2026-05-28T20:09:34.502+09:00 DEBUG 31519 --- [nio-8080-exec-9] org.hibernate.SQL                        : 
    select
        m1_0.id,
        m1_0.managerId,
        m1_0.password,
        m1_0.role,
        m1_0.username,
        m1_0.virtualBalance 
    from
        Member m1_0 
    where
        m1_0.id=?
2026-05-28T20:09:34.502+09:00 TRACE 31519 --- [nio-8080-exec-9] org.hibernate.orm.jdbc.bind              : binding parameter (1:BIGINT) <- [5]
2026-05-28T20:09:34.503+09:00 DEBUG 31519 --- [nio-8080-exec-9] org.hibernate.SQL                        : 
    select
        m1_0.id,
        m1_0.managerId,
        m1_0.password,
        m1_0.role,
        m1_0.username,
        m1_0.virtualBalance 
    from
        Member m1_0 
    where
        m1_0.id=?
2026-05-28T20:09:34.503+09:00 TRACE 31519 --- [nio-8080-exec-9] org.hibernate.orm.jdbc.bind              : binding parameter (1:BIGINT) <- [4]
2026-05-28T20:09:34.503+09:00 DEBUG 31519 --- [nio-8080-exec-8] org.hibernate.SQL                        : 
    select
        m1_0.id,
        m1_0.managerId,
        m1_0.password,
        m1_0.role,
        m1_0.username,
        m1_0.virtualBalance 
    from
        Member m1_0 
    where
        m1_0.id=?
2026-05-28T20:09:34.503+09:00 TRACE 31519 --- [nio-8080-exec-8] org.hibernate.orm.jdbc.bind              : binding parameter (1:BIGINT) <- [5]
2026-05-28T20:09:34.504+09:00 DEBUG 31519 --- [nio-8080-exec-8] org.hibernate.SQL                        : 
    select
        m1_0.id,
        m1_0.managerId,
        m1_0.password,
        m1_0.role,
        m1_0.username,
        m1_0.virtualBalance 
    from
        Member m1_0 
    where
        m1_0.id=?
2026-05-28T20:09:34.504+09:00 TRACE 31519 --- [nio-8080-exec-8] org.hibernate.orm.jdbc.bind              : binding parameter (1:BIGINT) <- [4]
2026-05-28T20:09:34.510+09:00 DEBUG 31519 --- [nio-8080-exec-4] org.hibernate.SQL                        : 
    select
        m1_0.id,
        m1_0.managerId,
        m1_0.password,
        m1_0.role,
        m1_0.username,
        m1_0.virtualBalance 
    from
        Member m1_0 
    where
        m1_0.id=?
2026-05-28T20:09:34.510+09:00 TRACE 31519 --- [nio-8080-exec-4] org.hibernate.orm.jdbc.bind              : binding parameter (1:BIGINT) <- [5]
2026-05-28T20:09:34.512+09:00 DEBUG 31519 --- [nio-8080-exec-4] org.hibernate.SQL                        : 
    select
        m1_0.id,
        m1_0.managerId,
        m1_0.password,
        m1_0.role,
        m1_0.username,
        m1_0.virtualBalance 
    from
        Member m1_0 
    where
        m1_0.managerId=?
2026-05-28T20:09:34.512+09:00 TRACE 31519 --- [nio-8080-exec-4] org.hibernate.orm.jdbc.bind              : binding parameter (1:BIGINT) <- [4]
2026-05-28T20:09:34.513+09:00 DEBUG 31519 --- [nio-8080-exec-1] org.hibernate.SQL                        : 
    select
        m1_0.id,
        m1_0.managerId,
        m1_0.password,
        m1_0.role,
        m1_0.username,
        m1_0.virtualBalance 
    from
        Member m1_0 
    where
        m1_0.id=?
2026-05-28T20:09:34.513+09:00 TRACE 31519 --- [nio-8080-exec-1] org.hibernate.orm.jdbc.bind              : binding parameter (1:BIGINT) <- [5]
2026-05-28T20:09:34.513+09:00 DEBUG 31519 --- [nio-8080-exec-1] org.hibernate.SQL                        : 
    select
        m1_0.id,
        m1_0.managerId,
        m1_0.password,
        m1_0.role,
        m1_0.username,
        m1_0.virtualBalance 
    from
        Member m1_0 
    where
        m1_0.managerId=?
2026-05-28T20:09:34.513+09:00 TRACE 31519 --- [nio-8080-exec-1] org.hibernate.orm.jdbc.bind              : binding parameter (1:BIGINT) <- [4]
2026-05-28T20:09:34.520+09:00 DEBUG 31519 --- [nio-8080-exec-7] org.hibernate.SQL                        : 
    select
        m1_0.id,
        m1_0.managerId,
        m1_0.password,
        m1_0.role,
        m1_0.username,
        m1_0.virtualBalance 
    from
        Member m1_0 
    where
        m1_0.id=?
2026-05-28T20:09:34.520+09:00 TRACE 31519 --- [nio-8080-exec-7] org.hibernate.orm.jdbc.bind              : binding parameter (1:BIGINT) <- [5]
2026-05-28T20:09:34.520+09:00 DEBUG 31519 --- [nio-8080-exec-7] org.hibernate.SQL                        : 
    select
        cr1_0.id,
        cr1_0.createdAt,
        cr1_0.member1_id,
        cr1_0.member2_id 
    from
        chat_room cr1_0 
    where
        cr1_0.member1_id=? 
        or cr1_0.member2_id=?
2026-05-28T20:09:34.520+09:00 TRACE 31519 --- [nio-8080-exec-7] org.hibernate.orm.jdbc.bind              : binding parameter (1:BIGINT) <- [5]
2026-05-28T20:09:34.520+09:00 TRACE 31519 --- [nio-8080-exec-7] org.hibernate.orm.jdbc.bind              : binding parameter (2:BIGINT) <- [5]
2026-05-28T20:09:34.521+09:00 DEBUG 31519 --- [nio-8080-exec-7] org.hibernate.SQL                        : 
    select
        m1_0.id,
        m1_0.managerId,
        m1_0.password,
        m1_0.role,
        m1_0.username,
        m1_0.virtualBalance 
    from
        Member m1_0 
    where
        m1_0.id=?
2026-05-28T20:09:34.521+09:00 TRACE 31519 --- [nio-8080-exec-7] org.hibernate.orm.jdbc.bind              : binding parameter (1:BIGINT) <- [4]
2026-05-28T20:09:34.521+09:00 DEBUG 31519 --- [nio-8080-exec-7] org.hibernate.SQL                        : 
    select
        ms1_0.id,
        ms1_0.member_id,
        ms1_0.statusType,
        ms1_0.updatedAt 
    from
        MemberStatus ms1_0 
    where
        ms1_0.member_id=?
2026-05-28T20:09:34.521+09:00 TRACE 31519 --- [nio-8080-exec-7] org.hibernate.orm.jdbc.bind              : binding parameter (1:BIGINT) <- [4]
2026-05-28T20:09:34.522+09:00 DEBUG 31519 --- [nio-8080-exec-7] org.hibernate.SQL                        : 
    select
        cm1_0.id,
        cm1_0.chat_room_id,
        cm1_0.content,
        cm1_0.createdAt,
        cm1_0.messageType,
        cm1_0.read,
        cm1_0.readAt,
        cm1_0.sender_id 
    from
        chat_message cm1_0 
    where
        cm1_0.chat_room_id=? 
    order by
        cm1_0.createdAt desc 
    fetch
        first ? rows only
2026-05-28T20:09:34.522+09:00 TRACE 31519 --- [nio-8080-exec-7] org.hibernate.orm.jdbc.bind              : binding parameter (1:BIGINT) <- [2]
2026-05-28T20:09:34.522+09:00 TRACE 31519 --- [nio-8080-exec-7] org.hibernate.orm.jdbc.bind              : binding parameter (2:INTEGER) <- [1]
2026-05-28T20:09:34.522+09:00 DEBUG 31519 --- [nio-8080-exec-5] org.hibernate.SQL                        : 
    select
        m1_0.id,
        m1_0.managerId,
        m1_0.password,
        m1_0.role,
        m1_0.username,
        m1_0.virtualBalance 
    from
        Member m1_0 
    where
        m1_0.id=?
2026-05-28T20:09:34.522+09:00 TRACE 31519 --- [nio-8080-exec-5] org.hibernate.orm.jdbc.bind              : binding parameter (1:BIGINT) <- [5]
2026-05-28T20:09:34.522+09:00 DEBUG 31519 --- [nio-8080-exec-7] org.hibernate.SQL                        : 
    select
        count(cm1_0.id) 
    from
        chat_message cm1_0 
    where
        cm1_0.chat_room_id=? 
        and cm1_0.sender_id<>? 
        and cm1_0.read=false
2026-05-28T20:09:34.522+09:00 TRACE 31519 --- [nio-8080-exec-7] org.hibernate.orm.jdbc.bind              : binding parameter (1:BIGINT) <- [2]
2026-05-28T20:09:34.522+09:00 TRACE 31519 --- [nio-8080-exec-7] org.hibernate.orm.jdbc.bind              : binding parameter (2:BIGINT) <- [5]
2026-05-28T20:09:34.522+09:00 DEBUG 31519 --- [nio-8080-exec-5] org.hibernate.SQL                        : 
    select
        cr1_0.id,
        cr1_0.createdAt,
        cr1_0.member1_id,
        cr1_0.member2_id 
    from
        chat_room cr1_0 
    where
        cr1_0.member1_id=? 
        or cr1_0.member2_id=?
2026-05-28T20:09:34.522+09:00 DEBUG 31519 --- [nio-8080-exec-7] org.hibernate.SQL                        : 
    select
        m1_0.id,
        m1_0.managerId,
        m1_0.password,
        m1_0.role,
        m1_0.username,
        m1_0.virtualBalance 
    from
        Member m1_0 
    where
        m1_0.id=?
2026-05-28T20:09:34.522+09:00 TRACE 31519 --- [nio-8080-exec-7] org.hibernate.orm.jdbc.bind              : binding parameter (1:BIGINT) <- [3]
2026-05-28T20:09:34.522+09:00 TRACE 31519 --- [nio-8080-exec-5] org.hibernate.orm.jdbc.bind              : binding parameter (1:BIGINT) <- [5]
2026-05-28T20:09:34.522+09:00 TRACE 31519 --- [nio-8080-exec-5] org.hibernate.orm.jdbc.bind              : binding parameter (2:BIGINT) <- [5]
2026-05-28T20:09:34.523+09:00 DEBUG 31519 --- [nio-8080-exec-5] org.hibernate.SQL                        : 
    select
        m1_0.id,
        m1_0.managerId,
        m1_0.password,
        m1_0.role,
        m1_0.username,
        m1_0.virtualBalance 
    from
        Member m1_0 
    where
        m1_0.id=?
2026-05-28T20:09:34.523+09:00 TRACE 31519 --- [nio-8080-exec-5] org.hibernate.orm.jdbc.bind              : binding parameter (1:BIGINT) <- [4]
2026-05-28T20:09:34.523+09:00 DEBUG 31519 --- [nio-8080-exec-7] org.hibernate.SQL                        : 
    select
        ms1_0.id,
        ms1_0.member_id,
        ms1_0.statusType,
        ms1_0.updatedAt 
    from
        MemberStatus ms1_0 
    where
        ms1_0.member_id=?
2026-05-28T20:09:34.523+09:00 TRACE 31519 --- [nio-8080-exec-7] org.hibernate.orm.jdbc.bind              : binding parameter (1:BIGINT) <- [3]
2026-05-28T20:09:34.523+09:00 DEBUG 31519 --- [nio-8080-exec-5] org.hibernate.SQL                        : 
    select
        ms1_0.id,
        ms1_0.member_id,
        ms1_0.statusType,
        ms1_0.updatedAt 
    from
        MemberStatus ms1_0 
    where
        ms1_0.member_id=?
2026-05-28T20:09:34.523+09:00 TRACE 31519 --- [nio-8080-exec-5] org.hibernate.orm.jdbc.bind              : binding parameter (1:BIGINT) <- [4]
2026-05-28T20:09:34.523+09:00 DEBUG 31519 --- [nio-8080-exec-5] org.hibernate.SQL                        : 
    select
        cm1_0.id,
        cm1_0.chat_room_id,
        cm1_0.content,
        cm1_0.createdAt,
        cm1_0.messageType,
        cm1_0.read,
        cm1_0.readAt,
        cm1_0.sender_id 
    from
        chat_message cm1_0 
    where
        cm1_0.chat_room_id=? 
    order by
        cm1_0.createdAt desc 
    fetch
        first ? rows only
2026-05-28T20:09:34.523+09:00 TRACE 31519 --- [nio-8080-exec-5] org.hibernate.orm.jdbc.bind              : binding parameter (1:BIGINT) <- [2]
2026-05-28T20:09:34.523+09:00 TRACE 31519 --- [nio-8080-exec-5] org.hibernate.orm.jdbc.bind              : binding parameter (2:INTEGER) <- [1]
2026-05-28T20:09:34.523+09:00 DEBUG 31519 --- [nio-8080-exec-7] org.hibernate.SQL                        : 
    select
        cm1_0.id,
        cm1_0.chat_room_id,
        cm1_0.content,
        cm1_0.createdAt,
        cm1_0.messageType,
        cm1_0.read,
        cm1_0.readAt,
        cm1_0.sender_id 
    from
        chat_message cm1_0 
    where
        cm1_0.chat_room_id=? 
    order by
        cm1_0.createdAt desc 
    fetch
        first ? rows only
2026-05-28T20:09:34.523+09:00 TRACE 31519 --- [nio-8080-exec-7] org.hibernate.orm.jdbc.bind              : binding parameter (1:BIGINT) <- [3]
2026-05-28T20:09:34.523+09:00 TRACE 31519 --- [nio-8080-exec-7] org.hibernate.orm.jdbc.bind              : binding parameter (2:INTEGER) <- [1]
2026-05-28T20:09:34.524+09:00 DEBUG 31519 --- [nio-8080-exec-5] org.hibernate.SQL                        : 
    select
        count(cm1_0.id) 
    from
        chat_message cm1_0 
    where
        cm1_0.chat_room_id=? 
        and cm1_0.sender_id<>? 
        and cm1_0.read=false
2026-05-28T20:09:34.524+09:00 DEBUG 31519 --- [nio-8080-exec-7] org.hibernate.SQL                        : 
    select
        m1_0.id,
        m1_0.managerId,
        m1_0.password,
        m1_0.role,
        m1_0.username,
        m1_0.virtualBalance 
    from
        Member m1_0 
    where
        m1_0.id=?
2026-05-28T20:09:34.524+09:00 TRACE 31519 --- [nio-8080-exec-7] org.hibernate.orm.jdbc.bind              : binding parameter (1:BIGINT) <- [5]
2026-05-28T20:09:34.524+09:00 TRACE 31519 --- [nio-8080-exec-5] org.hibernate.orm.jdbc.bind              : binding parameter (1:BIGINT) <- [2]
2026-05-28T20:09:34.524+09:00 TRACE 31519 --- [nio-8080-exec-5] org.hibernate.orm.jdbc.bind              : binding parameter (2:BIGINT) <- [5]
2026-05-28T20:09:34.524+09:00 DEBUG 31519 --- [nio-8080-exec-5] org.hibernate.SQL                        : 
    select
        m1_0.id,
        m1_0.managerId,
        m1_0.password,
        m1_0.role,
        m1_0.username,
        m1_0.virtualBalance 
    from
        Member m1_0 
    where
        m1_0.id=?
2026-05-28T20:09:34.524+09:00 TRACE 31519 --- [nio-8080-exec-5] org.hibernate.orm.jdbc.bind              : binding parameter (1:BIGINT) <- [3]
2026-05-28T20:09:34.524+09:00 DEBUG 31519 --- [nio-8080-exec-7] org.hibernate.SQL                        : 
    select
        count(cm1_0.id) 
    from
        chat_message cm1_0 
    where
        cm1_0.chat_room_id=? 
        and cm1_0.sender_id<>? 
        and cm1_0.read=false
2026-05-28T20:09:34.524+09:00 TRACE 31519 --- [nio-8080-exec-7] org.hibernate.orm.jdbc.bind              : binding parameter (1:BIGINT) <- [3]
2026-05-28T20:09:34.524+09:00 TRACE 31519 --- [nio-8080-exec-7] org.hibernate.orm.jdbc.bind              : binding parameter (2:BIGINT) <- [5]
2026-05-28T20:09:34.524+09:00 DEBUG 31519 --- [nio-8080-exec-5] org.hibernate.SQL                        : 
    select
        ms1_0.id,
        ms1_0.member_id,
        ms1_0.statusType,
        ms1_0.updatedAt 
    from
        MemberStatus ms1_0 
    where
        ms1_0.member_id=?
2026-05-28T20:09:34.524+09:00 TRACE 31519 --- [nio-8080-exec-5] org.hibernate.orm.jdbc.bind              : binding parameter (1:BIGINT) <- [3]
2026-05-28T20:09:34.525+09:00 DEBUG 31519 --- [nio-8080-exec-5] org.hibernate.SQL                        : 
    select
        cm1_0.id,
        cm1_0.chat_room_id,
        cm1_0.content,
        cm1_0.createdAt,
        cm1_0.messageType,
        cm1_0.read,
        cm1_0.readAt,
        cm1_0.sender_id 
    from
        chat_message cm1_0 
    where
        cm1_0.chat_room_id=? 
    order by
        cm1_0.createdAt desc 
    fetch
        first ? rows only
2026-05-28T20:09:34.525+09:00 TRACE 31519 --- [nio-8080-exec-5] org.hibernate.orm.jdbc.bind              : binding parameter (1:BIGINT) <- [3]
2026-05-28T20:09:34.525+09:00 TRACE 31519 --- [nio-8080-exec-5] org.hibernate.orm.jdbc.bind              : binding parameter (2:INTEGER) <- [1]
2026-05-28T20:09:34.525+09:00 DEBUG 31519 --- [nio-8080-exec-5] org.hibernate.SQL                        : 
    select
        m1_0.id,
        m1_0.managerId,
        m1_0.password,
        m1_0.role,
        m1_0.username,
        m1_0.virtualBalance 
    from
        Member m1_0 
    where
        m1_0.id=?
2026-05-28T20:09:34.525+09:00 TRACE 31519 --- [nio-8080-exec-5] org.hibernate.orm.jdbc.bind              : binding parameter (1:BIGINT) <- [5]
2026-05-28T20:09:34.525+09:00 DEBUG 31519 --- [nio-8080-exec-5] org.hibernate.SQL                        : 
    select
        count(cm1_0.id) 
    from
        chat_message cm1_0 
    where
        cm1_0.chat_room_id=? 
        and cm1_0.sender_id<>? 
        and cm1_0.read=false
2026-05-28T20:09:34.525+09:00 TRACE 31519 --- [nio-8080-exec-5] org.hibernate.orm.jdbc.bind              : binding parameter (1:BIGINT) <- [3]
2026-05-28T20:09:34.525+09:00 TRACE 31519 --- [nio-8080-exec-5] org.hibernate.orm.jdbc.bind              : binding parameter (2:BIGINT) <- [5]
2026-05-28T20:09:34.531+09:00 DEBUG 31519 --- [nio-8080-exec-4] org.hibernate.SQL                        : 
    select
        m1_0.id,
        m1_0.managerId,
        m1_0.password,
        m1_0.role,
        m1_0.username,
        m1_0.virtualBalance 
    from
        Member m1_0 
    where
        m1_0.id=?
2026-05-28T20:09:34.531+09:00 TRACE 31519 --- [nio-8080-exec-4] org.hibernate.orm.jdbc.bind              : binding parameter (1:BIGINT) <- [5]
2026-05-28T20:09:34.531+09:00 DEBUG 31519 --- [nio-8080-exec-4] org.hibernate.SQL                        : 
    select
        m1_0.id,
        m1_0.managerId,
        m1_0.password,
        m1_0.role,
        m1_0.username,
        m1_0.virtualBalance 
    from
        Member m1_0 
    where
        m1_0.id=?
2026-05-28T20:09:34.531+09:00 TRACE 31519 --- [nio-8080-exec-4] org.hibernate.orm.jdbc.bind              : binding parameter (1:BIGINT) <- [3]
2026-05-28T20:09:34.532+09:00 DEBUG 31519 --- [nio-8080-exec-4] org.hibernate.SQL                        : 
    select
        cr1_0.id,
        cr1_0.createdAt,
        cr1_0.member1_id,
        cr1_0.member2_id 
    from
        chat_room cr1_0 
    where
        cr1_0.member1_id=? 
        and cr1_0.member2_id=?
2026-05-28T20:09:34.532+09:00 TRACE 31519 --- [nio-8080-exec-4] org.hibernate.orm.jdbc.bind              : binding parameter (1:BIGINT) <- [3]
2026-05-28T20:09:34.532+09:00 TRACE 31519 --- [nio-8080-exec-4] org.hibernate.orm.jdbc.bind              : binding parameter (2:BIGINT) <- [5]
2026-05-28T20:09:34.532+09:00 DEBUG 31519 --- [nio-8080-exec-1] org.hibernate.SQL                        : 
    select
        m1_0.id,
        m1_0.managerId,
        m1_0.password,
        m1_0.role,
        m1_0.username,
        m1_0.virtualBalance 
    from
        Member m1_0 
    where
        m1_0.id=?
2026-05-28T20:09:34.532+09:00 TRACE 31519 --- [nio-8080-exec-1] org.hibernate.orm.jdbc.bind              : binding parameter (1:BIGINT) <- [5]
2026-05-28T20:09:34.532+09:00 DEBUG 31519 --- [nio-8080-exec-1] org.hibernate.SQL                        : 
    select
        m1_0.id,
        m1_0.managerId,
        m1_0.password,
        m1_0.role,
        m1_0.username,
        m1_0.virtualBalance 
    from
        Member m1_0 
    where
        m1_0.id=?
2026-05-28T20:09:34.532+09:00 TRACE 31519 --- [nio-8080-exec-1] org.hibernate.orm.jdbc.bind              : binding parameter (1:BIGINT) <- [3]
2026-05-28T20:09:34.532+09:00 DEBUG 31519 --- [nio-8080-exec-1] org.hibernate.SQL                        : 
    select
        cr1_0.id,
        cr1_0.createdAt,
        cr1_0.member1_id,
        cr1_0.member2_id 
    from
        chat_room cr1_0 
    where
        cr1_0.member1_id=? 
        and cr1_0.member2_id=?
2026-05-28T20:09:34.532+09:00 TRACE 31519 --- [nio-8080-exec-1] org.hibernate.orm.jdbc.bind              : binding parameter (1:BIGINT) <- [3]
2026-05-28T20:09:34.532+09:00 TRACE 31519 --- [nio-8080-exec-1] org.hibernate.orm.jdbc.bind              : binding parameter (2:BIGINT) <- [5]
2026-05-28T20:09:34.532+09:00 DEBUG 31519 --- [nio-8080-exec-4] org.hibernate.SQL                        : 
    update
        chat_message cm1_0 
    set
        read=true,
        readAt=localtimestamp 
    where
        cm1_0.chat_room_id=? 
        and cm1_0.sender_id<>? 
        and cm1_0.read=false
2026-05-28T20:09:34.532+09:00 TRACE 31519 --- [nio-8080-exec-4] org.hibernate.orm.jdbc.bind              : binding parameter (1:BIGINT) <- [3]
2026-05-28T20:09:34.532+09:00 TRACE 31519 --- [nio-8080-exec-4] org.hibernate.orm.jdbc.bind              : binding parameter (2:BIGINT) <- [5]
2026-05-28T20:09:34.533+09:00 DEBUG 31519 --- [nio-8080-exec-1] org.hibernate.SQL                        : 
    update
        chat_message cm1_0 
    set
        read=true,
        readAt=localtimestamp 
    where
        cm1_0.chat_room_id=? 
        and cm1_0.sender_id<>? 
        and cm1_0.read=false
2026-05-28T20:09:34.533+09:00 TRACE 31519 --- [nio-8080-exec-1] org.hibernate.orm.jdbc.bind              : binding parameter (1:BIGINT) <- [3]
2026-05-28T20:09:34.533+09:00 TRACE 31519 --- [nio-8080-exec-1] org.hibernate.orm.jdbc.bind              : binding parameter (2:BIGINT) <- [5]
2026-05-28T20:09:34.533+09:00 DEBUG 31519 --- [nio-8080-exec-4] org.hibernate.SQL                        : 
    select
        cm1_0.id,
        cm1_0.chat_room_id,
        cm1_0.content,
        cm1_0.createdAt,
        cm1_0.messageType,
        cm1_0.read,
        cm1_0.readAt,
        cm1_0.sender_id 
    from
        chat_message cm1_0 
    where
        cm1_0.chat_room_id=? 
    order by
        cm1_0.createdAt desc 
    fetch
        first ? rows only
2026-05-28T20:09:34.533+09:00 TRACE 31519 --- [nio-8080-exec-4] org.hibernate.orm.jdbc.bind              : binding parameter (1:BIGINT) <- [3]
2026-05-28T20:09:34.533+09:00 TRACE 31519 --- [nio-8080-exec-4] org.hibernate.orm.jdbc.bind              : binding parameter (2:INTEGER) <- [50]
2026-05-28T20:09:34.533+09:00 DEBUG 31519 --- [nio-8080-exec-1] org.hibernate.SQL                        : 
    select
        cm1_0.id,
        cm1_0.chat_room_id,
        cm1_0.content,
        cm1_0.createdAt,
        cm1_0.messageType,
        cm1_0.read,
        cm1_0.readAt,
        cm1_0.sender_id 
    from
        chat_message cm1_0 
    where
        cm1_0.chat_room_id=? 
    order by
        cm1_0.createdAt desc 
    fetch
        first ? rows only
2026-05-28T20:09:34.533+09:00 TRACE 31519 --- [nio-8080-exec-1] org.hibernate.orm.jdbc.bind              : binding parameter (1:BIGINT) <- [3]
2026-05-28T20:09:34.533+09:00 TRACE 31519 --- [nio-8080-exec-1] org.hibernate.orm.jdbc.bind              : binding parameter (2:INTEGER) <- [50]
2026-05-28T20:09:34.533+09:00 DEBUG 31519 --- [nio-8080-exec-4] org.hibernate.SQL                        : 
    select
        m1_0.id,
        m1_0.managerId,
        m1_0.password,
        m1_0.role,
        m1_0.username,
        m1_0.virtualBalance 
    from
        Member m1_0 
    where
        m1_0.id=?
2026-05-28T20:09:34.533+09:00 TRACE 31519 --- [nio-8080-exec-4] org.hibernate.orm.jdbc.bind              : binding parameter (1:BIGINT) <- [5]
2026-05-28T20:09:34.533+09:00 DEBUG 31519 --- [nio-8080-exec-1] org.hibernate.SQL                        : 
    select
        m1_0.id,
        m1_0.managerId,
        m1_0.password,
        m1_0.role,
        m1_0.username,
        m1_0.virtualBalance 
    from
        Member m1_0 
    where
        m1_0.id=?
2026-05-28T20:09:34.533+09:00 TRACE 31519 --- [nio-8080-exec-1] org.hibernate.orm.jdbc.bind              : binding parameter (1:BIGINT) <- [5]
2026-05-28T20:09:34.534+09:00 DEBUG 31519 --- [nio-8080-exec-4] org.hibernate.SQL                        : 
    select
        ms1_0.id,
        ms1_0.member_id,
        ms1_0.statusType,
        ms1_0.updatedAt 
    from
        MemberStatus ms1_0 
    where
        ms1_0.member_id=?
2026-05-28T20:09:34.534+09:00 DEBUG 31519 --- [nio-8080-exec-1] org.hibernate.SQL                        : 
    select
        ms1_0.id,
        ms1_0.member_id,
        ms1_0.statusType,
        ms1_0.updatedAt 
    from
        MemberStatus ms1_0 
    where
        ms1_0.member_id=?
2026-05-28T20:09:34.534+09:00 TRACE 31519 --- [nio-8080-exec-1] org.hibernate.orm.jdbc.bind              : binding parameter (1:BIGINT) <- [3]
2026-05-28T20:09:34.534+09:00 TRACE 31519 --- [nio-8080-exec-4] org.hibernate.orm.jdbc.bind              : binding parameter (1:BIGINT) <- [3]
2026-05-28T20:09:34.540+09:00 DEBUG 31519 --- [nio-8080-exec-3] org.hibernate.SQL                        : 
    select
        m1_0.id,
        m1_0.managerId,
        m1_0.password,
        m1_0.role,
        m1_0.username,
        m1_0.virtualBalance 
    from
        Member m1_0 
    where
        m1_0.id=?
2026-05-28T20:09:34.540+09:00 TRACE 31519 --- [nio-8080-exec-3] org.hibernate.orm.jdbc.bind              : binding parameter (1:BIGINT) <- [5]
2026-05-28T20:09:34.540+09:00 DEBUG 31519 --- [nio-8080-exec-3] org.hibernate.SQL                        : 
    select
        m1_0.id,
        m1_0.managerId,
        m1_0.password,
        m1_0.role,
        m1_0.username,
        m1_0.virtualBalance 
    from
        Member m1_0 
    where
        m1_0.id=?
2026-05-28T20:09:34.540+09:00 TRACE 31519 --- [nio-8080-exec-3] org.hibernate.orm.jdbc.bind              : binding parameter (1:BIGINT) <- [3]
2026-05-28T20:09:34.541+09:00 DEBUG 31519 --- [nio-8080-exec-3] org.hibernate.SQL                        : 
    select
        ms1_0.id,
        ms1_0.member_id,
        ms1_0.statusType,
        ms1_0.updatedAt 
    from
        MemberStatus ms1_0 
    where
        ms1_0.member_id=?
2026-05-28T20:09:34.541+09:00 TRACE 31519 --- [nio-8080-exec-3] org.hibernate.orm.jdbc.bind              : binding parameter (1:BIGINT) <- [3]
2026-05-28T20:09:34.541+09:00 DEBUG 31519 --- [nio-8080-exec-2] org.hibernate.SQL                        : 
    select
        m1_0.id,
        m1_0.managerId,
        m1_0.password,
        m1_0.role,
        m1_0.username,
        m1_0.virtualBalance 
    from
        Member m1_0 
    where
        m1_0.id=?
2026-05-28T20:09:34.541+09:00 TRACE 31519 --- [nio-8080-exec-2] org.hibernate.orm.jdbc.bind              : binding parameter (1:BIGINT) <- [5]
2026-05-28T20:09:34.542+09:00 DEBUG 31519 --- [nio-8080-exec-2] org.hibernate.SQL                        : 
    select
        m1_0.id,
        m1_0.managerId,
        m1_0.password,
        m1_0.role,
        m1_0.username,
        m1_0.virtualBalance 
    from
        Member m1_0 
    where
        m1_0.id=?
2026-05-28T20:09:34.542+09:00 TRACE 31519 --- [nio-8080-exec-2] org.hibernate.orm.jdbc.bind              : binding parameter (1:BIGINT) <- [3]
2026-05-28T20:09:34.542+09:00 DEBUG 31519 --- [nio-8080-exec-2] org.hibernate.SQL                        : 
    select
        ms1_0.id,
        ms1_0.member_id,
        ms1_0.statusType,
        ms1_0.updatedAt 
    from
        MemberStatus ms1_0 
    where
        ms1_0.member_id=?
2026-05-28T20:09:34.542+09:00 TRACE 31519 --- [nio-8080-exec-2] org.hibernate.orm.jdbc.bind              : binding parameter (1:BIGINT) <- [3]
2026-05-28T20:09:34.546+09:00 DEBUG 31519 --- [nio-8080-exec-9] org.hibernate.SQL                        : 
    select
        m1_0.id,
        m1_0.managerId,
        m1_0.password,
        m1_0.role,
        m1_0.username,
        m1_0.virtualBalance 
    from
        Member m1_0 
    where
        m1_0.id=?
2026-05-28T20:09:34.546+09:00 TRACE 31519 --- [nio-8080-exec-9] org.hibernate.orm.jdbc.bind              : binding parameter (1:BIGINT) <- [5]
2026-05-28T20:09:34.546+09:00 DEBUG 31519 --- [nio-8080-exec-9] org.hibernate.SQL                        : 
    select
        cr1_0.id,
        cr1_0.createdAt,
        cr1_0.member1_id,
        cr1_0.member2_id 
    from
        chat_room cr1_0 
    where
        cr1_0.id=?
2026-05-28T20:09:34.546+09:00 TRACE 31519 --- [nio-8080-exec-9] org.hibernate.orm.jdbc.bind              : binding parameter (1:BIGINT) <- [3]
2026-05-28T20:09:34.547+09:00 DEBUG 31519 --- [nio-8080-exec-9] org.hibernate.SQL                        : 
    update
        chat_message cm1_0 
    set
        read=true,
        readAt=localtimestamp 
    where
        cm1_0.chat_room_id=? 
        and cm1_0.sender_id<>? 
        and cm1_0.read=false
2026-05-28T20:09:34.547+09:00 TRACE 31519 --- [nio-8080-exec-9] org.hibernate.orm.jdbc.bind              : binding parameter (1:BIGINT) <- [3]
2026-05-28T20:09:34.547+09:00 TRACE 31519 --- [nio-8080-exec-9] org.hibernate.orm.jdbc.bind              : binding parameter (2:BIGINT) <- [5]
2026-05-28T20:09:34.547+09:00 DEBUG 31519 --- [io-8080-exec-10] org.hibernate.SQL                        : 
    select
        m1_0.id,
        m1_0.managerId,
        m1_0.password,
        m1_0.role,
        m1_0.username,
        m1_0.virtualBalance 
    from
        Member m1_0 
    where
        m1_0.id=?
2026-05-28T20:09:34.547+09:00 TRACE 31519 --- [io-8080-exec-10] org.hibernate.orm.jdbc.bind              : binding parameter (1:BIGINT) <- [5]
2026-05-28T20:09:34.547+09:00 DEBUG 31519 --- [io-8080-exec-10] org.hibernate.SQL                        : 
    select
        cr1_0.id,
        cr1_0.createdAt,
        cr1_0.member1_id,
        cr1_0.member2_id 
    from
        chat_room cr1_0 
    where
        cr1_0.id=?
2026-05-28T20:09:34.547+09:00 TRACE 31519 --- [io-8080-exec-10] org.hibernate.orm.jdbc.bind              : binding parameter (1:BIGINT) <- [3]
2026-05-28T20:09:34.548+09:00 DEBUG 31519 --- [io-8080-exec-10] org.hibernate.SQL                        : 
    update
        chat_message cm1_0 
    set
        read=true,
        readAt=localtimestamp 
    where
        cm1_0.chat_room_id=? 
        and cm1_0.sender_id<>? 
        and cm1_0.read=false
2026-05-28T20:09:34.548+09:00 TRACE 31519 --- [io-8080-exec-10] org.hibernate.orm.jdbc.bind              : binding parameter (1:BIGINT) <- [3]
2026-05-28T20:09:34.548+09:00 TRACE 31519 --- [io-8080-exec-10] org.hibernate.orm.jdbc.bind              : binding parameter (2:BIGINT) <- [5]
2026-05-28T20:09:50.562+09:00 DEBUG 31519 --- [nio-8080-exec-6] org.hibernate.SQL                        : 
    select
        m1_0.id,
        m1_0.managerId,
        m1_0.password,
        m1_0.role,
        m1_0.username,
        m1_0.virtualBalance 
    from
        Member m1_0 
    where
        m1_0.id=?
2026-05-28T20:09:50.562+09:00 TRACE 31519 --- [nio-8080-exec-6] org.hibernate.orm.jdbc.bind              : binding parameter (1:BIGINT) <- [3]
2026-05-28T20:09:50.562+09:00 DEBUG 31519 --- [nio-8080-exec-6] org.hibernate.SQL                        : 
    select
        m1_0.id,
        m1_0.managerId,
        m1_0.password,
        m1_0.role,
        m1_0.username,
        m1_0.virtualBalance 
    from
        Member m1_0 
    where
        m1_0.id=?
2026-05-28T20:09:50.563+09:00 TRACE 31519 --- [nio-8080-exec-6] org.hibernate.orm.jdbc.bind              : binding parameter (1:BIGINT) <- [4]
2026-05-28T20:09:50.569+09:00 DEBUG 31519 --- [nio-8080-exec-1] org.hibernate.SQL                        : 
    select
        m1_0.id,
        m1_0.managerId,
        m1_0.password,
        m1_0.role,
        m1_0.username,
        m1_0.virtualBalance 
    from
        Member m1_0 
    where
        m1_0.id=?
2026-05-28T20:09:50.569+09:00 TRACE 31519 --- [nio-8080-exec-1] org.hibernate.orm.jdbc.bind              : binding parameter (1:BIGINT) <- [3]
2026-05-28T20:09:50.570+09:00 DEBUG 31519 --- [nio-8080-exec-1] org.hibernate.SQL                        : 
    select
        m1_0.id,
        m1_0.managerId,
        m1_0.password,
        m1_0.role,
        m1_0.username,
        m1_0.virtualBalance 
    from
        Member m1_0 
    where
        m1_0.id=?
2026-05-28T20:09:50.570+09:00 TRACE 31519 --- [nio-8080-exec-1] org.hibernate.orm.jdbc.bind              : binding parameter (1:BIGINT) <- [4]
2026-05-28T20:09:50.571+09:00 DEBUG 31519 --- [nio-8080-exec-3] org.hibernate.SQL                        : 
    select
        m1_0.id,
        m1_0.managerId,
        m1_0.password,
        m1_0.role,
        m1_0.username,
        m1_0.virtualBalance 
    from
        Member m1_0 
    where
        m1_0.id=?
2026-05-28T20:09:50.571+09:00 TRACE 31519 --- [nio-8080-exec-3] org.hibernate.orm.jdbc.bind              : binding parameter (1:BIGINT) <- [3]
2026-05-28T20:09:50.573+09:00 DEBUG 31519 --- [nio-8080-exec-3] org.hibernate.SQL                        : 
    select
        m1_0.id,
        m1_0.managerId,
        m1_0.password,
        m1_0.role,
        m1_0.username,
        m1_0.virtualBalance 
    from
        Member m1_0 
    where
        m1_0.managerId=?
2026-05-28T20:09:50.573+09:00 TRACE 31519 --- [nio-8080-exec-3] org.hibernate.orm.jdbc.bind              : binding parameter (1:BIGINT) <- [4]
2026-05-28T20:09:50.576+09:00 DEBUG 31519 --- [io-8080-exec-10] org.hibernate.SQL                        : 
    select
        m1_0.id,
        m1_0.managerId,
        m1_0.password,
        m1_0.role,
        m1_0.username,
        m1_0.virtualBalance 
    from
        Member m1_0 
    where
        m1_0.id=?
2026-05-28T20:09:50.577+09:00 TRACE 31519 --- [io-8080-exec-10] org.hibernate.orm.jdbc.bind              : binding parameter (1:BIGINT) <- [3]
2026-05-28T20:09:50.577+09:00 DEBUG 31519 --- [nio-8080-exec-8] org.hibernate.SQL                        : 
    select
        m1_0.id,
        m1_0.managerId,
        m1_0.password,
        m1_0.role,
        m1_0.username,
        m1_0.virtualBalance 
    from
        Member m1_0 
    where
        m1_0.id=?
2026-05-28T20:09:50.577+09:00 TRACE 31519 --- [nio-8080-exec-8] org.hibernate.orm.jdbc.bind              : binding parameter (1:BIGINT) <- [3]
2026-05-28T20:09:50.578+09:00 DEBUG 31519 --- [nio-8080-exec-8] org.hibernate.SQL                        : 
    select
        cr1_0.id,
        cr1_0.createdAt,
        cr1_0.member1_id,
        cr1_0.member2_id 
    from
        chat_room cr1_0 
    where
        cr1_0.member1_id=? 
        or cr1_0.member2_id=?
2026-05-28T20:09:50.578+09:00 DEBUG 31519 --- [io-8080-exec-10] org.hibernate.SQL                        : 
    select
        m1_0.id,
        m1_0.managerId,
        m1_0.password,
        m1_0.role,
        m1_0.username,
        m1_0.virtualBalance 
    from
        Member m1_0 
    where
        m1_0.managerId=?
2026-05-28T20:09:50.578+09:00 TRACE 31519 --- [io-8080-exec-10] org.hibernate.orm.jdbc.bind              : binding parameter (1:BIGINT) <- [4]
2026-05-28T20:09:50.578+09:00 TRACE 31519 --- [nio-8080-exec-8] org.hibernate.orm.jdbc.bind              : binding parameter (1:BIGINT) <- [3]
2026-05-28T20:09:50.578+09:00 TRACE 31519 --- [nio-8080-exec-8] org.hibernate.orm.jdbc.bind              : binding parameter (2:BIGINT) <- [3]
2026-05-28T20:09:50.578+09:00 DEBUG 31519 --- [nio-8080-exec-8] org.hibernate.SQL                        : 
    select
        m1_0.id,
        m1_0.managerId,
        m1_0.password,
        m1_0.role,
        m1_0.username,
        m1_0.virtualBalance 
    from
        Member m1_0 
    where
        m1_0.id=?
2026-05-28T20:09:50.578+09:00 TRACE 31519 --- [nio-8080-exec-8] org.hibernate.orm.jdbc.bind              : binding parameter (1:BIGINT) <- [5]
2026-05-28T20:09:50.579+09:00 DEBUG 31519 --- [nio-8080-exec-8] org.hibernate.SQL                        : 
    select
        ms1_0.id,
        ms1_0.member_id,
        ms1_0.statusType,
        ms1_0.updatedAt 
    from
        MemberStatus ms1_0 
    where
        ms1_0.member_id=?
2026-05-28T20:09:50.579+09:00 TRACE 31519 --- [nio-8080-exec-8] org.hibernate.orm.jdbc.bind              : binding parameter (1:BIGINT) <- [5]
2026-05-28T20:09:50.580+09:00 DEBUG 31519 --- [nio-8080-exec-8] org.hibernate.SQL                        : 
    select
        cm1_0.id,
        cm1_0.chat_room_id,
        cm1_0.content,
        cm1_0.createdAt,
        cm1_0.messageType,
        cm1_0.read,
        cm1_0.readAt,
        cm1_0.sender_id 
    from
        chat_message cm1_0 
    where
        cm1_0.chat_room_id=? 
    order by
        cm1_0.createdAt desc 
    fetch
        first ? rows only
2026-05-28T20:09:50.580+09:00 TRACE 31519 --- [nio-8080-exec-8] org.hibernate.orm.jdbc.bind              : binding parameter (1:BIGINT) <- [3]
2026-05-28T20:09:50.580+09:00 TRACE 31519 --- [nio-8080-exec-8] org.hibernate.orm.jdbc.bind              : binding parameter (2:INTEGER) <- [1]
2026-05-28T20:09:50.580+09:00 DEBUG 31519 --- [nio-8080-exec-8] org.hibernate.SQL                        : 
    select
        count(cm1_0.id) 
    from
        chat_message cm1_0 
    where
        cm1_0.chat_room_id=? 
        and cm1_0.sender_id<>? 
        and cm1_0.read=false
2026-05-28T20:09:50.580+09:00 TRACE 31519 --- [nio-8080-exec-8] org.hibernate.orm.jdbc.bind              : binding parameter (1:BIGINT) <- [3]
2026-05-28T20:09:50.580+09:00 TRACE 31519 --- [nio-8080-exec-8] org.hibernate.orm.jdbc.bind              : binding parameter (2:BIGINT) <- [3]
2026-05-28T20:09:50.583+09:00 DEBUG 31519 --- [nio-8080-exec-7] org.hibernate.SQL                        : 
    select
        m1_0.id,
        m1_0.managerId,
        m1_0.password,
        m1_0.role,
        m1_0.username,
        m1_0.virtualBalance 
    from
        Member m1_0 
    where
        m1_0.id=?
2026-05-28T20:09:50.583+09:00 TRACE 31519 --- [nio-8080-exec-7] org.hibernate.orm.jdbc.bind              : binding parameter (1:BIGINT) <- [3]
2026-05-28T20:09:50.583+09:00 DEBUG 31519 --- [nio-8080-exec-7] org.hibernate.SQL                        : 
    select
        cr1_0.id,
        cr1_0.createdAt,
        cr1_0.member1_id,
        cr1_0.member2_id 
    from
        chat_room cr1_0 
    where
        cr1_0.member1_id=? 
        or cr1_0.member2_id=?
2026-05-28T20:09:50.583+09:00 TRACE 31519 --- [nio-8080-exec-7] org.hibernate.orm.jdbc.bind              : binding parameter (1:BIGINT) <- [3]
2026-05-28T20:09:50.583+09:00 TRACE 31519 --- [nio-8080-exec-7] org.hibernate.orm.jdbc.bind              : binding parameter (2:BIGINT) <- [3]
2026-05-28T20:09:50.584+09:00 DEBUG 31519 --- [nio-8080-exec-7] org.hibernate.SQL                        : 
    select
        m1_0.id,
        m1_0.managerId,
        m1_0.password,
        m1_0.role,
        m1_0.username,
        m1_0.virtualBalance 
    from
        Member m1_0 
    where
        m1_0.id=?
2026-05-28T20:09:50.584+09:00 TRACE 31519 --- [nio-8080-exec-7] org.hibernate.orm.jdbc.bind              : binding parameter (1:BIGINT) <- [5]
2026-05-28T20:09:50.584+09:00 DEBUG 31519 --- [nio-8080-exec-7] org.hibernate.SQL                        : 
    select
        ms1_0.id,
        ms1_0.member_id,
        ms1_0.statusType,
        ms1_0.updatedAt 
    from
        MemberStatus ms1_0 
    where
        ms1_0.member_id=?
2026-05-28T20:09:50.585+09:00 TRACE 31519 --- [nio-8080-exec-7] org.hibernate.orm.jdbc.bind              : binding parameter (1:BIGINT) <- [5]
2026-05-28T20:09:50.585+09:00 DEBUG 31519 --- [nio-8080-exec-7] org.hibernate.SQL                        : 
    select
        cm1_0.id,
        cm1_0.chat_room_id,
        cm1_0.content,
        cm1_0.createdAt,
        cm1_0.messageType,
        cm1_0.read,
        cm1_0.readAt,
        cm1_0.sender_id 
    from
        chat_message cm1_0 
    where
        cm1_0.chat_room_id=? 
    order by
        cm1_0.createdAt desc 
    fetch
        first ? rows only
2026-05-28T20:09:50.585+09:00 TRACE 31519 --- [nio-8080-exec-7] org.hibernate.orm.jdbc.bind              : binding parameter (1:BIGINT) <- [3]
2026-05-28T20:09:50.585+09:00 TRACE 31519 --- [nio-8080-exec-7] org.hibernate.orm.jdbc.bind              : binding parameter (2:INTEGER) <- [1]
2026-05-28T20:09:50.586+09:00 DEBUG 31519 --- [nio-8080-exec-7] org.hibernate.SQL                        : 
    select
        count(cm1_0.id) 
    from
        chat_message cm1_0 
    where
        cm1_0.chat_room_id=? 
        and cm1_0.sender_id<>? 
        and cm1_0.read=false
2026-05-28T20:09:50.586+09:00 TRACE 31519 --- [nio-8080-exec-7] org.hibernate.orm.jdbc.bind              : binding parameter (1:BIGINT) <- [3]
2026-05-28T20:09:50.586+09:00 TRACE 31519 --- [nio-8080-exec-7] org.hibernate.orm.jdbc.bind              : binding parameter (2:BIGINT) <- [3]
2026-05-28T20:09:50.586+09:00 DEBUG 31519 --- [nio-8080-exec-1] org.hibernate.SQL                        : 
    select
        m1_0.id,
        m1_0.managerId,
        m1_0.password,
        m1_0.role,
        m1_0.username,
        m1_0.virtualBalance 
    from
        Member m1_0 
    where
        m1_0.id=?
2026-05-28T20:09:50.586+09:00 DEBUG 31519 --- [nio-8080-exec-5] org.hibernate.SQL                        : 
    select
        m1_0.id,
        m1_0.managerId,
        m1_0.password,
        m1_0.role,
        m1_0.username,
        m1_0.virtualBalance 
    from
        Member m1_0 
    where
        m1_0.id=?
2026-05-28T20:09:50.586+09:00 TRACE 31519 --- [nio-8080-exec-1] org.hibernate.orm.jdbc.bind              : binding parameter (1:BIGINT) <- [3]
2026-05-28T20:09:50.587+09:00 TRACE 31519 --- [nio-8080-exec-5] org.hibernate.orm.jdbc.bind              : binding parameter (1:BIGINT) <- [3]
2026-05-28T20:09:50.587+09:00 DEBUG 31519 --- [nio-8080-exec-1] org.hibernate.SQL                        : 
    select
        m1_0.id,
        m1_0.managerId,
        m1_0.password,
        m1_0.role,
        m1_0.username,
        m1_0.virtualBalance 
    from
        Member m1_0 
    where
        m1_0.id=?
2026-05-28T20:09:50.587+09:00 TRACE 31519 --- [nio-8080-exec-1] org.hibernate.orm.jdbc.bind              : binding parameter (1:BIGINT) <- [5]
2026-05-28T20:09:50.587+09:00 DEBUG 31519 --- [nio-8080-exec-5] org.hibernate.SQL                        : 
    select
        m1_0.id,
        m1_0.managerId,
        m1_0.password,
        m1_0.role,
        m1_0.username,
        m1_0.virtualBalance 
    from
        Member m1_0 
    where
        m1_0.id=?
2026-05-28T20:09:50.587+09:00 TRACE 31519 --- [nio-8080-exec-5] org.hibernate.orm.jdbc.bind              : binding parameter (1:BIGINT) <- [5]
2026-05-28T20:09:50.587+09:00 DEBUG 31519 --- [nio-8080-exec-1] org.hibernate.SQL                        : 
    select
        cr1_0.id,
        cr1_0.createdAt,
        cr1_0.member1_id,
        cr1_0.member2_id 
    from
        chat_room cr1_0 
    where
        cr1_0.member1_id=? 
        and cr1_0.member2_id=?
2026-05-28T20:09:50.587+09:00 DEBUG 31519 --- [nio-8080-exec-5] org.hibernate.SQL                        : 
    select
        cr1_0.id,
        cr1_0.createdAt,
        cr1_0.member1_id,
        cr1_0.member2_id 
    from
        chat_room cr1_0 
    where
        cr1_0.member1_id=? 
        and cr1_0.member2_id=?
2026-05-28T20:09:50.587+09:00 TRACE 31519 --- [nio-8080-exec-1] org.hibernate.orm.jdbc.bind              : binding parameter (1:BIGINT) <- [3]
2026-05-28T20:09:50.587+09:00 TRACE 31519 --- [nio-8080-exec-5] org.hibernate.orm.jdbc.bind              : binding parameter (1:BIGINT) <- [3]
2026-05-28T20:09:50.587+09:00 TRACE 31519 --- [nio-8080-exec-1] org.hibernate.orm.jdbc.bind              : binding parameter (2:BIGINT) <- [5]
2026-05-28T20:09:50.587+09:00 TRACE 31519 --- [nio-8080-exec-5] org.hibernate.orm.jdbc.bind              : binding parameter (2:BIGINT) <- [5]
2026-05-28T20:09:50.587+09:00 DEBUG 31519 --- [nio-8080-exec-5] org.hibernate.SQL                        : 
    update
        chat_message cm1_0 
    set
        read=true,
        readAt=localtimestamp 
    where
        cm1_0.chat_room_id=? 
        and cm1_0.sender_id<>? 
        and cm1_0.read=false
2026-05-28T20:09:50.587+09:00 TRACE 31519 --- [nio-8080-exec-5] org.hibernate.orm.jdbc.bind              : binding parameter (1:BIGINT) <- [3]
2026-05-28T20:09:50.587+09:00 TRACE 31519 --- [nio-8080-exec-5] org.hibernate.orm.jdbc.bind              : binding parameter (2:BIGINT) <- [3]
2026-05-28T20:09:50.588+09:00 DEBUG 31519 --- [nio-8080-exec-1] org.hibernate.SQL                        : 
    update
        chat_message cm1_0 
    set
        read=true,
        readAt=localtimestamp 
    where
        cm1_0.chat_room_id=? 
        and cm1_0.sender_id<>? 
        and cm1_0.read=false
2026-05-28T20:09:50.588+09:00 TRACE 31519 --- [nio-8080-exec-1] org.hibernate.orm.jdbc.bind              : binding parameter (1:BIGINT) <- [3]
2026-05-28T20:09:50.588+09:00 TRACE 31519 --- [nio-8080-exec-1] org.hibernate.orm.jdbc.bind              : binding parameter (2:BIGINT) <- [3]
2026-05-28T20:09:50.588+09:00 DEBUG 31519 --- [nio-8080-exec-5] org.hibernate.SQL                        : 
    select
        cm1_0.id,
        cm1_0.chat_room_id,
        cm1_0.content,
        cm1_0.createdAt,
        cm1_0.messageType,
        cm1_0.read,
        cm1_0.readAt,
        cm1_0.sender_id 
    from
        chat_message cm1_0 
    where
        cm1_0.chat_room_id=? 
    order by
        cm1_0.createdAt desc 
    fetch
        first ? rows only
2026-05-28T20:09:50.588+09:00 TRACE 31519 --- [nio-8080-exec-5] org.hibernate.orm.jdbc.bind              : binding parameter (1:BIGINT) <- [3]
2026-05-28T20:09:50.588+09:00 TRACE 31519 --- [nio-8080-exec-5] org.hibernate.orm.jdbc.bind              : binding parameter (2:INTEGER) <- [50]
2026-05-28T20:09:50.589+09:00 DEBUG 31519 --- [nio-8080-exec-5] org.hibernate.SQL                        : 
    select
        ms1_0.id,
        ms1_0.member_id,
        ms1_0.statusType,
        ms1_0.updatedAt 
    from
        MemberStatus ms1_0 
    where
        ms1_0.member_id=?
2026-05-28T20:09:50.589+09:00 TRACE 31519 --- [nio-8080-exec-5] org.hibernate.orm.jdbc.bind              : binding parameter (1:BIGINT) <- [5]
2026-05-28T20:09:50.590+09:00 DEBUG 31519 --- [nio-8080-exec-1] org.hibernate.SQL                        : 
    select
        cm1_0.id,
        cm1_0.chat_room_id,
        cm1_0.content,
        cm1_0.createdAt,
        cm1_0.messageType,
        cm1_0.read,
        cm1_0.readAt,
        cm1_0.sender_id 
    from
        chat_message cm1_0 
    where
        cm1_0.chat_room_id=? 
    order by
        cm1_0.createdAt desc 
    fetch
        first ? rows only
2026-05-28T20:09:50.590+09:00 TRACE 31519 --- [nio-8080-exec-1] org.hibernate.orm.jdbc.bind              : binding parameter (1:BIGINT) <- [3]
2026-05-28T20:09:50.590+09:00 TRACE 31519 --- [nio-8080-exec-1] org.hibernate.orm.jdbc.bind              : binding parameter (2:INTEGER) <- [50]
2026-05-28T20:09:50.590+09:00 DEBUG 31519 --- [nio-8080-exec-1] org.hibernate.SQL                        : 
    select
        ms1_0.id,
        ms1_0.member_id,
        ms1_0.statusType,
        ms1_0.updatedAt 
    from
        MemberStatus ms1_0 
    where
        ms1_0.member_id=?
2026-05-28T20:09:50.590+09:00 TRACE 31519 --- [nio-8080-exec-1] org.hibernate.orm.jdbc.bind              : binding parameter (1:BIGINT) <- [5]
2026-05-28T20:09:50.594+09:00 DEBUG 31519 --- [nio-8080-exec-3] org.hibernate.SQL                        : 
    select
        m1_0.id,
        m1_0.managerId,
        m1_0.password,
        m1_0.role,
        m1_0.username,
        m1_0.virtualBalance 
    from
        Member m1_0 
    where
        m1_0.id=?
2026-05-28T20:09:50.594+09:00 TRACE 31519 --- [nio-8080-exec-3] org.hibernate.orm.jdbc.bind              : binding parameter (1:BIGINT) <- [3]
2026-05-28T20:09:50.595+09:00 DEBUG 31519 --- [nio-8080-exec-3] org.hibernate.SQL                        : 
    select
        m1_0.id,
        m1_0.managerId,
        m1_0.password,
        m1_0.role,
        m1_0.username,
        m1_0.virtualBalance 
    from
        Member m1_0 
    where
        m1_0.id=?
2026-05-28T20:09:50.595+09:00 TRACE 31519 --- [nio-8080-exec-3] org.hibernate.orm.jdbc.bind              : binding parameter (1:BIGINT) <- [5]
2026-05-28T20:09:50.595+09:00 DEBUG 31519 --- [nio-8080-exec-3] org.hibernate.SQL                        : 
    select
        ms1_0.id,
        ms1_0.member_id,
        ms1_0.statusType,
        ms1_0.updatedAt 
    from
        MemberStatus ms1_0 
    where
        ms1_0.member_id=?
2026-05-28T20:09:50.595+09:00 TRACE 31519 --- [nio-8080-exec-3] org.hibernate.orm.jdbc.bind              : binding parameter (1:BIGINT) <- [5]
2026-05-28T20:09:50.598+09:00 DEBUG 31519 --- [nio-8080-exec-9] org.hibernate.SQL                        : 
    select
        m1_0.id,
        m1_0.managerId,
        m1_0.password,
        m1_0.role,
        m1_0.username,
        m1_0.virtualBalance 
    from
        Member m1_0 
    where
        m1_0.id=?
2026-05-28T20:09:50.599+09:00 TRACE 31519 --- [nio-8080-exec-9] org.hibernate.orm.jdbc.bind              : binding parameter (1:BIGINT) <- [3]
2026-05-28T20:09:50.599+09:00 DEBUG 31519 --- [nio-8080-exec-9] org.hibernate.SQL                        : 
    select
        m1_0.id,
        m1_0.managerId,
        m1_0.password,
        m1_0.role,
        m1_0.username,
        m1_0.virtualBalance 
    from
        Member m1_0 
    where
        m1_0.id=?
2026-05-28T20:09:50.599+09:00 TRACE 31519 --- [nio-8080-exec-9] org.hibernate.orm.jdbc.bind              : binding parameter (1:BIGINT) <- [5]
2026-05-28T20:09:50.599+09:00 DEBUG 31519 --- [io-8080-exec-10] org.hibernate.SQL                        : 
    select
        m1_0.id,
        m1_0.managerId,
        m1_0.password,
        m1_0.role,
        m1_0.username,
        m1_0.virtualBalance 
    from
        Member m1_0 
    where
        m1_0.id=?
2026-05-28T20:09:50.599+09:00 TRACE 31519 --- [io-8080-exec-10] org.hibernate.orm.jdbc.bind              : binding parameter (1:BIGINT) <- [3]
2026-05-28T20:09:50.599+09:00 DEBUG 31519 --- [nio-8080-exec-9] org.hibernate.SQL                        : 
    select
        ms1_0.id,
        ms1_0.member_id,
        ms1_0.statusType,
        ms1_0.updatedAt 
    from
        MemberStatus ms1_0 
    where
        ms1_0.member_id=?
2026-05-28T20:09:50.599+09:00 TRACE 31519 --- [nio-8080-exec-9] org.hibernate.orm.jdbc.bind              : binding parameter (1:BIGINT) <- [5]
2026-05-28T20:09:50.599+09:00 DEBUG 31519 --- [io-8080-exec-10] org.hibernate.SQL                        : 
    select
        cr1_0.id,
        cr1_0.createdAt,
        cr1_0.member1_id,
        cr1_0.member2_id 
    from
        chat_room cr1_0 
    where
        cr1_0.id=?
2026-05-28T20:09:50.599+09:00 TRACE 31519 --- [io-8080-exec-10] org.hibernate.orm.jdbc.bind              : binding parameter (1:BIGINT) <- [3]
2026-05-28T20:09:50.600+09:00 DEBUG 31519 --- [io-8080-exec-10] org.hibernate.SQL                        : 
    update
        chat_message cm1_0 
    set
        read=true,
        readAt=localtimestamp 
    where
        cm1_0.chat_room_id=? 
        and cm1_0.sender_id<>? 
        and cm1_0.read=false
2026-05-28T20:09:50.600+09:00 TRACE 31519 --- [io-8080-exec-10] org.hibernate.orm.jdbc.bind              : binding parameter (1:BIGINT) <- [3]
2026-05-28T20:09:50.600+09:00 TRACE 31519 --- [io-8080-exec-10] org.hibernate.orm.jdbc.bind              : binding parameter (2:BIGINT) <- [3]
2026-05-28T20:09:50.603+09:00 DEBUG 31519 --- [nio-8080-exec-8] org.hibernate.SQL                        : 
    select
        m1_0.id,
        m1_0.managerId,
        m1_0.password,
        m1_0.role,
        m1_0.username,
        m1_0.virtualBalance 
    from
        Member m1_0 
    where
        m1_0.id=?
2026-05-28T20:09:50.603+09:00 TRACE 31519 --- [nio-8080-exec-8] org.hibernate.orm.jdbc.bind              : binding parameter (1:BIGINT) <- [3]
2026-05-28T20:09:50.604+09:00 DEBUG 31519 --- [nio-8080-exec-8] org.hibernate.SQL                        : 
    select
        cr1_0.id,
        cr1_0.createdAt,
        cr1_0.member1_id,
        cr1_0.member2_id 
    from
        chat_room cr1_0 
    where
        cr1_0.id=?
2026-05-28T20:09:50.604+09:00 TRACE 31519 --- [nio-8080-exec-8] org.hibernate.orm.jdbc.bind              : binding parameter (1:BIGINT) <- [3]
2026-05-28T20:09:50.604+09:00 DEBUG 31519 --- [nio-8080-exec-8] org.hibernate.SQL                        : 
    update
        chat_message cm1_0 
    set
        read=true,
        readAt=localtimestamp 
    where
        cm1_0.chat_room_id=? 
        and cm1_0.sender_id<>? 
        and cm1_0.read=false
2026-05-28T20:09:50.604+09:00 TRACE 31519 --- [nio-8080-exec-8] org.hibernate.orm.jdbc.bind              : binding parameter (1:BIGINT) <- [3]
2026-05-28T20:09:50.604+09:00 TRACE 31519 --- [nio-8080-exec-8] org.hibernate.orm.jdbc.bind              : binding parameter (2:BIGINT) <- [3]
2026-05-28T20:09:53.257+09:00 DEBUG 31519 --- [nio-8080-exec-2] org.hibernate.SQL                        : 
    select
        m1_0.id,
        m1_0.managerId,
        m1_0.password,
        m1_0.role,
        m1_0.username,
        m1_0.virtualBalance 
    from
        Member m1_0 
    where
        m1_0.id=?
2026-05-28T20:09:53.257+09:00 DEBUG 31519 --- [nio-8080-exec-4] org.hibernate.SQL                        : 
    select
        m1_0.id,
        m1_0.managerId,
        m1_0.password,
        m1_0.role,
        m1_0.username,
        m1_0.virtualBalance 
    from
        Member m1_0 
    where
        m1_0.id=?
2026-05-28T20:09:53.257+09:00 TRACE 31519 --- [nio-8080-exec-2] org.hibernate.orm.jdbc.bind              : binding parameter (1:BIGINT) <- [3]
2026-05-28T20:09:53.257+09:00 TRACE 31519 --- [nio-8080-exec-4] org.hibernate.orm.jdbc.bind              : binding parameter (1:BIGINT) <- [3]
2026-05-28T20:09:53.258+09:00 DEBUG 31519 --- [nio-8080-exec-2] org.hibernate.SQL                        : 
    select
        mr1_0.id,
        mr1_0.active,
        mr1_0.createdAt,
        mr1_0.endedAt,
        mr1_0.host_id,
        mr1_0.title 
    from
        MeetingRoom mr1_0 
    join
        Member h1_0 
            on h1_0.id=mr1_0.host_id 
    where
        mr1_0.active=true 
        and (
            h1_0.managerId=? 
            or mr1_0.host_id=?
        ) 
    order by
        mr1_0.createdAt desc
2026-05-28T20:09:53.258+09:00 DEBUG 31519 --- [nio-8080-exec-4] org.hibernate.SQL                        : 
    select
        m1_0.id,
        m1_0.managerId,
        m1_0.password,
        m1_0.role,
        m1_0.username,
        m1_0.virtualBalance 
    from
        Member m1_0 
    where
        m1_0.id=?
2026-05-28T20:09:53.258+09:00 TRACE 31519 --- [nio-8080-exec-4] org.hibernate.orm.jdbc.bind              : binding parameter (1:BIGINT) <- [4]
2026-05-28T20:09:53.258+09:00 DEBUG 31519 --- [nio-8080-exec-3] org.hibernate.SQL                        : 
    select
        m1_0.id,
        m1_0.managerId,
        m1_0.password,
        m1_0.role,
        m1_0.username,
        m1_0.virtualBalance 
    from
        Member m1_0 
    where
        m1_0.id=?
2026-05-28T20:09:53.258+09:00 TRACE 31519 --- [nio-8080-exec-3] org.hibernate.orm.jdbc.bind              : binding parameter (1:BIGINT) <- [3]
2026-05-28T20:09:53.258+09:00 DEBUG 31519 --- [nio-8080-exec-9] org.hibernate.SQL                        : 
    select
        m1_0.id,
        m1_0.managerId,
        m1_0.password,
        m1_0.role,
        m1_0.username,
        m1_0.virtualBalance 
    from
        Member m1_0 
    where
        m1_0.id=?
2026-05-28T20:09:53.258+09:00 TRACE 31519 --- [nio-8080-exec-9] org.hibernate.orm.jdbc.bind              : binding parameter (1:BIGINT) <- [3]
2026-05-28T20:09:53.258+09:00 TRACE 31519 --- [nio-8080-exec-2] org.hibernate.orm.jdbc.bind              : binding parameter (1:BIGINT) <- [4]
2026-05-28T20:09:53.258+09:00 TRACE 31519 --- [nio-8080-exec-2] org.hibernate.orm.jdbc.bind              : binding parameter (2:BIGINT) <- [4]
2026-05-28T20:09:53.258+09:00 DEBUG 31519 --- [nio-8080-exec-3] org.hibernate.SQL                        : 
    select
        m1_0.id,
        m1_0.managerId,
        m1_0.password,
        m1_0.role,
        m1_0.username,
        m1_0.virtualBalance 
    from
        Member m1_0 
    where
        m1_0.id=?
2026-05-28T20:09:53.258+09:00 TRACE 31519 --- [nio-8080-exec-3] org.hibernate.orm.jdbc.bind              : binding parameter (1:BIGINT) <- [3]
2026-05-28T20:09:53.258+09:00 DEBUG 31519 --- [nio-8080-exec-9] org.hibernate.SQL                        : 
    select
        m1_0.id,
        m1_0.managerId,
        m1_0.password,
        m1_0.role,
        m1_0.username,
        m1_0.virtualBalance 
    from
        Member m1_0 
    where
        m1_0.id=?
2026-05-28T20:09:53.258+09:00 TRACE 31519 --- [nio-8080-exec-9] org.hibernate.orm.jdbc.bind              : binding parameter (1:BIGINT) <- [3]
2026-05-28T20:09:53.259+09:00 DEBUG 31519 --- [nio-8080-exec-3] org.hibernate.SQL                        : 
    select
        ds1_0.id,
        ds1_0.createdAt,
        ds1_0.goal,
        ds1_0.member_id,
        ds1_0.result,
        ds1_0.standupDate,
        ds1_0.updatedAt 
    from
        DailyStandup ds1_0 
    where
        ds1_0.member_id=? 
        and ds1_0.standupDate=?
2026-05-28T20:09:53.259+09:00 DEBUG 31519 --- [nio-8080-exec-9] org.hibernate.SQL                        : 
    select
        n1_0.id,
        n1_0.createdAt,
        n1_0.message,
        n1_0.notificationType,
        n1_0.read,
        n1_0.readAt,
        n1_0.receiver_id,
        n1_0.sender_id 
    from
        Notification n1_0 
    where
        n1_0.receiver_id=? 
        and not(n1_0.read) 
    order by
        n1_0.createdAt desc
2026-05-28T20:09:53.259+09:00 TRACE 31519 --- [nio-8080-exec-3] org.hibernate.orm.jdbc.bind              : binding parameter (1:BIGINT) <- [3]
2026-05-28T20:09:53.259+09:00 TRACE 31519 --- [nio-8080-exec-3] org.hibernate.orm.jdbc.bind              : binding parameter (2:DATE) <- [2026-05-28]
2026-05-28T20:09:53.259+09:00 TRACE 31519 --- [nio-8080-exec-9] org.hibernate.orm.jdbc.bind              : binding parameter (1:BIGINT) <- [3]
2026-05-28T20:09:53.264+09:00 DEBUG 31519 --- [io-8080-exec-10] org.hibernate.SQL                        : 
    select
        m1_0.id,
        m1_0.managerId,
        m1_0.password,
        m1_0.role,
        m1_0.username,
        m1_0.virtualBalance 
    from
        Member m1_0 
    where
        m1_0.id=?
2026-05-28T20:09:53.264+09:00 TRACE 31519 --- [io-8080-exec-10] org.hibernate.orm.jdbc.bind              : binding parameter (1:BIGINT) <- [3]
2026-05-28T20:09:53.264+09:00 DEBUG 31519 --- [nio-8080-exec-8] org.hibernate.SQL                        : 
    select
        m1_0.id,
        m1_0.managerId,
        m1_0.password,
        m1_0.role,
        m1_0.username,
        m1_0.virtualBalance 
    from
        Member m1_0 
    where
        m1_0.id=?
2026-05-28T20:09:53.264+09:00 TRACE 31519 --- [nio-8080-exec-8] org.hibernate.orm.jdbc.bind              : binding parameter (1:BIGINT) <- [3]
2026-05-28T20:09:53.264+09:00 DEBUG 31519 --- [io-8080-exec-10] org.hibernate.SQL                        : 
    select
        m1_0.id,
        m1_0.managerId,
        m1_0.password,
        m1_0.role,
        m1_0.username,
        m1_0.virtualBalance 
    from
        Member m1_0 
    where
        m1_0.id=?
2026-05-28T20:09:53.264+09:00 TRACE 31519 --- [io-8080-exec-10] org.hibernate.orm.jdbc.bind              : binding parameter (1:BIGINT) <- [4]
2026-05-28T20:09:53.264+09:00 DEBUG 31519 --- [nio-8080-exec-6] org.hibernate.SQL                        : 
    select
        m1_0.id,
        m1_0.managerId,
        m1_0.password,
        m1_0.role,
        m1_0.username,
        m1_0.virtualBalance 
    from
        Member m1_0 
    where
        m1_0.id=?
2026-05-28T20:09:53.264+09:00 TRACE 31519 --- [nio-8080-exec-6] org.hibernate.orm.jdbc.bind              : binding parameter (1:BIGINT) <- [3]
2026-05-28T20:09:53.264+09:00 DEBUG 31519 --- [nio-8080-exec-8] org.hibernate.SQL                        : 
    select
        mr1_0.id,
        mr1_0.active,
        mr1_0.createdAt,
        mr1_0.endedAt,
        mr1_0.host_id,
        mr1_0.title 
    from
        MeetingRoom mr1_0 
    join
        Member h1_0 
            on h1_0.id=mr1_0.host_id 
    where
        mr1_0.active=true 
        and (
            h1_0.managerId=? 
            or mr1_0.host_id=?
        ) 
    order by
        mr1_0.createdAt desc
2026-05-28T20:09:53.265+09:00 DEBUG 31519 --- [nio-8080-exec-6] org.hibernate.SQL                        : 
    select
        m1_0.id,
        m1_0.managerId,
        m1_0.password,
        m1_0.role,
        m1_0.username,
        m1_0.virtualBalance 
    from
        Member m1_0 
    where
        m1_0.id=?
2026-05-28T20:09:53.265+09:00 TRACE 31519 --- [nio-8080-exec-6] org.hibernate.orm.jdbc.bind              : binding parameter (1:BIGINT) <- [3]
2026-05-28T20:09:53.265+09:00 TRACE 31519 --- [nio-8080-exec-8] org.hibernate.orm.jdbc.bind              : binding parameter (1:BIGINT) <- [4]
2026-05-28T20:09:53.265+09:00 TRACE 31519 --- [nio-8080-exec-8] org.hibernate.orm.jdbc.bind              : binding parameter (2:BIGINT) <- [4]
2026-05-28T20:09:53.265+09:00 DEBUG 31519 --- [nio-8080-exec-5] org.hibernate.SQL                        : 
    select
        m1_0.id,
        m1_0.managerId,
        m1_0.password,
        m1_0.role,
        m1_0.username,
        m1_0.virtualBalance 
    from
        Member m1_0 
    where
        m1_0.id=?
2026-05-28T20:09:53.265+09:00 TRACE 31519 --- [nio-8080-exec-5] org.hibernate.orm.jdbc.bind              : binding parameter (1:BIGINT) <- [3]
2026-05-28T20:09:53.265+09:00 DEBUG 31519 --- [nio-8080-exec-5] org.hibernate.SQL                        : 
    select
        m1_0.id,
        m1_0.managerId,
        m1_0.password,
        m1_0.role,
        m1_0.username,
        m1_0.virtualBalance 
    from
        Member m1_0 
    where
        m1_0.id=?
2026-05-28T20:09:53.265+09:00 DEBUG 31519 --- [nio-8080-exec-6] org.hibernate.SQL                        : 
    select
        n1_0.id,
        n1_0.createdAt,
        n1_0.message,
        n1_0.notificationType,
        n1_0.read,
        n1_0.readAt,
        n1_0.receiver_id,
        n1_0.sender_id 
    from
        Notification n1_0 
    where
        n1_0.receiver_id=? 
        and not(n1_0.read) 
    order by
        n1_0.createdAt desc
2026-05-28T20:09:53.265+09:00 TRACE 31519 --- [nio-8080-exec-5] org.hibernate.orm.jdbc.bind              : binding parameter (1:BIGINT) <- [3]
2026-05-28T20:09:53.265+09:00 DEBUG 31519 --- [nio-8080-exec-1] org.hibernate.SQL                        : 
    select
        m1_0.id,
        m1_0.managerId,
        m1_0.password,
        m1_0.role,
        m1_0.username,
        m1_0.virtualBalance 
    from
        Member m1_0 
    where
        m1_0.id=?
2026-05-28T20:09:53.265+09:00 TRACE 31519 --- [nio-8080-exec-1] org.hibernate.orm.jdbc.bind              : binding parameter (1:BIGINT) <- [3]
2026-05-28T20:09:53.265+09:00 TRACE 31519 --- [nio-8080-exec-6] org.hibernate.orm.jdbc.bind              : binding parameter (1:BIGINT) <- [3]
2026-05-28T20:09:53.266+09:00 DEBUG 31519 --- [nio-8080-exec-5] org.hibernate.SQL                        : 
    select
        ds1_0.id,
        ds1_0.createdAt,
        ds1_0.goal,
        ds1_0.member_id,
        ds1_0.result,
        ds1_0.standupDate,
        ds1_0.updatedAt 
    from
        DailyStandup ds1_0 
    where
        ds1_0.member_id=? 
        and ds1_0.standupDate=?
2026-05-28T20:09:53.266+09:00 TRACE 31519 --- [nio-8080-exec-5] org.hibernate.orm.jdbc.bind              : binding parameter (1:BIGINT) <- [3]
2026-05-28T20:09:53.266+09:00 DEBUG 31519 --- [nio-8080-exec-1] org.hibernate.SQL                        : 
    select
        m1_0.id,
        m1_0.managerId,
        m1_0.password,
        m1_0.role,
        m1_0.username,
        m1_0.virtualBalance 
    from
        Member m1_0 
    where
        m1_0.managerId=?
2026-05-28T20:09:53.266+09:00 TRACE 31519 --- [nio-8080-exec-5] org.hibernate.orm.jdbc.bind              : binding parameter (2:DATE) <- [2026-05-28]
2026-05-28T20:09:53.266+09:00 TRACE 31519 --- [nio-8080-exec-1] org.hibernate.orm.jdbc.bind              : binding parameter (1:BIGINT) <- [4]
2026-05-28T20:09:53.271+09:00 DEBUG 31519 --- [nio-8080-exec-2] org.hibernate.SQL                        : 
    select
        m1_0.id,
        m1_0.managerId,
        m1_0.password,
        m1_0.role,
        m1_0.username,
        m1_0.virtualBalance 
    from
        Member m1_0 
    where
        m1_0.id=?
2026-05-28T20:09:53.271+09:00 TRACE 31519 --- [nio-8080-exec-2] org.hibernate.orm.jdbc.bind              : binding parameter (1:BIGINT) <- [3]
2026-05-28T20:09:53.271+09:00 DEBUG 31519 --- [nio-8080-exec-2] org.hibernate.SQL                        : 
    select
        m1_0.id,
        m1_0.managerId,
        m1_0.password,
        m1_0.role,
        m1_0.username,
        m1_0.virtualBalance 
    from
        Member m1_0 
    where
        m1_0.id=?
2026-05-28T20:09:53.271+09:00 TRACE 31519 --- [nio-8080-exec-2] org.hibernate.orm.jdbc.bind              : binding parameter (1:BIGINT) <- [4]
2026-05-28T20:09:53.271+09:00 DEBUG 31519 --- [nio-8080-exec-3] org.hibernate.SQL                        : 
    select
        m1_0.id,
        m1_0.managerId,
        m1_0.password,
        m1_0.role,
        m1_0.username,
        m1_0.virtualBalance 
    from
        Member m1_0 
    where
        m1_0.id=?
2026-05-28T20:09:53.271+09:00 TRACE 31519 --- [nio-8080-exec-3] org.hibernate.orm.jdbc.bind              : binding parameter (1:BIGINT) <- [3]
2026-05-28T20:09:53.272+09:00 DEBUG 31519 --- [nio-8080-exec-3] org.hibernate.SQL                        : 
    select
        m1_0.id,
        m1_0.managerId,
        m1_0.password,
        m1_0.role,
        m1_0.username,
        m1_0.virtualBalance 
    from
        Member m1_0 
    where
        m1_0.managerId=?
2026-05-28T20:09:53.272+09:00 TRACE 31519 --- [nio-8080-exec-3] org.hibernate.orm.jdbc.bind              : binding parameter (1:BIGINT) <- [4]
2026-05-28T20:09:53.273+09:00 DEBUG 31519 --- [nio-8080-exec-7] org.hibernate.SQL                        : 
    select
        m1_0.id,
        m1_0.managerId,
        m1_0.password,
        m1_0.role,
        m1_0.username,
        m1_0.virtualBalance 
    from
        Member m1_0 
    where
        m1_0.id=?
2026-05-28T20:09:53.273+09:00 TRACE 31519 --- [nio-8080-exec-7] org.hibernate.orm.jdbc.bind              : binding parameter (1:BIGINT) <- [3]
2026-05-28T20:09:53.273+09:00 DEBUG 31519 --- [nio-8080-exec-7] org.hibernate.SQL                        : 
    select
        m1_0.id,
        m1_0.managerId,
        m1_0.password,
        m1_0.role,
        m1_0.username,
        m1_0.virtualBalance 
    from
        Member m1_0 
    where
        m1_0.id=?
2026-05-28T20:09:53.273+09:00 TRACE 31519 --- [nio-8080-exec-7] org.hibernate.orm.jdbc.bind              : binding parameter (1:BIGINT) <- [4]
2026-05-28T20:09:53.279+09:00 DEBUG 31519 --- [nio-8080-exec-8] org.hibernate.SQL                        : 
    select
        m1_0.id,
        m1_0.managerId,
        m1_0.password,
        m1_0.role,
        m1_0.username,
        m1_0.virtualBalance 
    from
        Member m1_0 
    where
        m1_0.id=?
2026-05-28T20:09:53.279+09:00 TRACE 31519 --- [nio-8080-exec-8] org.hibernate.orm.jdbc.bind              : binding parameter (1:BIGINT) <- [3]
2026-05-28T20:09:53.279+09:00 DEBUG 31519 --- [nio-8080-exec-8] org.hibernate.SQL                        : 
    select
        m1_0.id,
        m1_0.managerId,
        m1_0.password,
        m1_0.role,
        m1_0.username,
        m1_0.virtualBalance 
    from
        Member m1_0 
    where
        m1_0.managerId=?
2026-05-28T20:09:53.279+09:00 TRACE 31519 --- [nio-8080-exec-8] org.hibernate.orm.jdbc.bind              : binding parameter (1:BIGINT) <- [4]
2026-05-28T20:09:53.283+09:00 DEBUG 31519 --- [nio-8080-exec-6] org.hibernate.SQL                        : 
    select
        m1_0.id,
        m1_0.managerId,
        m1_0.password,
        m1_0.role,
        m1_0.username,
        m1_0.virtualBalance 
    from
        Member m1_0 
    where
        m1_0.id=?
2026-05-28T20:09:53.283+09:00 TRACE 31519 --- [nio-8080-exec-6] org.hibernate.orm.jdbc.bind              : binding parameter (1:BIGINT) <- [3]
2026-05-28T20:09:53.284+09:00 DEBUG 31519 --- [nio-8080-exec-6] org.hibernate.SQL                        : 
    select
        m1_0.id,
        m1_0.managerId,
        m1_0.password,
        m1_0.role,
        m1_0.username,
        m1_0.virtualBalance 
    from
        Member m1_0 
    where
        m1_0.managerId=?
2026-05-28T20:09:53.284+09:00 TRACE 31519 --- [nio-8080-exec-6] org.hibernate.orm.jdbc.bind              : binding parameter (1:BIGINT) <- [4]
2026-05-28T20:09:54.155+09:00 DEBUG 31519 --- [nio-8080-exec-2] org.hibernate.SQL                        : 
    select
        m1_0.id,
        m1_0.managerId,
        m1_0.password,
        m1_0.role,
        m1_0.username,
        m1_0.virtualBalance 
    from
        Member m1_0 
    where
        m1_0.id=?
2026-05-28T20:09:54.155+09:00 TRACE 31519 --- [nio-8080-exec-2] org.hibernate.orm.jdbc.bind              : binding parameter (1:BIGINT) <- [3]
2026-05-28T20:09:54.158+09:00 DEBUG 31519 --- [nio-8080-exec-2] org.hibernate.SQL                        : 
    select
        m1_0.id,
        m1_0.managerId,
        m1_0.password,
        m1_0.role,
        m1_0.username,
        m1_0.virtualBalance 
    from
        Member m1_0 
    where
        m1_0.id=?
2026-05-28T20:09:54.158+09:00 TRACE 31519 --- [nio-8080-exec-2] org.hibernate.orm.jdbc.bind              : binding parameter (1:BIGINT) <- [3]
2026-05-28T20:09:54.159+09:00 DEBUG 31519 --- [nio-8080-exec-2] org.hibernate.SQL                        : 
    select
        ms1_0.id,
        ms1_0.member_id,
        ms1_0.statusType,
        ms1_0.updatedAt 
    from
        MemberStatus ms1_0 
    where
        ms1_0.member_id=?
2026-05-28T20:09:54.159+09:00 TRACE 31519 --- [nio-8080-exec-2] org.hibernate.orm.jdbc.bind              : binding parameter (1:BIGINT) <- [3]
2026-05-28T20:09:54.161+09:00  INFO 31519 --- [nio-8080-exec-2] c.worksight.api.service.StatusService    : Status updated: memberId=3, status=FOCUS
2026-05-28T20:09:54.165+09:00 DEBUG 31519 --- [nio-8080-exec-2] org.hibernate.SQL                        : 
    update
        MemberStatus 
    set
        member_id=?,
        statusType=?,
        updatedAt=? 
    where
        id=?
2026-05-28T20:09:54.165+09:00 TRACE 31519 --- [nio-8080-exec-2] org.hibernate.orm.jdbc.bind              : binding parameter (1:BIGINT) <- [3]
2026-05-28T20:09:54.165+09:00 TRACE 31519 --- [nio-8080-exec-2] org.hibernate.orm.jdbc.bind              : binding parameter (2:ENUM) <- [FOCUS]
2026-05-28T20:09:54.165+09:00 TRACE 31519 --- [nio-8080-exec-2] org.hibernate.orm.jdbc.bind              : binding parameter (3:TIMESTAMP) <- [2026-05-28T20:09:54.159830]
2026-05-28T20:09:54.165+09:00 TRACE 31519 --- [nio-8080-exec-2] org.hibernate.orm.jdbc.bind              : binding parameter (4:BIGINT) <- [3]
2026-05-28T20:09:54.166+09:00  INFO 31519 --- [nio-8080-exec-2] c.worksight.api.service.StatusService    : Status broadcasted: memberId=3, status=FOCUS, topic=/topic/team/4
2026-05-28T20:10:01.333+09:00 DEBUG 31519 --- [nio-8080-exec-3] org.hibernate.SQL                        : 
    select
        m1_0.id,
        m1_0.managerId,
        m1_0.password,
        m1_0.role,
        m1_0.username,
        m1_0.virtualBalance 
    from
        Member m1_0 
    where
        m1_0.id=?
2026-05-28T20:10:01.333+09:00 TRACE 31519 --- [nio-8080-exec-3] org.hibernate.orm.jdbc.bind              : binding parameter (1:BIGINT) <- [5]
2026-05-28T20:10:01.334+09:00 DEBUG 31519 --- [nio-8080-exec-3] org.hibernate.SQL                        : 
    select
        cr1_0.id,
        cr1_0.createdAt,
        cr1_0.member1_id,
        cr1_0.member2_id 
    from
        chat_room cr1_0 
    where
        cr1_0.id=?
2026-05-28T20:10:01.335+09:00 TRACE 31519 --- [nio-8080-exec-3] org.hibernate.orm.jdbc.bind              : binding parameter (1:BIGINT) <- [3]
2026-05-28T20:10:01.335+09:00 DEBUG 31519 --- [nio-8080-exec-3] org.hibernate.SQL                        : 
    select
        m1_0.id,
        m1_0.managerId,
        m1_0.password,
        m1_0.role,
        m1_0.username,
        m1_0.virtualBalance 
    from
        Member m1_0 
    where
        m1_0.id=?
2026-05-28T20:10:01.335+09:00 TRACE 31519 --- [nio-8080-exec-3] org.hibernate.orm.jdbc.bind              : binding parameter (1:BIGINT) <- [5]
2026-05-28T20:10:01.335+09:00 DEBUG 31519 --- [nio-8080-exec-3] org.hibernate.SQL                        : 
    insert 
    into
        chat_message
        (chat_room_id, content, createdAt, messageType, read, readAt, sender_id, id) 
    values
        (?, ?, ?, ?, ?, ?, ?, default)
2026-05-28T20:10:01.335+09:00 TRACE 31519 --- [nio-8080-exec-3] org.hibernate.orm.jdbc.bind              : binding parameter (1:BIGINT) <- [3]
2026-05-28T20:10:01.335+09:00 TRACE 31519 --- [nio-8080-exec-3] org.hibernate.orm.jdbc.bind              : binding parameter (2:VARCHAR) <- [야이 씹련아]
2026-05-28T20:10:01.336+09:00 TRACE 31519 --- [nio-8080-exec-3] org.hibernate.orm.jdbc.bind              : binding parameter (3:TIMESTAMP) <- [2026-05-28T20:10:01.335663]
2026-05-28T20:10:01.336+09:00 TRACE 31519 --- [nio-8080-exec-3] org.hibernate.orm.jdbc.bind              : binding parameter (4:ENUM) <- [URGENT]
2026-05-28T20:10:01.336+09:00 TRACE 31519 --- [nio-8080-exec-3] org.hibernate.orm.jdbc.bind              : binding parameter (5:BOOLEAN) <- [false]
2026-05-28T20:10:01.336+09:00 TRACE 31519 --- [nio-8080-exec-3] org.hibernate.orm.jdbc.bind              : binding parameter (6:TIMESTAMP) <- [null]
2026-05-28T20:10:01.336+09:00 TRACE 31519 --- [nio-8080-exec-3] org.hibernate.orm.jdbc.bind              : binding parameter (7:BIGINT) <- [5]
2026-05-28T20:10:01.336+09:00 DEBUG 31519 --- [nio-8080-exec-3] org.hibernate.SQL                        : 
    select
        m1_0.id,
        m1_0.managerId,
        m1_0.password,
        m1_0.role,
        m1_0.username,
        m1_0.virtualBalance 
    from
        Member m1_0 
    where
        m1_0.id=?
2026-05-28T20:10:01.336+09:00 TRACE 31519 --- [nio-8080-exec-3] org.hibernate.orm.jdbc.bind              : binding parameter (1:BIGINT) <- [3]
2026-05-28T20:10:01.337+09:00 DEBUG 31519 --- [nio-8080-exec-3] org.hibernate.SQL                        : 
    select
        ms1_0.id,
        ms1_0.member_id,
        ms1_0.statusType,
        ms1_0.updatedAt 
    from
        MemberStatus ms1_0 
    where
        ms1_0.member_id=?
2026-05-28T20:10:01.337+09:00 TRACE 31519 --- [nio-8080-exec-3] org.hibernate.orm.jdbc.bind              : binding parameter (1:BIGINT) <- [3]
2026-05-28T20:10:01.338+09:00  INFO 31519 --- [nio-8080-exec-3] com.worksight.api.service.ChatService    : Chat message sent: roomId=3, senderId=5, type=URGENT, receiverStatus=FOCUS
2026-05-28T20:10:01.338+09:00  INFO 31519 --- [nio-8080-exec-3] com.worksight.api.service.ChatService    : Chat pushed: event=CHAT_URGENT_RECEIVED, receiverId=3, receiverStatus=FOCUS
2026-05-28T20:10:08.535+09:00 DEBUG 31519 --- [nio-8080-exec-8] org.hibernate.SQL                        : 
    select
        m1_0.id,
        m1_0.managerId,
        m1_0.password,
        m1_0.role,
        m1_0.username,
        m1_0.virtualBalance 
    from
        Member m1_0 
    where
        m1_0.id=?
2026-05-28T20:10:08.535+09:00 TRACE 31519 --- [nio-8080-exec-8] org.hibernate.orm.jdbc.bind              : binding parameter (1:BIGINT) <- [3]
2026-05-28T20:10:08.535+09:00 DEBUG 31519 --- [io-8080-exec-10] org.hibernate.SQL                        : 
    select
        m1_0.id,
        m1_0.managerId,
        m1_0.password,
        m1_0.role,
        m1_0.username,
        m1_0.virtualBalance 
    from
        Member m1_0 
    where
        m1_0.id=?
2026-05-28T20:10:08.536+09:00 TRACE 31519 --- [io-8080-exec-10] org.hibernate.orm.jdbc.bind              : binding parameter (1:BIGINT) <- [3]
2026-05-28T20:10:08.536+09:00 DEBUG 31519 --- [nio-8080-exec-8] org.hibernate.SQL                        : 
    select
        mr1_0.id,
        mr1_0.active,
        mr1_0.createdAt,
        mr1_0.endedAt,
        mr1_0.host_id,
        mr1_0.title 
    from
        MeetingRoom mr1_0 
    join
        Member h1_0 
            on h1_0.id=mr1_0.host_id 
    where
        mr1_0.active=true 
        and (
            h1_0.managerId=? 
            or mr1_0.host_id=?
        ) 
    order by
        mr1_0.createdAt desc
2026-05-28T20:10:08.536+09:00 DEBUG 31519 --- [nio-8080-exec-1] org.hibernate.SQL                        : 
    select
        m1_0.id,
        m1_0.managerId,
        m1_0.password,
        m1_0.role,
        m1_0.username,
        m1_0.virtualBalance 
    from
        Member m1_0 
    where
        m1_0.id=?
2026-05-28T20:10:08.536+09:00 DEBUG 31519 --- [io-8080-exec-10] org.hibernate.SQL                        : 
    select
        m1_0.id,
        m1_0.managerId,
        m1_0.password,
        m1_0.role,
        m1_0.username,
        m1_0.virtualBalance 
    from
        Member m1_0 
    where
        m1_0.id=?
2026-05-28T20:10:08.536+09:00 TRACE 31519 --- [nio-8080-exec-1] org.hibernate.orm.jdbc.bind              : binding parameter (1:BIGINT) <- [3]
2026-05-28T20:10:08.536+09:00 TRACE 31519 --- [io-8080-exec-10] org.hibernate.orm.jdbc.bind              : binding parameter (1:BIGINT) <- [4]
2026-05-28T20:10:08.536+09:00 TRACE 31519 --- [nio-8080-exec-8] org.hibernate.orm.jdbc.bind              : binding parameter (1:BIGINT) <- [4]
2026-05-28T20:10:08.536+09:00 TRACE 31519 --- [nio-8080-exec-8] org.hibernate.orm.jdbc.bind              : binding parameter (2:BIGINT) <- [4]
2026-05-28T20:10:08.537+09:00 DEBUG 31519 --- [nio-8080-exec-1] org.hibernate.SQL                        : 
    select
        m1_0.id,
        m1_0.managerId,
        m1_0.password,
        m1_0.role,
        m1_0.username,
        m1_0.virtualBalance 
    from
        Member m1_0 
    where
        m1_0.id=?
2026-05-28T20:10:08.537+09:00 TRACE 31519 --- [nio-8080-exec-1] org.hibernate.orm.jdbc.bind              : binding parameter (1:BIGINT) <- [3]
2026-05-28T20:10:08.538+09:00 DEBUG 31519 --- [nio-8080-exec-1] org.hibernate.SQL                        : 
    select
        ds1_0.id,
        ds1_0.createdAt,
        ds1_0.goal,
        ds1_0.member_id,
        ds1_0.result,
        ds1_0.standupDate,
        ds1_0.updatedAt 
    from
        DailyStandup ds1_0 
    where
        ds1_0.member_id=? 
        and ds1_0.standupDate=?
2026-05-28T20:10:08.538+09:00 TRACE 31519 --- [nio-8080-exec-1] org.hibernate.orm.jdbc.bind              : binding parameter (1:BIGINT) <- [3]
2026-05-28T20:10:08.538+09:00 TRACE 31519 --- [nio-8080-exec-1] org.hibernate.orm.jdbc.bind              : binding parameter (2:DATE) <- [2026-05-28]
2026-05-28T20:10:08.539+09:00 DEBUG 31519 --- [nio-8080-exec-5] org.hibernate.SQL                        : 
    select
        m1_0.id,
        m1_0.managerId,
        m1_0.password,
        m1_0.role,
        m1_0.username,
        m1_0.virtualBalance 
    from
        Member m1_0 
    where
        m1_0.id=?
2026-05-28T20:10:08.539+09:00 TRACE 31519 --- [nio-8080-exec-5] org.hibernate.orm.jdbc.bind              : binding parameter (1:BIGINT) <- [3]
2026-05-28T20:10:08.539+09:00 DEBUG 31519 --- [nio-8080-exec-5] org.hibernate.SQL                        : 
    select
        m1_0.id,
        m1_0.managerId,
        m1_0.password,
        m1_0.role,
        m1_0.username,
        m1_0.virtualBalance 
    from
        Member m1_0 
    where
        m1_0.id=?
2026-05-28T20:10:08.539+09:00 TRACE 31519 --- [nio-8080-exec-5] org.hibernate.orm.jdbc.bind              : binding parameter (1:BIGINT) <- [3]
2026-05-28T20:10:08.540+09:00 DEBUG 31519 --- [nio-8080-exec-5] org.hibernate.SQL                        : 
    select
        n1_0.id,
        n1_0.createdAt,
        n1_0.message,
        n1_0.notificationType,
        n1_0.read,
        n1_0.readAt,
        n1_0.receiver_id,
        n1_0.sender_id 
    from
        Notification n1_0 
    where
        n1_0.receiver_id=? 
        and not(n1_0.read) 
    order by
        n1_0.createdAt desc
2026-05-28T20:10:08.540+09:00 TRACE 31519 --- [nio-8080-exec-5] org.hibernate.orm.jdbc.bind              : binding parameter (1:BIGINT) <- [3]
2026-05-28T20:10:08.542+09:00 DEBUG 31519 --- [nio-8080-exec-4] org.hibernate.SQL                        : 
    select
        m1_0.id,
        m1_0.managerId,
        m1_0.password,
        m1_0.role,
        m1_0.username,
        m1_0.virtualBalance 
    from
        Member m1_0 
    where
        m1_0.id=?
2026-05-28T20:10:08.542+09:00 TRACE 31519 --- [nio-8080-exec-4] org.hibernate.orm.jdbc.bind              : binding parameter (1:BIGINT) <- [3]
2026-05-28T20:10:08.542+09:00 DEBUG 31519 --- [nio-8080-exec-4] org.hibernate.SQL                        : 
    select
        m1_0.id,
        m1_0.managerId,
        m1_0.password,
        m1_0.role,
        m1_0.username,
        m1_0.virtualBalance 
    from
        Member m1_0 
    where
        m1_0.id=?
2026-05-28T20:10:08.542+09:00 TRACE 31519 --- [nio-8080-exec-4] org.hibernate.orm.jdbc.bind              : binding parameter (1:BIGINT) <- [4]
2026-05-28T20:10:08.543+09:00 DEBUG 31519 --- [nio-8080-exec-9] org.hibernate.SQL                        : 
    select
        m1_0.id,
        m1_0.managerId,
        m1_0.password,
        m1_0.role,
        m1_0.username,
        m1_0.virtualBalance 
    from
        Member m1_0 
    where
        m1_0.id=?
2026-05-28T20:10:08.543+09:00 DEBUG 31519 --- [nio-8080-exec-2] org.hibernate.SQL                        : 
    select
        m1_0.id,
        m1_0.managerId,
        m1_0.password,
        m1_0.role,
        m1_0.username,
        m1_0.virtualBalance 
    from
        Member m1_0 
    where
        m1_0.id=?
2026-05-28T20:10:08.543+09:00 TRACE 31519 --- [nio-8080-exec-9] org.hibernate.orm.jdbc.bind              : binding parameter (1:BIGINT) <- [3]
2026-05-28T20:10:08.543+09:00 TRACE 31519 --- [nio-8080-exec-2] org.hibernate.orm.jdbc.bind              : binding parameter (1:BIGINT) <- [3]
2026-05-28T20:10:08.543+09:00 DEBUG 31519 --- [nio-8080-exec-9] org.hibernate.SQL                        : 
    select
        mr1_0.id,
        mr1_0.active,
        mr1_0.createdAt,
        mr1_0.endedAt,
        mr1_0.host_id,
        mr1_0.title 
    from
        MeetingRoom mr1_0 
    join
        Member h1_0 
            on h1_0.id=mr1_0.host_id 
    where
        mr1_0.active=true 
        and (
            h1_0.managerId=? 
            or mr1_0.host_id=?
        ) 
    order by
        mr1_0.createdAt desc
2026-05-28T20:10:08.543+09:00 TRACE 31519 --- [nio-8080-exec-9] org.hibernate.orm.jdbc.bind              : binding parameter (1:BIGINT) <- [4]
2026-05-28T20:10:08.543+09:00 TRACE 31519 --- [nio-8080-exec-9] org.hibernate.orm.jdbc.bind              : binding parameter (2:BIGINT) <- [4]
2026-05-28T20:10:08.543+09:00 DEBUG 31519 --- [nio-8080-exec-2] org.hibernate.SQL                        : 
    select
        m1_0.id,
        m1_0.managerId,
        m1_0.password,
        m1_0.role,
        m1_0.username,
        m1_0.virtualBalance 
    from
        Member m1_0 
    where
        m1_0.managerId=?
2026-05-28T20:10:08.543+09:00 TRACE 31519 --- [nio-8080-exec-2] org.hibernate.orm.jdbc.bind              : binding parameter (1:BIGINT) <- [4]
2026-05-28T20:10:08.545+09:00 DEBUG 31519 --- [nio-8080-exec-3] org.hibernate.SQL                        : 
    select
        m1_0.id,
        m1_0.managerId,
        m1_0.password,
        m1_0.role,
        m1_0.username,
        m1_0.virtualBalance 
    from
        Member m1_0 
    where
        m1_0.id=?
2026-05-28T20:10:08.545+09:00 TRACE 31519 --- [nio-8080-exec-3] org.hibernate.orm.jdbc.bind              : binding parameter (1:BIGINT) <- [3]
2026-05-28T20:10:08.545+09:00 DEBUG 31519 --- [nio-8080-exec-7] org.hibernate.SQL                        : 
    select
        m1_0.id,
        m1_0.managerId,
        m1_0.password,
        m1_0.role,
        m1_0.username,
        m1_0.virtualBalance 
    from
        Member m1_0 
    where
        m1_0.id=?
2026-05-28T20:10:08.545+09:00 TRACE 31519 --- [nio-8080-exec-7] org.hibernate.orm.jdbc.bind              : binding parameter (1:BIGINT) <- [3]
2026-05-28T20:10:08.545+09:00 DEBUG 31519 --- [nio-8080-exec-3] org.hibernate.SQL                        : 
    select
        m1_0.id,
        m1_0.managerId,
        m1_0.password,
        m1_0.role,
        m1_0.username,
        m1_0.virtualBalance 
    from
        Member m1_0 
    where
        m1_0.id=?
2026-05-28T20:10:08.545+09:00 TRACE 31519 --- [nio-8080-exec-3] org.hibernate.orm.jdbc.bind              : binding parameter (1:BIGINT) <- [3]
2026-05-28T20:10:08.545+09:00 DEBUG 31519 --- [nio-8080-exec-7] org.hibernate.SQL                        : 
    select
        m1_0.id,
        m1_0.managerId,
        m1_0.password,
        m1_0.role,
        m1_0.username,
        m1_0.virtualBalance 
    from
        Member m1_0 
    where
        m1_0.id=?
2026-05-28T20:10:08.545+09:00 TRACE 31519 --- [nio-8080-exec-7] org.hibernate.orm.jdbc.bind              : binding parameter (1:BIGINT) <- [3]
2026-05-28T20:10:08.546+09:00 DEBUG 31519 --- [nio-8080-exec-3] org.hibernate.SQL                        : 
    select
        ds1_0.id,
        ds1_0.createdAt,
        ds1_0.goal,
        ds1_0.member_id,
        ds1_0.result,
        ds1_0.standupDate,
        ds1_0.updatedAt 
    from
        DailyStandup ds1_0 
    where
        ds1_0.member_id=? 
        and ds1_0.standupDate=?
2026-05-28T20:10:08.546+09:00 DEBUG 31519 --- [nio-8080-exec-7] org.hibernate.SQL                        : 
    select
        n1_0.id,
        n1_0.createdAt,
        n1_0.message,
        n1_0.notificationType,
        n1_0.read,
        n1_0.readAt,
        n1_0.receiver_id,
        n1_0.sender_id 
    from
        Notification n1_0 
    where
        n1_0.receiver_id=? 
        and not(n1_0.read) 
    order by
        n1_0.createdAt desc
2026-05-28T20:10:08.546+09:00 TRACE 31519 --- [nio-8080-exec-7] org.hibernate.orm.jdbc.bind              : binding parameter (1:BIGINT) <- [3]
2026-05-28T20:10:08.546+09:00 TRACE 31519 --- [nio-8080-exec-3] org.hibernate.orm.jdbc.bind              : binding parameter (1:BIGINT) <- [3]
2026-05-28T20:10:08.546+09:00 TRACE 31519 --- [nio-8080-exec-3] org.hibernate.orm.jdbc.bind              : binding parameter (2:DATE) <- [2026-05-28]
2026-05-28T20:10:08.547+09:00 DEBUG 31519 --- [nio-8080-exec-1] org.hibernate.SQL                        : 
    select
        m1_0.id,
        m1_0.managerId,
        m1_0.password,
        m1_0.role,
        m1_0.username,
        m1_0.virtualBalance 
    from
        Member m1_0 
    where
        m1_0.id=?
2026-05-28T20:10:08.547+09:00 TRACE 31519 --- [nio-8080-exec-1] org.hibernate.orm.jdbc.bind              : binding parameter (1:BIGINT) <- [3]
2026-05-28T20:10:08.547+09:00 DEBUG 31519 --- [nio-8080-exec-1] org.hibernate.SQL                        : 
    select
        m1_0.id,
        m1_0.managerId,
        m1_0.password,
        m1_0.role,
        m1_0.username,
        m1_0.virtualBalance 
    from
        Member m1_0 
    where
        m1_0.id=?
2026-05-28T20:10:08.547+09:00 TRACE 31519 --- [nio-8080-exec-1] org.hibernate.orm.jdbc.bind              : binding parameter (1:BIGINT) <- [4]
2026-05-28T20:10:08.549+09:00 DEBUG 31519 --- [nio-8080-exec-6] org.hibernate.SQL                        : 
    select
        m1_0.id,
        m1_0.managerId,
        m1_0.password,
        m1_0.role,
        m1_0.username,
        m1_0.virtualBalance 
    from
        Member m1_0 
    where
        m1_0.id=?
2026-05-28T20:10:08.549+09:00 TRACE 31519 --- [nio-8080-exec-6] org.hibernate.orm.jdbc.bind              : binding parameter (1:BIGINT) <- [3]
2026-05-28T20:10:08.549+09:00 DEBUG 31519 --- [nio-8080-exec-6] org.hibernate.SQL                        : 
    select
        m1_0.id,
        m1_0.managerId,
        m1_0.password,
        m1_0.role,
        m1_0.username,
        m1_0.virtualBalance 
    from
        Member m1_0 
    where
        m1_0.managerId=?
2026-05-28T20:10:08.549+09:00 TRACE 31519 --- [nio-8080-exec-6] org.hibernate.orm.jdbc.bind              : binding parameter (1:BIGINT) <- [4]
2026-05-28T20:10:08.550+09:00 DEBUG 31519 --- [nio-8080-exec-4] org.hibernate.SQL                        : 
    select
        m1_0.id,
        m1_0.managerId,
        m1_0.password,
        m1_0.role,
        m1_0.username,
        m1_0.virtualBalance 
    from
        Member m1_0 
    where
        m1_0.id=?
2026-05-28T20:10:08.550+09:00 TRACE 31519 --- [nio-8080-exec-4] org.hibernate.orm.jdbc.bind              : binding parameter (1:BIGINT) <- [3]
2026-05-28T20:10:08.550+09:00 DEBUG 31519 --- [nio-8080-exec-4] org.hibernate.SQL                        : 
    select
        m1_0.id,
        m1_0.managerId,
        m1_0.password,
        m1_0.role,
        m1_0.username,
        m1_0.virtualBalance 
    from
        Member m1_0 
    where
        m1_0.id=?
2026-05-28T20:10:08.550+09:00 TRACE 31519 --- [nio-8080-exec-4] org.hibernate.orm.jdbc.bind              : binding parameter (1:BIGINT) <- [4]
2026-05-28T20:10:08.556+09:00 DEBUG 31519 --- [io-8080-exec-10] org.hibernate.SQL                        : 
    select
        m1_0.id,
        m1_0.managerId,
        m1_0.password,
        m1_0.role,
        m1_0.username,
        m1_0.virtualBalance 
    from
        Member m1_0 
    where
        m1_0.id=?
2026-05-28T20:10:08.556+09:00 TRACE 31519 --- [io-8080-exec-10] org.hibernate.orm.jdbc.bind              : binding parameter (1:BIGINT) <- [3]
2026-05-28T20:10:08.557+09:00 DEBUG 31519 --- [io-8080-exec-10] org.hibernate.SQL                        : 
    select
        m1_0.id,
        m1_0.managerId,
        m1_0.password,
        m1_0.role,
        m1_0.username,
        m1_0.virtualBalance 
    from
        Member m1_0 
    where
        m1_0.managerId=?
2026-05-28T20:10:08.557+09:00 TRACE 31519 --- [io-8080-exec-10] org.hibernate.orm.jdbc.bind              : binding parameter (1:BIGINT) <- [4]
2026-05-28T20:10:08.559+09:00 DEBUG 31519 --- [nio-8080-exec-7] org.hibernate.SQL                        : 
    select
        m1_0.id,
        m1_0.managerId,
        m1_0.password,
        m1_0.role,
        m1_0.username,
        m1_0.virtualBalance 
    from
        Member m1_0 
    where
        m1_0.id=?
2026-05-28T20:10:08.559+09:00 TRACE 31519 --- [nio-8080-exec-7] org.hibernate.orm.jdbc.bind              : binding parameter (1:BIGINT) <- [3]
2026-05-28T20:10:08.559+09:00 DEBUG 31519 --- [nio-8080-exec-7] org.hibernate.SQL                        : 
    select
        m1_0.id,
        m1_0.managerId,
        m1_0.password,
        m1_0.role,
        m1_0.username,
        m1_0.virtualBalance 
    from
        Member m1_0 
    where
        m1_0.managerId=?
2026-05-28T20:10:08.559+09:00 TRACE 31519 --- [nio-8080-exec-7] org.hibernate.orm.jdbc.bind              : binding parameter (1:BIGINT) <- [4]
2026-05-28T20:10:14.041+09:00 DEBUG 31519 --- [nio-8080-exec-7] org.hibernate.SQL                        : 
    select
        m1_0.id,
        m1_0.managerId,
        m1_0.password,
        m1_0.role,
        m1_0.username,
        m1_0.virtualBalance 
    from
        Member m1_0 
    where
        m1_0.id=?
2026-05-28T20:10:14.041+09:00 TRACE 31519 --- [nio-8080-exec-7] org.hibernate.orm.jdbc.bind              : binding parameter (1:BIGINT) <- [3]
2026-05-28T20:10:14.045+09:00 DEBUG 31519 --- [nio-8080-exec-7] org.hibernate.SQL                        : 
    select
        m1_0.id,
        m1_0.managerId,
        m1_0.password,
        m1_0.role,
        m1_0.username,
        m1_0.virtualBalance 
    from
        Member m1_0 
    where
        m1_0.id=?
2026-05-28T20:10:14.045+09:00 TRACE 31519 --- [nio-8080-exec-7] org.hibernate.orm.jdbc.bind              : binding parameter (1:BIGINT) <- [3]
2026-05-28T20:10:14.047+09:00 DEBUG 31519 --- [nio-8080-exec-7] org.hibernate.SQL                        : 
    select
        mr1_0.id 
    from
        MeetingRoom mr1_0 
    where
        mr1_0.host_id=? 
        and mr1_0.active 
    fetch
        first ? rows only
2026-05-28T20:10:14.048+09:00 TRACE 31519 --- [nio-8080-exec-7] org.hibernate.orm.jdbc.bind              : binding parameter (1:BIGINT) <- [3]
2026-05-28T20:10:14.048+09:00 TRACE 31519 --- [nio-8080-exec-7] org.hibernate.orm.jdbc.bind              : binding parameter (2:INTEGER) <- [1]
2026-05-28T20:10:14.050+09:00 DEBUG 31519 --- [nio-8080-exec-7] org.hibernate.SQL                        : 
    insert 
    into
        MeetingRoom
        (active, createdAt, endedAt, host_id, title, id) 
    values
        (?, ?, ?, ?, ?, default)
2026-05-28T20:10:14.050+09:00 TRACE 31519 --- [nio-8080-exec-7] org.hibernate.orm.jdbc.bind              : binding parameter (1:BOOLEAN) <- [true]
2026-05-28T20:10:14.050+09:00 TRACE 31519 --- [nio-8080-exec-7] org.hibernate.orm.jdbc.bind              : binding parameter (2:TIMESTAMP) <- [2026-05-28T20:10:14.050296]
2026-05-28T20:10:14.050+09:00 TRACE 31519 --- [nio-8080-exec-7] org.hibernate.orm.jdbc.bind              : binding parameter (3:TIMESTAMP) <- [null]
2026-05-28T20:10:14.050+09:00 TRACE 31519 --- [nio-8080-exec-7] org.hibernate.orm.jdbc.bind              : binding parameter (4:BIGINT) <- [3]
2026-05-28T20:10:14.050+09:00 TRACE 31519 --- [nio-8080-exec-7] org.hibernate.orm.jdbc.bind              : binding parameter (5:VARCHAR) <- [ㄴㄷㅌ]
2026-05-28T20:10:14.051+09:00 DEBUG 31519 --- [nio-8080-exec-7] org.hibernate.SQL                        : 
    insert 
    into
        MeetingParticipant
        (invited, meeting_room_id, member_id, requestStatus, requestedAt, respondedAt, id) 
    values
        (?, ?, ?, ?, ?, ?, default)
2026-05-28T20:10:14.051+09:00 TRACE 31519 --- [nio-8080-exec-7] org.hibernate.orm.jdbc.bind              : binding parameter (1:BOOLEAN) <- [false]
2026-05-28T20:10:14.051+09:00 TRACE 31519 --- [nio-8080-exec-7] org.hibernate.orm.jdbc.bind              : binding parameter (2:BIGINT) <- [1]
2026-05-28T20:10:14.051+09:00 TRACE 31519 --- [nio-8080-exec-7] org.hibernate.orm.jdbc.bind              : binding parameter (3:BIGINT) <- [3]
2026-05-28T20:10:14.051+09:00 TRACE 31519 --- [nio-8080-exec-7] org.hibernate.orm.jdbc.bind              : binding parameter (4:ENUM) <- [ACCEPTED]
2026-05-28T20:10:14.051+09:00 TRACE 31519 --- [nio-8080-exec-7] org.hibernate.orm.jdbc.bind              : binding parameter (5:TIMESTAMP) <- [2026-05-28T20:10:14.051678]
2026-05-28T20:10:14.051+09:00 TRACE 31519 --- [nio-8080-exec-7] org.hibernate.orm.jdbc.bind              : binding parameter (6:TIMESTAMP) <- [null]
2026-05-28T20:10:14.058+09:00 DEBUG 31519 --- [nio-8080-exec-7] org.hibernate.SQL                        : 
    select
        ms1_0.id,
        ms1_0.member_id,
        ms1_0.statusType,
        ms1_0.updatedAt 
    from
        MemberStatus ms1_0 
    where
        ms1_0.member_id=?
2026-05-28T20:10:14.058+09:00 TRACE 31519 --- [nio-8080-exec-7] org.hibernate.orm.jdbc.bind              : binding parameter (1:BIGINT) <- [3]
2026-05-28T20:10:14.058+09:00  INFO 31519 --- [nio-8080-exec-7] c.worksight.api.service.StatusService    : Status updated: memberId=3, status=MEETING
2026-05-28T20:10:14.059+09:00  INFO 31519 --- [nio-8080-exec-7] c.w.api.service.MeetingRoomService       : MeetingRoom created: roomId=1, host=test02
2026-05-28T20:10:14.060+09:00 DEBUG 31519 --- [nio-8080-exec-7] org.hibernate.SQL                        : 
    update
        MemberStatus 
    set
        member_id=?,
        statusType=?,
        updatedAt=? 
    where
        id=?
2026-05-28T20:10:14.060+09:00 TRACE 31519 --- [nio-8080-exec-7] org.hibernate.orm.jdbc.bind              : binding parameter (1:BIGINT) <- [3]
2026-05-28T20:10:14.060+09:00 TRACE 31519 --- [nio-8080-exec-7] org.hibernate.orm.jdbc.bind              : binding parameter (2:ENUM) <- [MEETING]
2026-05-28T20:10:14.060+09:00 TRACE 31519 --- [nio-8080-exec-7] org.hibernate.orm.jdbc.bind              : binding parameter (3:TIMESTAMP) <- [2026-05-28T20:10:14.058833]
2026-05-28T20:10:14.060+09:00 TRACE 31519 --- [nio-8080-exec-7] org.hibernate.orm.jdbc.bind              : binding parameter (4:BIGINT) <- [3]
2026-05-28T20:10:14.060+09:00  INFO 31519 --- [nio-8080-exec-7] c.worksight.api.service.StatusService    : Status broadcasted: memberId=3, status=MEETING, topic=/topic/team/4
2026-05-28T20:10:14.067+09:00 DEBUG 31519 --- [nio-8080-exec-3] org.hibernate.SQL                        : 
    select
        m1_0.id,
        m1_0.managerId,
        m1_0.password,
        m1_0.role,
        m1_0.username,
        m1_0.virtualBalance 
    from
        Member m1_0 
    where
        m1_0.id=?
2026-05-28T20:10:14.067+09:00 TRACE 31519 --- [nio-8080-exec-3] org.hibernate.orm.jdbc.bind              : binding parameter (1:BIGINT) <- [3]
2026-05-28T20:10:14.068+09:00 DEBUG 31519 --- [nio-8080-exec-3] org.hibernate.SQL                        : 
    select
        mr1_0.id,
        mr1_0.active,
        mr1_0.createdAt,
        mr1_0.endedAt,
        mr1_0.host_id,
        mr1_0.title 
    from
        MeetingRoom mr1_0 
    join
        Member h1_0 
            on h1_0.id=mr1_0.host_id 
    where
        mr1_0.active=true 
        and (
            h1_0.managerId=? 
            or mr1_0.host_id=?
        ) 
    order by
        mr1_0.createdAt desc
2026-05-28T20:10:14.068+09:00 TRACE 31519 --- [nio-8080-exec-3] org.hibernate.orm.jdbc.bind              : binding parameter (1:BIGINT) <- [4]
2026-05-28T20:10:14.068+09:00 TRACE 31519 --- [nio-8080-exec-3] org.hibernate.orm.jdbc.bind              : binding parameter (2:BIGINT) <- [4]
2026-05-28T20:10:14.069+09:00 DEBUG 31519 --- [nio-8080-exec-3] org.hibernate.SQL                        : 
    select
        count(mp1_0.id) 
    from
        MeetingParticipant mp1_0 
    where
        mp1_0.meeting_room_id=? 
        and mp1_0.requestStatus=?
2026-05-28T20:10:14.069+09:00 TRACE 31519 --- [nio-8080-exec-3] org.hibernate.orm.jdbc.bind              : binding parameter (1:BIGINT) <- [1]
2026-05-28T20:10:14.069+09:00 TRACE 31519 --- [nio-8080-exec-3] org.hibernate.orm.jdbc.bind              : binding parameter (2:ENUM) <- [ACCEPTED]
2026-05-28T20:10:14.069+09:00 DEBUG 31519 --- [nio-8080-exec-3] org.hibernate.SQL                        : 
    select
        m1_0.id,
        m1_0.managerId,
        m1_0.password,
        m1_0.role,
        m1_0.username,
        m1_0.virtualBalance 
    from
        Member m1_0 
    where
        m1_0.id=?
2026-05-28T20:10:14.069+09:00 TRACE 31519 --- [nio-8080-exec-3] org.hibernate.orm.jdbc.bind              : binding parameter (1:BIGINT) <- [3]
2026-05-28T20:10:14.072+09:00 DEBUG 31519 --- [nio-8080-exec-1] org.hibernate.SQL                        : 
    select
        m1_0.id,
        m1_0.managerId,
        m1_0.password,
        m1_0.role,
        m1_0.username,
        m1_0.virtualBalance 
    from
        Member m1_0 
    where
        m1_0.id=?
2026-05-28T20:10:14.072+09:00 TRACE 31519 --- [nio-8080-exec-1] org.hibernate.orm.jdbc.bind              : binding parameter (1:BIGINT) <- [5]
2026-05-28T20:10:14.072+09:00 DEBUG 31519 --- [nio-8080-exec-1] org.hibernate.SQL                        : 
    select
        mr1_0.id,
        mr1_0.active,
        mr1_0.createdAt,
        mr1_0.endedAt,
        mr1_0.host_id,
        mr1_0.title 
    from
        MeetingRoom mr1_0 
    join
        Member h1_0 
            on h1_0.id=mr1_0.host_id 
    where
        mr1_0.active=true 
        and (
            h1_0.managerId=? 
            or mr1_0.host_id=?
        ) 
    order by
        mr1_0.createdAt desc
2026-05-28T20:10:14.072+09:00 TRACE 31519 --- [nio-8080-exec-1] org.hibernate.orm.jdbc.bind              : binding parameter (1:BIGINT) <- [4]
2026-05-28T20:10:14.072+09:00 TRACE 31519 --- [nio-8080-exec-1] org.hibernate.orm.jdbc.bind              : binding parameter (2:BIGINT) <- [4]
2026-05-28T20:10:14.073+09:00 DEBUG 31519 --- [nio-8080-exec-1] org.hibernate.SQL                        : 
    select
        count(mp1_0.id) 
    from
        MeetingParticipant mp1_0 
    where
        mp1_0.meeting_room_id=? 
        and mp1_0.requestStatus=?
2026-05-28T20:10:14.073+09:00 TRACE 31519 --- [nio-8080-exec-1] org.hibernate.orm.jdbc.bind              : binding parameter (1:BIGINT) <- [1]
2026-05-28T20:10:14.073+09:00 TRACE 31519 --- [nio-8080-exec-1] org.hibernate.orm.jdbc.bind              : binding parameter (2:ENUM) <- [ACCEPTED]
2026-05-28T20:10:14.073+09:00 DEBUG 31519 --- [nio-8080-exec-1] org.hibernate.SQL                        : 
    select
        m1_0.id,
        m1_0.managerId,
        m1_0.password,
        m1_0.role,
        m1_0.username,
        m1_0.virtualBalance 
    from
        Member m1_0 
    where
        m1_0.id=?
2026-05-28T20:10:14.073+09:00 TRACE 31519 --- [nio-8080-exec-1] org.hibernate.orm.jdbc.bind              : binding parameter (1:BIGINT) <- [3]
2026-05-28T20:10:16.045+09:00 DEBUG 31519 --- [nio-8080-exec-5] org.hibernate.SQL                        : 
    select
        m1_0.id,
        m1_0.managerId,
        m1_0.password,
        m1_0.role,
        m1_0.username,
        m1_0.virtualBalance 
    from
        Member m1_0 
    where
        m1_0.id=?
2026-05-28T20:10:16.045+09:00 TRACE 31519 --- [nio-8080-exec-5] org.hibernate.orm.jdbc.bind              : binding parameter (1:BIGINT) <- [3]
2026-05-28T20:10:16.050+09:00 DEBUG 31519 --- [nio-8080-exec-5] org.hibernate.SQL                        : 
    select
        mr1_0.id,
        mr1_0.active,
        mr1_0.createdAt,
        mr1_0.endedAt,
        mr1_0.host_id,
        mr1_0.title 
    from
        MeetingRoom mr1_0 
    where
        mr1_0.id=?
2026-05-28T20:10:16.050+09:00 TRACE 31519 --- [nio-8080-exec-5] org.hibernate.orm.jdbc.bind              : binding parameter (1:BIGINT) <- [1]
2026-05-28T20:10:16.051+09:00 DEBUG 31519 --- [nio-8080-exec-5] org.hibernate.SQL                        : 
    select
        m1_0.id,
        m1_0.managerId,
        m1_0.password,
        m1_0.role,
        m1_0.username,
        m1_0.virtualBalance 
    from
        Member m1_0 
    where
        m1_0.id=?
2026-05-28T20:10:16.051+09:00 TRACE 31519 --- [nio-8080-exec-5] org.hibernate.orm.jdbc.bind              : binding parameter (1:BIGINT) <- [5]
2026-05-28T20:10:16.053+09:00 DEBUG 31519 --- [nio-8080-exec-5] org.hibernate.SQL                        : 
    select
        mp1_0.id 
    from
        MeetingParticipant mp1_0 
    where
        mp1_0.meeting_room_id=? 
        and mp1_0.member_id=? 
    fetch
        first ? rows only
2026-05-28T20:10:16.053+09:00 TRACE 31519 --- [nio-8080-exec-5] org.hibernate.orm.jdbc.bind              : binding parameter (1:BIGINT) <- [1]
2026-05-28T20:10:16.053+09:00 TRACE 31519 --- [nio-8080-exec-5] org.hibernate.orm.jdbc.bind              : binding parameter (2:BIGINT) <- [5]
2026-05-28T20:10:16.053+09:00 TRACE 31519 --- [nio-8080-exec-5] org.hibernate.orm.jdbc.bind              : binding parameter (3:INTEGER) <- [1]
2026-05-28T20:10:16.053+09:00 DEBUG 31519 --- [nio-8080-exec-5] org.hibernate.SQL                        : 
    insert 
    into
        MeetingParticipant
        (invited, meeting_room_id, member_id, requestStatus, requestedAt, respondedAt, id) 
    values
        (?, ?, ?, ?, ?, ?, default)
2026-05-28T20:10:16.053+09:00 TRACE 31519 --- [nio-8080-exec-5] org.hibernate.orm.jdbc.bind              : binding parameter (1:BOOLEAN) <- [true]
2026-05-28T20:10:16.053+09:00 TRACE 31519 --- [nio-8080-exec-5] org.hibernate.orm.jdbc.bind              : binding parameter (2:BIGINT) <- [1]
2026-05-28T20:10:16.053+09:00 TRACE 31519 --- [nio-8080-exec-5] org.hibernate.orm.jdbc.bind              : binding parameter (3:BIGINT) <- [5]
2026-05-28T20:10:16.053+09:00 TRACE 31519 --- [nio-8080-exec-5] org.hibernate.orm.jdbc.bind              : binding parameter (4:ENUM) <- [PENDING]
2026-05-28T20:10:16.053+09:00 TRACE 31519 --- [nio-8080-exec-5] org.hibernate.orm.jdbc.bind              : binding parameter (5:TIMESTAMP) <- [2026-05-28T20:10:16.053592]
2026-05-28T20:10:16.053+09:00 TRACE 31519 --- [nio-8080-exec-5] org.hibernate.orm.jdbc.bind              : binding parameter (6:TIMESTAMP) <- [null]
2026-05-28T20:10:16.054+09:00  INFO 31519 --- [nio-8080-exec-5] c.w.api.service.MeetingRoomService       : Member invited: roomId=1, invitee=test22
2026-05-28T20:10:22.020+09:00 DEBUG 31519 --- [nio-8080-exec-4] org.hibernate.SQL                        : 
    select
        m1_0.id,
        m1_0.managerId,
        m1_0.password,
        m1_0.role,
        m1_0.username,
        m1_0.virtualBalance 
    from
        Member m1_0 
    where
        m1_0.id=?
2026-05-28T20:10:22.020+09:00 TRACE 31519 --- [nio-8080-exec-4] org.hibernate.orm.jdbc.bind              : binding parameter (1:BIGINT) <- [5]
2026-05-28T20:10:22.020+09:00 DEBUG 31519 --- [nio-8080-exec-4] org.hibernate.SQL                        : 
    select
        m1_0.id,
        m1_0.managerId,
        m1_0.password,
        m1_0.role,
        m1_0.username,
        m1_0.virtualBalance 
    from
        Member m1_0 
    where
        m1_0.id=?
2026-05-28T20:10:22.020+09:00 TRACE 31519 --- [nio-8080-exec-4] org.hibernate.orm.jdbc.bind              : binding parameter (1:BIGINT) <- [4]
2026-05-28T20:10:22.021+09:00 DEBUG 31519 --- [nio-8080-exec-2] org.hibernate.SQL                        : 
    select
        m1_0.id,
        m1_0.managerId,
        m1_0.password,
        m1_0.role,
        m1_0.username,
        m1_0.virtualBalance 
    from
        Member m1_0 
    where
        m1_0.id=?
2026-05-28T20:10:22.021+09:00 TRACE 31519 --- [nio-8080-exec-2] org.hibernate.orm.jdbc.bind              : binding parameter (1:BIGINT) <- [5]
2026-05-28T20:10:22.022+09:00 DEBUG 31519 --- [nio-8080-exec-2] org.hibernate.SQL                        : 
    select
        mr1_0.id,
        mr1_0.active,
        mr1_0.createdAt,
        mr1_0.endedAt,
        mr1_0.host_id,
        mr1_0.title 
    from
        MeetingRoom mr1_0 
    join
        Member h1_0 
            on h1_0.id=mr1_0.host_id 
    where
        mr1_0.active=true 
        and (
            h1_0.managerId=? 
            or mr1_0.host_id=?
        ) 
    order by
        mr1_0.createdAt desc
2026-05-28T20:10:22.022+09:00 TRACE 31519 --- [nio-8080-exec-2] org.hibernate.orm.jdbc.bind              : binding parameter (1:BIGINT) <- [4]
2026-05-28T20:10:22.022+09:00 TRACE 31519 --- [nio-8080-exec-2] org.hibernate.orm.jdbc.bind              : binding parameter (2:BIGINT) <- [4]
2026-05-28T20:10:22.022+09:00 DEBUG 31519 --- [nio-8080-exec-2] org.hibernate.SQL                        : 
    select
        count(mp1_0.id) 
    from
        MeetingParticipant mp1_0 
    where
        mp1_0.meeting_room_id=? 
        and mp1_0.requestStatus=?
2026-05-28T20:10:22.023+09:00 TRACE 31519 --- [nio-8080-exec-2] org.hibernate.orm.jdbc.bind              : binding parameter (1:BIGINT) <- [1]
2026-05-28T20:10:22.023+09:00 TRACE 31519 --- [nio-8080-exec-2] org.hibernate.orm.jdbc.bind              : binding parameter (2:ENUM) <- [ACCEPTED]
2026-05-28T20:10:22.023+09:00 DEBUG 31519 --- [nio-8080-exec-2] org.hibernate.SQL                        : 
    select
        m1_0.id,
        m1_0.managerId,
        m1_0.password,
        m1_0.role,
        m1_0.username,
        m1_0.virtualBalance 
    from
        Member m1_0 
    where
        m1_0.id=?
2026-05-28T20:10:22.023+09:00 TRACE 31519 --- [nio-8080-exec-2] org.hibernate.orm.jdbc.bind              : binding parameter (1:BIGINT) <- [3]
2026-05-28T20:10:22.023+09:00 DEBUG 31519 --- [io-8080-exec-10] org.hibernate.SQL                        : 
    select
        m1_0.id,
        m1_0.managerId,
        m1_0.password,
        m1_0.role,
        m1_0.username,
        m1_0.virtualBalance 
    from
        Member m1_0 
    where
        m1_0.id=?
2026-05-28T20:10:22.023+09:00 TRACE 31519 --- [io-8080-exec-10] org.hibernate.orm.jdbc.bind              : binding parameter (1:BIGINT) <- [5]
2026-05-28T20:10:22.024+09:00 DEBUG 31519 --- [io-8080-exec-10] org.hibernate.SQL                        : 
    select
        m1_0.id,
        m1_0.managerId,
        m1_0.password,
        m1_0.role,
        m1_0.username,
        m1_0.virtualBalance 
    from
        Member m1_0 
    where
        m1_0.id=?
2026-05-28T20:10:22.024+09:00 TRACE 31519 --- [io-8080-exec-10] org.hibernate.orm.jdbc.bind              : binding parameter (1:BIGINT) <- [4]
2026-05-28T20:10:22.024+09:00 DEBUG 31519 --- [io-8080-exec-10] org.hibernate.SQL                        : 
    select
        m1_0.id,
        m1_0.managerId,
        m1_0.password,
        m1_0.role,
        m1_0.username,
        m1_0.virtualBalance 
    from
        Member m1_0 
    where
        m1_0.id=?
2026-05-28T20:10:22.024+09:00 TRACE 31519 --- [io-8080-exec-10] org.hibernate.orm.jdbc.bind              : binding parameter (1:BIGINT) <- [5]
2026-05-28T20:10:22.025+09:00 DEBUG 31519 --- [io-8080-exec-10] org.hibernate.SQL                        : 
    select
        m1_0.id,
        m1_0.managerId,
        m1_0.password,
        m1_0.role,
        m1_0.username,
        m1_0.virtualBalance 
    from
        Member m1_0 
    where
        m1_0.id=?
2026-05-28T20:10:22.025+09:00 TRACE 31519 --- [io-8080-exec-10] org.hibernate.orm.jdbc.bind              : binding parameter (1:BIGINT) <- [5]
2026-05-28T20:10:22.025+09:00 DEBUG 31519 --- [io-8080-exec-10] org.hibernate.SQL                        : 
    select
        ds1_0.id,
        ds1_0.createdAt,
        ds1_0.goal,
        ds1_0.member_id,
        ds1_0.result,
        ds1_0.standupDate,
        ds1_0.updatedAt 
    from
        DailyStandup ds1_0 
    where
        ds1_0.member_id=? 
        and ds1_0.standupDate=?
2026-05-28T20:10:22.025+09:00 TRACE 31519 --- [io-8080-exec-10] org.hibernate.orm.jdbc.bind              : binding parameter (1:BIGINT) <- [5]
2026-05-28T20:10:22.025+09:00 TRACE 31519 --- [io-8080-exec-10] org.hibernate.orm.jdbc.bind              : binding parameter (2:DATE) <- [2026-05-28]
2026-05-28T20:10:22.026+09:00 DEBUG 31519 --- [nio-8080-exec-3] org.hibernate.SQL                        : 
    select
        m1_0.id,
        m1_0.managerId,
        m1_0.password,
        m1_0.role,
        m1_0.username,
        m1_0.virtualBalance 
    from
        Member m1_0 
    where
        m1_0.id=?
2026-05-28T20:10:22.026+09:00 TRACE 31519 --- [nio-8080-exec-3] org.hibernate.orm.jdbc.bind              : binding parameter (1:BIGINT) <- [5]
2026-05-28T20:10:22.027+09:00 DEBUG 31519 --- [nio-8080-exec-3] org.hibernate.SQL                        : 
    select
        m1_0.id,
        m1_0.managerId,
        m1_0.password,
        m1_0.role,
        m1_0.username,
        m1_0.virtualBalance 
    from
        Member m1_0 
    where
        m1_0.id=?
2026-05-28T20:10:22.027+09:00 TRACE 31519 --- [nio-8080-exec-3] org.hibernate.orm.jdbc.bind              : binding parameter (1:BIGINT) <- [5]
2026-05-28T20:10:22.027+09:00 DEBUG 31519 --- [nio-8080-exec-3] org.hibernate.SQL                        : 
    select
        n1_0.id,
        n1_0.createdAt,
        n1_0.message,
        n1_0.notificationType,
        n1_0.read,
        n1_0.readAt,
        n1_0.receiver_id,
        n1_0.sender_id 
    from
        Notification n1_0 
    where
        n1_0.receiver_id=? 
        and not(n1_0.read) 
    order by
        n1_0.createdAt desc
2026-05-28T20:10:22.027+09:00 DEBUG 31519 --- [nio-8080-exec-1] org.hibernate.SQL                        : 
    select
        m1_0.id,
        m1_0.managerId,
        m1_0.password,
        m1_0.role,
        m1_0.username,
        m1_0.virtualBalance 
    from
        Member m1_0 
    where
        m1_0.id=?
2026-05-28T20:10:22.027+09:00 TRACE 31519 --- [nio-8080-exec-1] org.hibernate.orm.jdbc.bind              : binding parameter (1:BIGINT) <- [5]
2026-05-28T20:10:22.027+09:00 TRACE 31519 --- [nio-8080-exec-3] org.hibernate.orm.jdbc.bind              : binding parameter (1:BIGINT) <- [5]
2026-05-28T20:10:22.027+09:00 DEBUG 31519 --- [nio-8080-exec-1] org.hibernate.SQL                        : 
    select
        m1_0.id,
        m1_0.managerId,
        m1_0.password,
        m1_0.role,
        m1_0.username,
        m1_0.virtualBalance 
    from
        Member m1_0 
    where
        m1_0.id=?
2026-05-28T20:10:22.027+09:00 TRACE 31519 --- [nio-8080-exec-1] org.hibernate.orm.jdbc.bind              : binding parameter (1:BIGINT) <- [4]
2026-05-28T20:10:22.029+09:00 DEBUG 31519 --- [nio-8080-exec-5] org.hibernate.SQL                        : 
    select
        m1_0.id,
        m1_0.managerId,
        m1_0.password,
        m1_0.role,
        m1_0.username,
        m1_0.virtualBalance 
    from
        Member m1_0 
    where
        m1_0.id=?
2026-05-28T20:10:22.029+09:00 TRACE 31519 --- [nio-8080-exec-5] org.hibernate.orm.jdbc.bind              : binding parameter (1:BIGINT) <- [5]
2026-05-28T20:10:22.030+09:00 DEBUG 31519 --- [nio-8080-exec-5] org.hibernate.SQL                        : 
    select
        mr1_0.id,
        mr1_0.active,
        mr1_0.createdAt,
        mr1_0.endedAt,
        mr1_0.host_id,
        mr1_0.title 
    from
        MeetingRoom mr1_0 
    join
        Member h1_0 
            on h1_0.id=mr1_0.host_id 
    where
        mr1_0.active=true 
        and (
            h1_0.managerId=? 
            or mr1_0.host_id=?
        ) 
    order by
        mr1_0.createdAt desc
2026-05-28T20:10:22.030+09:00 TRACE 31519 --- [nio-8080-exec-5] org.hibernate.orm.jdbc.bind              : binding parameter (1:BIGINT) <- [4]
2026-05-28T20:10:22.030+09:00 TRACE 31519 --- [nio-8080-exec-5] org.hibernate.orm.jdbc.bind              : binding parameter (2:BIGINT) <- [4]
2026-05-28T20:10:22.030+09:00 DEBUG 31519 --- [nio-8080-exec-5] org.hibernate.SQL                        : 
    select
        count(mp1_0.id) 
    from
        MeetingParticipant mp1_0 
    where
        mp1_0.meeting_room_id=? 
        and mp1_0.requestStatus=?
2026-05-28T20:10:22.030+09:00 DEBUG 31519 --- [nio-8080-exec-6] org.hibernate.SQL                        : 
    select
        m1_0.id,
        m1_0.managerId,
        m1_0.password,
        m1_0.role,
        m1_0.username,
        m1_0.virtualBalance 
    from
        Member m1_0 
    where
        m1_0.id=?
2026-05-28T20:10:22.030+09:00 TRACE 31519 --- [nio-8080-exec-6] org.hibernate.orm.jdbc.bind              : binding parameter (1:BIGINT) <- [5]
2026-05-28T20:10:22.030+09:00 TRACE 31519 --- [nio-8080-exec-5] org.hibernate.orm.jdbc.bind              : binding parameter (1:BIGINT) <- [1]
2026-05-28T20:10:22.030+09:00 TRACE 31519 --- [nio-8080-exec-5] org.hibernate.orm.jdbc.bind              : binding parameter (2:ENUM) <- [ACCEPTED]
2026-05-28T20:10:22.030+09:00 DEBUG 31519 --- [nio-8080-exec-5] org.hibernate.SQL                        : 
    select
        m1_0.id,
        m1_0.managerId,
        m1_0.password,
        m1_0.role,
        m1_0.username,
        m1_0.virtualBalance 
    from
        Member m1_0 
    where
        m1_0.id=?
2026-05-28T20:10:22.030+09:00 TRACE 31519 --- [nio-8080-exec-5] org.hibernate.orm.jdbc.bind              : binding parameter (1:BIGINT) <- [3]
2026-05-28T20:10:22.031+09:00 DEBUG 31519 --- [nio-8080-exec-6] org.hibernate.SQL                        : 
    select
        m1_0.id,
        m1_0.managerId,
        m1_0.password,
        m1_0.role,
        m1_0.username,
        m1_0.virtualBalance 
    from
        Member m1_0 
    where
        m1_0.id=?
2026-05-28T20:10:22.031+09:00 TRACE 31519 --- [nio-8080-exec-6] org.hibernate.orm.jdbc.bind              : binding parameter (1:BIGINT) <- [4]
2026-05-28T20:10:22.032+09:00 DEBUG 31519 --- [nio-8080-exec-9] org.hibernate.SQL                        : 
    select
        m1_0.id,
        m1_0.managerId,
        m1_0.password,
        m1_0.role,
        m1_0.username,
        m1_0.virtualBalance 
    from
        Member m1_0 
    where
        m1_0.id=?
2026-05-28T20:10:22.032+09:00 TRACE 31519 --- [nio-8080-exec-9] org.hibernate.orm.jdbc.bind              : binding parameter (1:BIGINT) <- [5]
2026-05-28T20:10:22.033+09:00 DEBUG 31519 --- [nio-8080-exec-9] org.hibernate.SQL                        : 
    select
        m1_0.id,
        m1_0.managerId,
        m1_0.password,
        m1_0.role,
        m1_0.username,
        m1_0.virtualBalance 
    from
        Member m1_0 
    where
        m1_0.id=?
2026-05-28T20:10:22.033+09:00 TRACE 31519 --- [nio-8080-exec-9] org.hibernate.orm.jdbc.bind              : binding parameter (1:BIGINT) <- [5]
2026-05-28T20:10:22.033+09:00 DEBUG 31519 --- [nio-8080-exec-9] org.hibernate.SQL                        : 
    select
        ds1_0.id,
        ds1_0.createdAt,
        ds1_0.goal,
        ds1_0.member_id,
        ds1_0.result,
        ds1_0.standupDate,
        ds1_0.updatedAt 
    from
        DailyStandup ds1_0 
    where
        ds1_0.member_id=? 
        and ds1_0.standupDate=?
2026-05-28T20:10:22.033+09:00 DEBUG 31519 --- [nio-8080-exec-4] org.hibernate.SQL                        : 
    select
        m1_0.id,
        m1_0.managerId,
        m1_0.password,
        m1_0.role,
        m1_0.username,
        m1_0.virtualBalance 
    from
        Member m1_0 
    where
        m1_0.id=?
2026-05-28T20:10:22.033+09:00 TRACE 31519 --- [nio-8080-exec-4] org.hibernate.orm.jdbc.bind              : binding parameter (1:BIGINT) <- [5]
2026-05-28T20:10:22.033+09:00 TRACE 31519 --- [nio-8080-exec-9] org.hibernate.orm.jdbc.bind              : binding parameter (1:BIGINT) <- [5]
2026-05-28T20:10:22.033+09:00 TRACE 31519 --- [nio-8080-exec-9] org.hibernate.orm.jdbc.bind              : binding parameter (2:DATE) <- [2026-05-28]
2026-05-28T20:10:22.033+09:00 DEBUG 31519 --- [nio-8080-exec-4] org.hibernate.SQL                        : 
    select
        m1_0.id,
        m1_0.managerId,
        m1_0.password,
        m1_0.role,
        m1_0.username,
        m1_0.virtualBalance 
    from
        Member m1_0 
    where
        m1_0.id=?
2026-05-28T20:10:22.033+09:00 TRACE 31519 --- [nio-8080-exec-4] org.hibernate.orm.jdbc.bind              : binding parameter (1:BIGINT) <- [5]
2026-05-28T20:10:22.034+09:00 DEBUG 31519 --- [nio-8080-exec-4] org.hibernate.SQL                        : 
    select
        n1_0.id,
        n1_0.createdAt,
        n1_0.message,
        n1_0.notificationType,
        n1_0.read,
        n1_0.readAt,
        n1_0.receiver_id,
        n1_0.sender_id 
    from
        Notification n1_0 
    where
        n1_0.receiver_id=? 
        and not(n1_0.read) 
    order by
        n1_0.createdAt desc
2026-05-28T20:10:22.034+09:00 TRACE 31519 --- [nio-8080-exec-4] org.hibernate.orm.jdbc.bind              : binding parameter (1:BIGINT) <- [5]
2026-05-28T20:10:22.036+09:00 DEBUG 31519 --- [nio-8080-exec-2] org.hibernate.SQL                        : 
    select
        m1_0.id,
        m1_0.managerId,
        m1_0.password,
        m1_0.role,
        m1_0.username,
        m1_0.virtualBalance 
    from
        Member m1_0 
    where
        m1_0.id=?
2026-05-28T20:10:22.036+09:00 TRACE 31519 --- [nio-8080-exec-2] org.hibernate.orm.jdbc.bind              : binding parameter (1:BIGINT) <- [5]
2026-05-28T20:10:22.036+09:00 DEBUG 31519 --- [nio-8080-exec-2] org.hibernate.SQL                        : 
    select
        m1_0.id,
        m1_0.managerId,
        m1_0.password,
        m1_0.role,
        m1_0.username,
        m1_0.virtualBalance 
    from
        Member m1_0 
    where
        m1_0.managerId=?
2026-05-28T20:10:22.036+09:00 TRACE 31519 --- [nio-8080-exec-2] org.hibernate.orm.jdbc.bind              : binding parameter (1:BIGINT) <- [4]
2026-05-28T20:10:22.041+09:00 DEBUG 31519 --- [nio-8080-exec-7] org.hibernate.SQL                        : 
    select
        m1_0.id,
        m1_0.managerId,
        m1_0.password,
        m1_0.role,
        m1_0.username,
        m1_0.virtualBalance 
    from
        Member m1_0 
    where
        m1_0.id=?
2026-05-28T20:10:22.041+09:00 TRACE 31519 --- [nio-8080-exec-7] org.hibernate.orm.jdbc.bind              : binding parameter (1:BIGINT) <- [5]
2026-05-28T20:10:22.042+09:00 DEBUG 31519 --- [nio-8080-exec-7] org.hibernate.SQL                        : 
    select
        m1_0.id,
        m1_0.managerId,
        m1_0.password,
        m1_0.role,
        m1_0.username,
        m1_0.virtualBalance 
    from
        Member m1_0 
    where
        m1_0.managerId=?
2026-05-28T20:10:22.042+09:00 TRACE 31519 --- [nio-8080-exec-7] org.hibernate.orm.jdbc.bind              : binding parameter (1:BIGINT) <- [4]
2026-05-28T20:10:22.046+09:00 DEBUG 31519 --- [nio-8080-exec-8] org.hibernate.SQL                        : 
    select
        m1_0.id,
        m1_0.managerId,
        m1_0.password,
        m1_0.role,
        m1_0.username,
        m1_0.virtualBalance 
    from
        Member m1_0 
    where
        m1_0.id=?
2026-05-28T20:10:22.046+09:00 TRACE 31519 --- [nio-8080-exec-8] org.hibernate.orm.jdbc.bind              : binding parameter (1:BIGINT) <- [5]
2026-05-28T20:10:22.047+09:00 DEBUG 31519 --- [nio-8080-exec-8] org.hibernate.SQL                        : 
    select
        m1_0.id,
        m1_0.managerId,
        m1_0.password,
        m1_0.role,
        m1_0.username,
        m1_0.virtualBalance 
    from
        Member m1_0 
    where
        m1_0.managerId=?
2026-05-28T20:10:22.047+09:00 TRACE 31519 --- [nio-8080-exec-8] org.hibernate.orm.jdbc.bind              : binding parameter (1:BIGINT) <- [4]
2026-05-28T20:10:22.050+09:00 DEBUG 31519 --- [io-8080-exec-10] org.hibernate.SQL                        : 
    select
        m1_0.id,
        m1_0.managerId,
        m1_0.password,
        m1_0.role,
        m1_0.username,
        m1_0.virtualBalance 
    from
        Member m1_0 
    where
        m1_0.id=?
2026-05-28T20:10:22.050+09:00 TRACE 31519 --- [io-8080-exec-10] org.hibernate.orm.jdbc.bind              : binding parameter (1:BIGINT) <- [5]
2026-05-28T20:10:22.051+09:00 DEBUG 31519 --- [io-8080-exec-10] org.hibernate.SQL                        : 
    select
        m1_0.id,
        m1_0.managerId,
        m1_0.password,
        m1_0.role,
        m1_0.username,
        m1_0.virtualBalance 
    from
        Member m1_0 
    where
        m1_0.managerId=?
2026-05-28T20:10:22.051+09:00 TRACE 31519 --- [io-8080-exec-10] org.hibernate.orm.jdbc.bind              : binding parameter (1:BIGINT) <- [4]
2026-05-28T20:10:23.282+09:00 DEBUG 31519 --- [nio-8080-exec-8] org.hibernate.SQL                        : 
    select
        m1_0.id,
        m1_0.managerId,
        m1_0.password,
        m1_0.role,
        m1_0.username,
        m1_0.virtualBalance 
    from
        Member m1_0 
    where
        m1_0.id=?
2026-05-28T20:10:23.282+09:00 TRACE 31519 --- [nio-8080-exec-8] org.hibernate.orm.jdbc.bind              : binding parameter (1:BIGINT) <- [5]
2026-05-28T20:10:23.284+09:00 DEBUG 31519 --- [nio-8080-exec-8] org.hibernate.SQL                        : 
    select
        mr1_0.id,
        mr1_0.active,
        mr1_0.createdAt,
        mr1_0.endedAt,
        mr1_0.host_id,
        mr1_0.title 
    from
        MeetingRoom mr1_0 
    where
        mr1_0.id=?
2026-05-28T20:10:23.284+09:00 TRACE 31519 --- [nio-8080-exec-8] org.hibernate.orm.jdbc.bind              : binding parameter (1:BIGINT) <- [1]
2026-05-28T20:10:23.285+09:00 DEBUG 31519 --- [nio-8080-exec-8] org.hibernate.SQL                        : 
    select
        m1_0.id,
        m1_0.managerId,
        m1_0.password,
        m1_0.role,
        m1_0.username,
        m1_0.virtualBalance 
    from
        Member m1_0 
    where
        m1_0.id=?
2026-05-28T20:10:23.285+09:00 TRACE 31519 --- [nio-8080-exec-8] org.hibernate.orm.jdbc.bind              : binding parameter (1:BIGINT) <- [5]
2026-05-28T20:10:23.286+09:00 DEBUG 31519 --- [nio-8080-exec-8] org.hibernate.SQL                        : 
    select
        mp1_0.id,
        mp1_0.invited,
        mp1_0.meeting_room_id,
        mp1_0.member_id,
        mp1_0.requestStatus,
        mp1_0.requestedAt,
        mp1_0.respondedAt 
    from
        MeetingParticipant mp1_0 
    where
        mp1_0.meeting_room_id=? 
        and mp1_0.member_id=?
2026-05-28T20:10:23.286+09:00 TRACE 31519 --- [nio-8080-exec-8] org.hibernate.orm.jdbc.bind              : binding parameter (1:BIGINT) <- [1]
2026-05-28T20:10:23.286+09:00 TRACE 31519 --- [nio-8080-exec-8] org.hibernate.orm.jdbc.bind              : binding parameter (2:BIGINT) <- [5]
2026-05-28T20:10:23.287+09:00 DEBUG 31519 --- [nio-8080-exec-8] org.hibernate.SQL                        : 
    select
        ms1_0.id,
        ms1_0.member_id,
        ms1_0.statusType,
        ms1_0.updatedAt 
    from
        MemberStatus ms1_0 
    where
        ms1_0.member_id=?
2026-05-28T20:10:23.287+09:00 TRACE 31519 --- [nio-8080-exec-8] org.hibernate.orm.jdbc.bind              : binding parameter (1:BIGINT) <- [5]
2026-05-28T20:10:23.287+09:00  INFO 31519 --- [nio-8080-exec-8] c.worksight.api.service.StatusService    : Status updated: memberId=5, status=MEETING
2026-05-28T20:10:23.287+09:00 DEBUG 31519 --- [nio-8080-exec-8] org.hibernate.SQL                        : 
    update
        MeetingParticipant 
    set
        invited=?,
        meeting_room_id=?,
        member_id=?,
        requestStatus=?,
        requestedAt=?,
        respondedAt=? 
    where
        id=?
2026-05-28T20:10:23.287+09:00 TRACE 31519 --- [nio-8080-exec-8] org.hibernate.orm.jdbc.bind              : binding parameter (1:BOOLEAN) <- [true]
2026-05-28T20:10:23.287+09:00 TRACE 31519 --- [nio-8080-exec-8] org.hibernate.orm.jdbc.bind              : binding parameter (2:BIGINT) <- [1]
2026-05-28T20:10:23.287+09:00 TRACE 31519 --- [nio-8080-exec-8] org.hibernate.orm.jdbc.bind              : binding parameter (3:BIGINT) <- [5]
2026-05-28T20:10:23.287+09:00 TRACE 31519 --- [nio-8080-exec-8] org.hibernate.orm.jdbc.bind              : binding parameter (4:ENUM) <- [ACCEPTED]
2026-05-28T20:10:23.287+09:00 TRACE 31519 --- [nio-8080-exec-8] org.hibernate.orm.jdbc.bind              : binding parameter (5:TIMESTAMP) <- [2026-05-28T20:10:16.053592]
2026-05-28T20:10:23.287+09:00 TRACE 31519 --- [nio-8080-exec-8] org.hibernate.orm.jdbc.bind              : binding parameter (6:TIMESTAMP) <- [2026-05-28T20:10:23.286900]
2026-05-28T20:10:23.287+09:00 TRACE 31519 --- [nio-8080-exec-8] org.hibernate.orm.jdbc.bind              : binding parameter (7:BIGINT) <- [2]
2026-05-28T20:10:23.288+09:00 DEBUG 31519 --- [nio-8080-exec-8] org.hibernate.SQL                        : 
    update
        MemberStatus 
    set
        member_id=?,
        statusType=?,
        updatedAt=? 
    where
        id=?
2026-05-28T20:10:23.288+09:00 TRACE 31519 --- [nio-8080-exec-8] org.hibernate.orm.jdbc.bind              : binding parameter (1:BIGINT) <- [5]
2026-05-28T20:10:23.288+09:00 TRACE 31519 --- [nio-8080-exec-8] org.hibernate.orm.jdbc.bind              : binding parameter (2:ENUM) <- [MEETING]
2026-05-28T20:10:23.288+09:00 TRACE 31519 --- [nio-8080-exec-8] org.hibernate.orm.jdbc.bind              : binding parameter (3:TIMESTAMP) <- [2026-05-28T20:10:23.287381]
2026-05-28T20:10:23.288+09:00 TRACE 31519 --- [nio-8080-exec-8] org.hibernate.orm.jdbc.bind              : binding parameter (4:BIGINT) <- [2]
2026-05-28T20:10:23.288+09:00  INFO 31519 --- [nio-8080-exec-8] c.worksight.api.service.StatusService    : Status broadcasted: memberId=5, status=MEETING, topic=/topic/team/4
2026-05-28T20:10:23.293+09:00 DEBUG 31519 --- [io-8080-exec-10] org.hibernate.SQL                        : 
    select
        m1_0.id,
        m1_0.managerId,
        m1_0.password,
        m1_0.role,
        m1_0.username,
        m1_0.virtualBalance 
    from
        Member m1_0 
    where
        m1_0.id=?
2026-05-28T20:10:23.293+09:00 TRACE 31519 --- [io-8080-exec-10] org.hibernate.orm.jdbc.bind              : binding parameter (1:BIGINT) <- [3]
2026-05-28T20:10:23.294+09:00 DEBUG 31519 --- [io-8080-exec-10] org.hibernate.SQL                        : 
    select
        mr1_0.id,
        mr1_0.active,
        mr1_0.createdAt,
        mr1_0.endedAt,
        mr1_0.host_id,
        mr1_0.title 
    from
        MeetingRoom mr1_0 
    join
        Member h1_0 
            on h1_0.id=mr1_0.host_id 
    where
        mr1_0.active=true 
        and (
            h1_0.managerId=? 
            or mr1_0.host_id=?
        ) 
    order by
        mr1_0.createdAt desc
2026-05-28T20:10:23.294+09:00 TRACE 31519 --- [io-8080-exec-10] org.hibernate.orm.jdbc.bind              : binding parameter (1:BIGINT) <- [4]
2026-05-28T20:10:23.294+09:00 TRACE 31519 --- [io-8080-exec-10] org.hibernate.orm.jdbc.bind              : binding parameter (2:BIGINT) <- [4]
2026-05-28T20:10:23.295+09:00 DEBUG 31519 --- [io-8080-exec-10] org.hibernate.SQL                        : 
    select
        count(mp1_0.id) 
    from
        MeetingParticipant mp1_0 
    where
        mp1_0.meeting_room_id=? 
        and mp1_0.requestStatus=?
2026-05-28T20:10:23.295+09:00 DEBUG 31519 --- [nio-8080-exec-3] org.hibernate.SQL                        : 
    select
        m1_0.id,
        m1_0.managerId,
        m1_0.password,
        m1_0.role,
        m1_0.username,
        m1_0.virtualBalance 
    from
        Member m1_0 
    where
        m1_0.id=?
2026-05-28T20:10:23.295+09:00 TRACE 31519 --- [nio-8080-exec-3] org.hibernate.orm.jdbc.bind              : binding parameter (1:BIGINT) <- [5]
2026-05-28T20:10:23.295+09:00 TRACE 31519 --- [io-8080-exec-10] org.hibernate.orm.jdbc.bind              : binding parameter (1:BIGINT) <- [1]
2026-05-28T20:10:23.295+09:00 TRACE 31519 --- [io-8080-exec-10] org.hibernate.orm.jdbc.bind              : binding parameter (2:ENUM) <- [ACCEPTED]
2026-05-28T20:10:23.296+09:00 DEBUG 31519 --- [nio-8080-exec-3] org.hibernate.SQL                        : 
    select
        mr1_0.id,
        mr1_0.active,
        mr1_0.createdAt,
        mr1_0.endedAt,
        mr1_0.host_id,
        mr1_0.title 
    from
        MeetingRoom mr1_0 
    join
        Member h1_0 
            on h1_0.id=mr1_0.host_id 
    where
        mr1_0.active=true 
        and (
            h1_0.managerId=? 
            or mr1_0.host_id=?
        ) 
    order by
        mr1_0.createdAt desc
2026-05-28T20:10:23.296+09:00 DEBUG 31519 --- [io-8080-exec-10] org.hibernate.SQL                        : 
    select
        m1_0.id,
        m1_0.managerId,
        m1_0.password,
        m1_0.role,
        m1_0.username,
        m1_0.virtualBalance 
    from
        Member m1_0 
    where
        m1_0.id=?
2026-05-28T20:10:23.296+09:00 TRACE 31519 --- [nio-8080-exec-3] org.hibernate.orm.jdbc.bind              : binding parameter (1:BIGINT) <- [4]
2026-05-28T20:10:23.296+09:00 TRACE 31519 --- [io-8080-exec-10] org.hibernate.orm.jdbc.bind              : binding parameter (1:BIGINT) <- [3]
2026-05-28T20:10:23.296+09:00 TRACE 31519 --- [nio-8080-exec-3] org.hibernate.orm.jdbc.bind              : binding parameter (2:BIGINT) <- [4]
2026-05-28T20:10:23.296+09:00 DEBUG 31519 --- [nio-8080-exec-3] org.hibernate.SQL                        : 
    select
        count(mp1_0.id) 
    from
        MeetingParticipant mp1_0 
    where
        mp1_0.meeting_room_id=? 
        and mp1_0.requestStatus=?
2026-05-28T20:10:23.296+09:00 TRACE 31519 --- [nio-8080-exec-3] org.hibernate.orm.jdbc.bind              : binding parameter (1:BIGINT) <- [1]
2026-05-28T20:10:23.296+09:00 TRACE 31519 --- [nio-8080-exec-3] org.hibernate.orm.jdbc.bind              : binding parameter (2:ENUM) <- [ACCEPTED]
2026-05-28T20:10:23.296+09:00 DEBUG 31519 --- [nio-8080-exec-3] org.hibernate.SQL                        : 
    select
        m1_0.id,
        m1_0.managerId,
        m1_0.password,
        m1_0.role,
        m1_0.username,
        m1_0.virtualBalance 
    from
        Member m1_0 
    where
        m1_0.id=?
2026-05-28T20:10:23.296+09:00 TRACE 31519 --- [nio-8080-exec-3] org.hibernate.orm.jdbc.bind              : binding parameter (1:BIGINT) <- [3]
2026-05-28T20:10:23.297+09:00 DEBUG 31519 --- [nio-8080-exec-1] org.hibernate.SQL                        : 
    select
        m1_0.id,
        m1_0.managerId,
        m1_0.password,
        m1_0.role,
        m1_0.username,
        m1_0.virtualBalance 
    from
        Member m1_0 
    where
        m1_0.id=?
2026-05-28T20:10:23.297+09:00 TRACE 31519 --- [nio-8080-exec-1] org.hibernate.orm.jdbc.bind              : binding parameter (1:BIGINT) <- [5]
2026-05-28T20:10:23.298+09:00 DEBUG 31519 --- [nio-8080-exec-1] org.hibernate.SQL                        : 
    select
        mr1_0.id,
        mr1_0.active,
        mr1_0.createdAt,
        mr1_0.endedAt,
        mr1_0.host_id,
        mr1_0.title 
    from
        MeetingRoom mr1_0 
    where
        mr1_0.id=?
2026-05-28T20:10:23.298+09:00 TRACE 31519 --- [nio-8080-exec-1] org.hibernate.orm.jdbc.bind              : binding parameter (1:BIGINT) <- [1]
2026-05-28T20:10:23.299+09:00 DEBUG 31519 --- [nio-8080-exec-1] org.hibernate.SQL                        : 
    select
        mp1_0.id,
        mp1_0.invited,
        mp1_0.meeting_room_id,
        mp1_0.member_id,
        mp1_0.requestStatus,
        mp1_0.requestedAt,
        mp1_0.respondedAt 
    from
        MeetingParticipant mp1_0 
    where
        mp1_0.meeting_room_id=?
2026-05-28T20:10:23.299+09:00 TRACE 31519 --- [nio-8080-exec-1] org.hibernate.orm.jdbc.bind              : binding parameter (1:BIGINT) <- [1]
2026-05-28T20:10:23.299+09:00 DEBUG 31519 --- [nio-8080-exec-1] org.hibernate.SQL                        : 
    select
        m1_0.id,
        m1_0.managerId,
        m1_0.password,
        m1_0.role,
        m1_0.username,
        m1_0.virtualBalance 
    from
        Member m1_0 
    where
        m1_0.id=?
2026-05-28T20:10:23.299+09:00 TRACE 31519 --- [nio-8080-exec-1] org.hibernate.orm.jdbc.bind              : binding parameter (1:BIGINT) <- [3]
2026-05-28T20:10:23.299+09:00 DEBUG 31519 --- [nio-8080-exec-1] org.hibernate.SQL                        : 
    select
        m1_0.id,
        m1_0.managerId,
        m1_0.password,
        m1_0.role,
        m1_0.username,
        m1_0.virtualBalance 
    from
        Member m1_0 
    where
        m1_0.id=?
2026-05-28T20:10:23.299+09:00 TRACE 31519 --- [nio-8080-exec-1] org.hibernate.orm.jdbc.bind              : binding parameter (1:BIGINT) <- [5]
2026-05-28T20:10:23.304+09:00 DEBUG 31519 --- [nio-8080-exec-6] org.hibernate.SQL                        : 
    select
        m1_0.id,
        m1_0.managerId,
        m1_0.password,
        m1_0.role,
        m1_0.username,
        m1_0.virtualBalance 
    from
        Member m1_0 
    where
        m1_0.id=?
2026-05-28T20:10:23.304+09:00 TRACE 31519 --- [nio-8080-exec-6] org.hibernate.orm.jdbc.bind              : binding parameter (1:BIGINT) <- [3]
2026-05-28T20:10:23.305+09:00 DEBUG 31519 --- [nio-8080-exec-6] org.hibernate.SQL                        : 
    select
        mr1_0.id,
        mr1_0.active,
        mr1_0.createdAt,
        mr1_0.endedAt,
        mr1_0.host_id,
        mr1_0.title 
    from
        MeetingRoom mr1_0 
    where
        mr1_0.id=?
2026-05-28T20:10:23.305+09:00 TRACE 31519 --- [nio-8080-exec-6] org.hibernate.orm.jdbc.bind              : binding parameter (1:BIGINT) <- [1]
2026-05-28T20:10:23.305+09:00 DEBUG 31519 --- [nio-8080-exec-6] org.hibernate.SQL                        : 
    select
        mp1_0.id,
        mp1_0.invited,
        mp1_0.meeting_room_id,
        mp1_0.member_id,
        mp1_0.requestStatus,
        mp1_0.requestedAt,
        mp1_0.respondedAt 
    from
        MeetingParticipant mp1_0 
    where
        mp1_0.meeting_room_id=?
2026-05-28T20:10:23.305+09:00 TRACE 31519 --- [nio-8080-exec-6] org.hibernate.orm.jdbc.bind              : binding parameter (1:BIGINT) <- [1]
2026-05-28T20:10:23.306+09:00 DEBUG 31519 --- [nio-8080-exec-6] org.hibernate.SQL                        : 
    select
        m1_0.id,
        m1_0.managerId,
        m1_0.password,
        m1_0.role,
        m1_0.username,
        m1_0.virtualBalance 
    from
        Member m1_0 
    where
        m1_0.id=?
2026-05-28T20:10:23.306+09:00 TRACE 31519 --- [nio-8080-exec-6] org.hibernate.orm.jdbc.bind              : binding parameter (1:BIGINT) <- [3]
2026-05-28T20:10:23.306+09:00 DEBUG 31519 --- [nio-8080-exec-6] org.hibernate.SQL                        : 
    select
        m1_0.id,
        m1_0.managerId,
        m1_0.password,
        m1_0.role,
        m1_0.username,
        m1_0.virtualBalance 
    from
        Member m1_0 
    where
        m1_0.id=?
2026-05-28T20:10:23.306+09:00 TRACE 31519 --- [nio-8080-exec-6] org.hibernate.orm.jdbc.bind              : binding parameter (1:BIGINT) <- [5]
2026-05-28T20:10:27.053+09:00 DEBUG 31519 --- [nio-8080-exec-5] org.hibernate.SQL                        : 
    select
        m1_0.id,
        m1_0.managerId,
        m1_0.password,
        m1_0.role,
        m1_0.username,
        m1_0.virtualBalance 
    from
        Member m1_0 
    where
        m1_0.id=?
2026-05-28T20:10:27.054+09:00 TRACE 31519 --- [nio-8080-exec-5] org.hibernate.orm.jdbc.bind              : binding parameter (1:BIGINT) <- [5]
2026-05-28T20:10:27.055+09:00 DEBUG 31519 --- [nio-8080-exec-5] org.hibernate.SQL                        : 
    select
        mr1_0.id,
        mr1_0.active,
        mr1_0.createdAt,
        mr1_0.endedAt,
        mr1_0.host_id,
        mr1_0.title 
    from
        MeetingRoom mr1_0 
    where
        mr1_0.id=?
2026-05-28T20:10:27.055+09:00 TRACE 31519 --- [nio-8080-exec-5] org.hibernate.orm.jdbc.bind              : binding parameter (1:BIGINT) <- [1]
2026-05-28T20:10:27.055+09:00 DEBUG 31519 --- [nio-8080-exec-5] org.hibernate.SQL                        : 
    select
        m1_0.id,
        m1_0.managerId,
        m1_0.password,
        m1_0.role,
        m1_0.username,
        m1_0.virtualBalance 
    from
        Member m1_0 
    where
        m1_0.id=?
2026-05-28T20:10:27.056+09:00 TRACE 31519 --- [nio-8080-exec-5] org.hibernate.orm.jdbc.bind              : binding parameter (1:BIGINT) <- [5]
2026-05-28T20:10:27.056+09:00 DEBUG 31519 --- [nio-8080-exec-5] org.hibernate.SQL                        : 
    select
        mp1_0.id,
        mp1_0.invited,
        mp1_0.meeting_room_id,
        mp1_0.member_id,
        mp1_0.requestStatus,
        mp1_0.requestedAt,
        mp1_0.respondedAt 
    from
        MeetingParticipant mp1_0 
    where
        mp1_0.meeting_room_id=? 
        and mp1_0.member_id=?
2026-05-28T20:10:27.056+09:00 TRACE 31519 --- [nio-8080-exec-5] org.hibernate.orm.jdbc.bind              : binding parameter (1:BIGINT) <- [1]
2026-05-28T20:10:27.056+09:00 TRACE 31519 --- [nio-8080-exec-5] org.hibernate.orm.jdbc.bind              : binding parameter (2:BIGINT) <- [5]
2026-05-28T20:10:27.057+09:00 DEBUG 31519 --- [nio-8080-exec-5] org.hibernate.SQL                        : 
    select
        ms1_0.id,
        ms1_0.member_id,
        ms1_0.statusType,
        ms1_0.updatedAt 
    from
        MemberStatus ms1_0 
    where
        ms1_0.member_id=?
2026-05-28T20:10:27.057+09:00 TRACE 31519 --- [nio-8080-exec-5] org.hibernate.orm.jdbc.bind              : binding parameter (1:BIGINT) <- [5]
2026-05-28T20:10:27.057+09:00  INFO 31519 --- [nio-8080-exec-5] c.worksight.api.service.StatusService    : Status updated: memberId=5, status=WORKING
2026-05-28T20:10:27.057+09:00  INFO 31519 --- [nio-8080-exec-5] c.w.api.service.MeetingRoomService       : Member left: roomId=1, member=test22
2026-05-28T20:10:27.058+09:00 DEBUG 31519 --- [nio-8080-exec-5] org.hibernate.SQL                        : 
    update
        MeetingParticipant 
    set
        invited=?,
        meeting_room_id=?,
        member_id=?,
        requestStatus=?,
        requestedAt=?,
        respondedAt=? 
    where
        id=?
2026-05-28T20:10:27.058+09:00 TRACE 31519 --- [nio-8080-exec-5] org.hibernate.orm.jdbc.bind              : binding parameter (1:BOOLEAN) <- [true]
2026-05-28T20:10:27.058+09:00 TRACE 31519 --- [nio-8080-exec-5] org.hibernate.orm.jdbc.bind              : binding parameter (2:BIGINT) <- [1]
2026-05-28T20:10:27.058+09:00 TRACE 31519 --- [nio-8080-exec-5] org.hibernate.orm.jdbc.bind              : binding parameter (3:BIGINT) <- [5]
2026-05-28T20:10:27.058+09:00 TRACE 31519 --- [nio-8080-exec-5] org.hibernate.orm.jdbc.bind              : binding parameter (4:ENUM) <- [REJECTED]
2026-05-28T20:10:27.058+09:00 TRACE 31519 --- [nio-8080-exec-5] org.hibernate.orm.jdbc.bind              : binding parameter (5:TIMESTAMP) <- [2026-05-28T20:10:16.053592]
2026-05-28T20:10:27.058+09:00 TRACE 31519 --- [nio-8080-exec-5] org.hibernate.orm.jdbc.bind              : binding parameter (6:TIMESTAMP) <- [2026-05-28T20:10:27.057223]
2026-05-28T20:10:27.058+09:00 TRACE 31519 --- [nio-8080-exec-5] org.hibernate.orm.jdbc.bind              : binding parameter (7:BIGINT) <- [2]
2026-05-28T20:10:27.058+09:00 DEBUG 31519 --- [nio-8080-exec-5] org.hibernate.SQL                        : 
    update
        MemberStatus 
    set
        member_id=?,
        statusType=?,
        updatedAt=? 
    where
        id=?
2026-05-28T20:10:27.058+09:00 TRACE 31519 --- [nio-8080-exec-5] org.hibernate.orm.jdbc.bind              : binding parameter (1:BIGINT) <- [5]
2026-05-28T20:10:27.058+09:00 TRACE 31519 --- [nio-8080-exec-5] org.hibernate.orm.jdbc.bind              : binding parameter (2:ENUM) <- [WORKING]
2026-05-28T20:10:27.058+09:00 TRACE 31519 --- [nio-8080-exec-5] org.hibernate.orm.jdbc.bind              : binding parameter (3:TIMESTAMP) <- [2026-05-28T20:10:27.057789]
2026-05-28T20:10:27.058+09:00 TRACE 31519 --- [nio-8080-exec-5] org.hibernate.orm.jdbc.bind              : binding parameter (4:BIGINT) <- [2]
2026-05-28T20:10:27.059+09:00  INFO 31519 --- [nio-8080-exec-5] c.worksight.api.service.StatusService    : Status broadcasted: memberId=5, status=WORKING, topic=/topic/team/4
2026-05-28T20:10:27.062+09:00 DEBUG 31519 --- [nio-8080-exec-9] org.hibernate.SQL                        : 
    select
        m1_0.id,
        m1_0.managerId,
        m1_0.password,
        m1_0.role,
        m1_0.username,
        m1_0.virtualBalance 
    from
        Member m1_0 
    where
        m1_0.id=?
2026-05-28T20:10:27.062+09:00 TRACE 31519 --- [nio-8080-exec-9] org.hibernate.orm.jdbc.bind              : binding parameter (1:BIGINT) <- [3]
2026-05-28T20:10:27.063+09:00 DEBUG 31519 --- [nio-8080-exec-9] org.hibernate.SQL                        : 
    select
        mr1_0.id,
        mr1_0.active,
        mr1_0.createdAt,
        mr1_0.endedAt,
        mr1_0.host_id,
        mr1_0.title 
    from
        MeetingRoom mr1_0 
    join
        Member h1_0 
            on h1_0.id=mr1_0.host_id 
    where
        mr1_0.active=true 
        and (
            h1_0.managerId=? 
            or mr1_0.host_id=?
        ) 
    order by
        mr1_0.createdAt desc
2026-05-28T20:10:27.063+09:00 TRACE 31519 --- [nio-8080-exec-9] org.hibernate.orm.jdbc.bind              : binding parameter (1:BIGINT) <- [4]
2026-05-28T20:10:27.063+09:00 TRACE 31519 --- [nio-8080-exec-9] org.hibernate.orm.jdbc.bind              : binding parameter (2:BIGINT) <- [4]
2026-05-28T20:10:27.064+09:00 DEBUG 31519 --- [nio-8080-exec-9] org.hibernate.SQL                        : 
    select
        count(mp1_0.id) 
    from
        MeetingParticipant mp1_0 
    where
        mp1_0.meeting_room_id=? 
        and mp1_0.requestStatus=?
2026-05-28T20:10:27.064+09:00 TRACE 31519 --- [nio-8080-exec-9] org.hibernate.orm.jdbc.bind              : binding parameter (1:BIGINT) <- [1]
2026-05-28T20:10:27.064+09:00 TRACE 31519 --- [nio-8080-exec-9] org.hibernate.orm.jdbc.bind              : binding parameter (2:ENUM) <- [ACCEPTED]
2026-05-28T20:10:27.064+09:00 DEBUG 31519 --- [nio-8080-exec-9] org.hibernate.SQL                        : 
    select
        m1_0.id,
        m1_0.managerId,
        m1_0.password,
        m1_0.role,
        m1_0.username,
        m1_0.virtualBalance 
    from
        Member m1_0 
    where
        m1_0.id=?
2026-05-28T20:10:27.064+09:00 TRACE 31519 --- [nio-8080-exec-9] org.hibernate.orm.jdbc.bind              : binding parameter (1:BIGINT) <- [3]
2026-05-28T20:10:27.065+09:00 DEBUG 31519 --- [nio-8080-exec-4] org.hibernate.SQL                        : 
    select
        m1_0.id,
        m1_0.managerId,
        m1_0.password,
        m1_0.role,
        m1_0.username,
        m1_0.virtualBalance 
    from
        Member m1_0 
    where
        m1_0.id=?
2026-05-28T20:10:27.065+09:00 TRACE 31519 --- [nio-8080-exec-4] org.hibernate.orm.jdbc.bind              : binding parameter (1:BIGINT) <- [5]
2026-05-28T20:10:27.065+09:00 DEBUG 31519 --- [nio-8080-exec-4] org.hibernate.SQL                        : 
    select
        mr1_0.id,
        mr1_0.active,
        mr1_0.createdAt,
        mr1_0.endedAt,
        mr1_0.host_id,
        mr1_0.title 
    from
        MeetingRoom mr1_0 
    join
        Member h1_0 
            on h1_0.id=mr1_0.host_id 
    where
        mr1_0.active=true 
        and (
            h1_0.managerId=? 
            or mr1_0.host_id=?
        ) 
    order by
        mr1_0.createdAt desc
2026-05-28T20:10:27.066+09:00 TRACE 31519 --- [nio-8080-exec-4] org.hibernate.orm.jdbc.bind              : binding parameter (1:BIGINT) <- [4]
2026-05-28T20:10:27.066+09:00 TRACE 31519 --- [nio-8080-exec-4] org.hibernate.orm.jdbc.bind              : binding parameter (2:BIGINT) <- [4]
2026-05-28T20:10:27.066+09:00 DEBUG 31519 --- [nio-8080-exec-4] org.hibernate.SQL                        : 
    select
        count(mp1_0.id) 
    from
        MeetingParticipant mp1_0 
    where
        mp1_0.meeting_room_id=? 
        and mp1_0.requestStatus=?
2026-05-28T20:10:27.066+09:00 DEBUG 31519 --- [nio-8080-exec-2] org.hibernate.SQL                        : 
    select
        m1_0.id,
        m1_0.managerId,
        m1_0.password,
        m1_0.role,
        m1_0.username,
        m1_0.virtualBalance 
    from
        Member m1_0 
    where
        m1_0.id=?
2026-05-28T20:10:27.066+09:00 TRACE 31519 --- [nio-8080-exec-2] org.hibernate.orm.jdbc.bind              : binding parameter (1:BIGINT) <- [5]
2026-05-28T20:10:27.066+09:00 TRACE 31519 --- [nio-8080-exec-4] org.hibernate.orm.jdbc.bind              : binding parameter (1:BIGINT) <- [1]
2026-05-28T20:10:27.066+09:00 TRACE 31519 --- [nio-8080-exec-4] org.hibernate.orm.jdbc.bind              : binding parameter (2:ENUM) <- [ACCEPTED]
2026-05-28T20:10:27.066+09:00 DEBUG 31519 --- [nio-8080-exec-4] org.hibernate.SQL                        : 
    select
        m1_0.id,
        m1_0.managerId,
        m1_0.password,
        m1_0.role,
        m1_0.username,
        m1_0.virtualBalance 
    from
        Member m1_0 
    where
        m1_0.id=?
2026-05-28T20:10:27.066+09:00 TRACE 31519 --- [nio-8080-exec-4] org.hibernate.orm.jdbc.bind              : binding parameter (1:BIGINT) <- [3]
2026-05-28T20:10:27.067+09:00 DEBUG 31519 --- [nio-8080-exec-2] org.hibernate.SQL                        : 
    select
        mr1_0.id,
        mr1_0.active,
        mr1_0.createdAt,
        mr1_0.endedAt,
        mr1_0.host_id,
        mr1_0.title 
    from
        MeetingRoom mr1_0 
    join
        Member h1_0 
            on h1_0.id=mr1_0.host_id 
    where
        mr1_0.active=true 
        and (
            h1_0.managerId=? 
            or mr1_0.host_id=?
        ) 
    order by
        mr1_0.createdAt desc
2026-05-28T20:10:27.067+09:00 TRACE 31519 --- [nio-8080-exec-2] org.hibernate.orm.jdbc.bind              : binding parameter (1:BIGINT) <- [4]
2026-05-28T20:10:27.067+09:00 TRACE 31519 --- [nio-8080-exec-2] org.hibernate.orm.jdbc.bind              : binding parameter (2:BIGINT) <- [4]
2026-05-28T20:10:27.067+09:00 DEBUG 31519 --- [nio-8080-exec-2] org.hibernate.SQL                        : 
    select
        count(mp1_0.id) 
    from
        MeetingParticipant mp1_0 
    where
        mp1_0.meeting_room_id=? 
        and mp1_0.requestStatus=?
2026-05-28T20:10:27.067+09:00 TRACE 31519 --- [nio-8080-exec-2] org.hibernate.orm.jdbc.bind              : binding parameter (1:BIGINT) <- [1]
2026-05-28T20:10:27.067+09:00 TRACE 31519 --- [nio-8080-exec-2] org.hibernate.orm.jdbc.bind              : binding parameter (2:ENUM) <- [ACCEPTED]
2026-05-28T20:10:27.067+09:00 DEBUG 31519 --- [nio-8080-exec-2] org.hibernate.SQL                        : 
    select
        m1_0.id,
        m1_0.managerId,
        m1_0.password,
        m1_0.role,
        m1_0.username,
        m1_0.virtualBalance 
    from
        Member m1_0 
    where
        m1_0.id=?
2026-05-28T20:10:27.067+09:00 TRACE 31519 --- [nio-8080-exec-2] org.hibernate.orm.jdbc.bind              : binding parameter (1:BIGINT) <- [3]
2026-05-28T20:10:27.071+09:00 DEBUG 31519 --- [nio-8080-exec-7] org.hibernate.SQL                        : 
    select
        m1_0.id,
        m1_0.managerId,
        m1_0.password,
        m1_0.role,
        m1_0.username,
        m1_0.virtualBalance 
    from
        Member m1_0 
    where
        m1_0.id=?
2026-05-28T20:10:27.071+09:00 TRACE 31519 --- [nio-8080-exec-7] org.hibernate.orm.jdbc.bind              : binding parameter (1:BIGINT) <- [3]
2026-05-28T20:10:27.072+09:00 DEBUG 31519 --- [nio-8080-exec-7] org.hibernate.SQL                        : 
    select
        mr1_0.id,
        mr1_0.active,
        mr1_0.createdAt,
        mr1_0.endedAt,
        mr1_0.host_id,
        mr1_0.title 
    from
        MeetingRoom mr1_0 
    where
        mr1_0.id=?
2026-05-28T20:10:27.072+09:00 TRACE 31519 --- [nio-8080-exec-7] org.hibernate.orm.jdbc.bind              : binding parameter (1:BIGINT) <- [1]
2026-05-28T20:10:27.072+09:00 DEBUG 31519 --- [nio-8080-exec-7] org.hibernate.SQL                        : 
    select
        mp1_0.id,
        mp1_0.invited,
        mp1_0.meeting_room_id,
        mp1_0.member_id,
        mp1_0.requestStatus,
        mp1_0.requestedAt,
        mp1_0.respondedAt 
    from
        MeetingParticipant mp1_0 
    where
        mp1_0.meeting_room_id=?
2026-05-28T20:10:27.072+09:00 TRACE 31519 --- [nio-8080-exec-7] org.hibernate.orm.jdbc.bind              : binding parameter (1:BIGINT) <- [1]
2026-05-28T20:10:27.073+09:00 DEBUG 31519 --- [nio-8080-exec-7] org.hibernate.SQL                        : 
    select
        m1_0.id,
        m1_0.managerId,
        m1_0.password,
        m1_0.role,
        m1_0.username,
        m1_0.virtualBalance 
    from
        Member m1_0 
    where
        m1_0.id=?
2026-05-28T20:10:27.073+09:00 TRACE 31519 --- [nio-8080-exec-7] org.hibernate.orm.jdbc.bind              : binding parameter (1:BIGINT) <- [3]
2026-05-28T20:10:27.073+09:00 DEBUG 31519 --- [nio-8080-exec-7] org.hibernate.SQL                        : 
    select
        m1_0.id,
        m1_0.managerId,
        m1_0.password,
        m1_0.role,
        m1_0.username,
        m1_0.virtualBalance 
    from
        Member m1_0 
    where
        m1_0.id=?
2026-05-28T20:10:27.073+09:00 TRACE 31519 --- [nio-8080-exec-7] org.hibernate.orm.jdbc.bind              : binding parameter (1:BIGINT) <- [5]
2026-05-28T20:10:30.673+09:00 DEBUG 31519 --- [nio-8080-exec-8] org.hibernate.SQL                        : 
    select
        m1_0.id,
        m1_0.managerId,
        m1_0.password,
        m1_0.role,
        m1_0.username,
        m1_0.virtualBalance 
    from
        Member m1_0 
    where
        m1_0.id=?
2026-05-28T20:10:30.673+09:00 TRACE 31519 --- [nio-8080-exec-8] org.hibernate.orm.jdbc.bind              : binding parameter (1:BIGINT) <- [5]
2026-05-28T20:10:30.674+09:00 DEBUG 31519 --- [nio-8080-exec-8] org.hibernate.SQL                        : 
    select
        mr1_0.id,
        mr1_0.active,
        mr1_0.createdAt,
        mr1_0.endedAt,
        mr1_0.host_id,
        mr1_0.title 
    from
        MeetingRoom mr1_0 
    where
        mr1_0.id=?
2026-05-28T20:10:30.674+09:00 TRACE 31519 --- [nio-8080-exec-8] org.hibernate.orm.jdbc.bind              : binding parameter (1:BIGINT) <- [1]
2026-05-28T20:10:30.675+09:00 DEBUG 31519 --- [nio-8080-exec-8] org.hibernate.SQL                        : 
    select
        mp1_0.id,
        mp1_0.invited,
        mp1_0.meeting_room_id,
        mp1_0.member_id,
        mp1_0.requestStatus,
        mp1_0.requestedAt,
        mp1_0.respondedAt 
    from
        MeetingParticipant mp1_0 
    where
        mp1_0.meeting_room_id=?
2026-05-28T20:10:30.675+09:00 TRACE 31519 --- [nio-8080-exec-8] org.hibernate.orm.jdbc.bind              : binding parameter (1:BIGINT) <- [1]
2026-05-28T20:10:30.676+09:00 DEBUG 31519 --- [nio-8080-exec-8] org.hibernate.SQL                        : 
    select
        m1_0.id,
        m1_0.managerId,
        m1_0.password,
        m1_0.role,
        m1_0.username,
        m1_0.virtualBalance 
    from
        Member m1_0 
    where
        m1_0.id=?
2026-05-28T20:10:30.676+09:00 TRACE 31519 --- [nio-8080-exec-8] org.hibernate.orm.jdbc.bind              : binding parameter (1:BIGINT) <- [3]
2026-05-28T20:10:30.676+09:00 DEBUG 31519 --- [nio-8080-exec-8] org.hibernate.SQL                        : 
    select
        m1_0.id,
        m1_0.managerId,
        m1_0.password,
        m1_0.role,
        m1_0.username,
        m1_0.virtualBalance 
    from
        Member m1_0 
    where
        m1_0.id=?
2026-05-28T20:10:30.676+09:00 TRACE 31519 --- [nio-8080-exec-8] org.hibernate.orm.jdbc.bind              : binding parameter (1:BIGINT) <- [5]
2026-05-28T20:10:30.686+09:00 DEBUG 31519 --- [io-8080-exec-10] org.hibernate.SQL                        : 
    select
        m1_0.id,
        m1_0.managerId,
        m1_0.password,
        m1_0.role,
        m1_0.username,
        m1_0.virtualBalance 
    from
        Member m1_0 
    where
        m1_0.id=?
2026-05-28T20:10:30.686+09:00 TRACE 31519 --- [io-8080-exec-10] org.hibernate.orm.jdbc.bind              : binding parameter (1:BIGINT) <- [5]
2026-05-28T20:10:30.687+09:00 DEBUG 31519 --- [io-8080-exec-10] org.hibernate.SQL                        : 
    select
        mr1_0.id,
        mr1_0.active,
        mr1_0.createdAt,
        mr1_0.endedAt,
        mr1_0.host_id,
        mr1_0.title 
    from
        MeetingRoom mr1_0 
    where
        mr1_0.id=?
2026-05-28T20:10:30.687+09:00 TRACE 31519 --- [io-8080-exec-10] org.hibernate.orm.jdbc.bind              : binding parameter (1:BIGINT) <- [1]
2026-05-28T20:10:30.687+09:00 DEBUG 31519 --- [io-8080-exec-10] org.hibernate.SQL                        : 
    select
        m1_0.id,
        m1_0.managerId,
        m1_0.password,
        m1_0.role,
        m1_0.username,
        m1_0.virtualBalance 
    from
        Member m1_0 
    where
        m1_0.id=?
2026-05-28T20:10:30.687+09:00 TRACE 31519 --- [io-8080-exec-10] org.hibernate.orm.jdbc.bind              : binding parameter (1:BIGINT) <- [5]
2026-05-28T20:10:30.688+09:00 DEBUG 31519 --- [io-8080-exec-10] org.hibernate.SQL                        : 
    select
        mp1_0.id 
    from
        MeetingParticipant mp1_0 
    where
        mp1_0.meeting_room_id=? 
        and mp1_0.member_id=? 
    fetch
        first ? rows only
2026-05-28T20:10:30.689+09:00 TRACE 31519 --- [io-8080-exec-10] org.hibernate.orm.jdbc.bind              : binding parameter (1:BIGINT) <- [1]
2026-05-28T20:10:30.689+09:00 TRACE 31519 --- [io-8080-exec-10] org.hibernate.orm.jdbc.bind              : binding parameter (2:BIGINT) <- [5]
2026-05-28T20:10:30.689+09:00 TRACE 31519 --- [io-8080-exec-10] org.hibernate.orm.jdbc.bind              : binding parameter (3:INTEGER) <- [1]
2026-05-28T20:10:35.686+09:00 DEBUG 31519 --- [nio-8080-exec-3] org.hibernate.SQL                        : 
    select
        m1_0.id,
        m1_0.managerId,
        m1_0.password,
        m1_0.role,
        m1_0.username,
        m1_0.virtualBalance 
    from
        Member m1_0 
    where
        m1_0.id=?
2026-05-28T20:10:35.686+09:00 TRACE 31519 --- [nio-8080-exec-3] org.hibernate.orm.jdbc.bind              : binding parameter (1:BIGINT) <- [3]
2026-05-28T20:10:35.687+09:00 DEBUG 31519 --- [nio-8080-exec-3] org.hibernate.SQL                        : 
    select
        mr1_0.id,
        mr1_0.active,
        mr1_0.createdAt,
        mr1_0.endedAt,
        mr1_0.host_id,
        mr1_0.title 
    from
        MeetingRoom mr1_0 
    where
        mr1_0.id=?
2026-05-28T20:10:35.687+09:00 TRACE 31519 --- [nio-8080-exec-3] org.hibernate.orm.jdbc.bind              : binding parameter (1:BIGINT) <- [1]
2026-05-28T20:10:35.688+09:00 DEBUG 31519 --- [nio-8080-exec-3] org.hibernate.SQL                        : 
    select
        mp1_0.id,
        mp1_0.invited,
        mp1_0.meeting_room_id,
        mp1_0.member_id,
        mp1_0.requestStatus,
        mp1_0.requestedAt,
        mp1_0.respondedAt 
    from
        MeetingParticipant mp1_0 
    where
        mp1_0.meeting_room_id=? 
        and mp1_0.requestStatus=?
2026-05-28T20:10:35.689+09:00 TRACE 31519 --- [nio-8080-exec-3] org.hibernate.orm.jdbc.bind              : binding parameter (1:BIGINT) <- [1]
2026-05-28T20:10:35.689+09:00 TRACE 31519 --- [nio-8080-exec-3] org.hibernate.orm.jdbc.bind              : binding parameter (2:ENUM) <- [ACCEPTED]
2026-05-28T20:10:35.689+09:00 DEBUG 31519 --- [nio-8080-exec-3] org.hibernate.SQL                        : 
    select
        m1_0.id,
        m1_0.managerId,
        m1_0.password,
        m1_0.role,
        m1_0.username,
        m1_0.virtualBalance 
    from
        Member m1_0 
    where
        m1_0.id=?
2026-05-28T20:10:35.690+09:00 TRACE 31519 --- [nio-8080-exec-3] org.hibernate.orm.jdbc.bind              : binding parameter (1:BIGINT) <- [3]
2026-05-28T20:10:35.690+09:00 DEBUG 31519 --- [nio-8080-exec-3] org.hibernate.SQL                        : 
    select
        ms1_0.id,
        ms1_0.member_id,
        ms1_0.statusType,
        ms1_0.updatedAt 
    from
        MemberStatus ms1_0 
    where
        ms1_0.member_id=?
2026-05-28T20:10:35.690+09:00 TRACE 31519 --- [nio-8080-exec-3] org.hibernate.orm.jdbc.bind              : binding parameter (1:BIGINT) <- [3]
2026-05-28T20:10:35.691+09:00  INFO 31519 --- [nio-8080-exec-3] c.worksight.api.service.StatusService    : Status updated: memberId=3, status=WORKING
2026-05-28T20:10:35.691+09:00  INFO 31519 --- [nio-8080-exec-3] c.w.api.service.MeetingRoomService       : MeetingRoom ended: roomId=1
2026-05-28T20:10:35.691+09:00 DEBUG 31519 --- [nio-8080-exec-3] org.hibernate.SQL                        : 
    update
        MeetingRoom 
    set
        active=?,
        createdAt=?,
        endedAt=?,
        host_id=?,
        title=? 
    where
        id=?
2026-05-28T20:10:35.691+09:00 TRACE 31519 --- [nio-8080-exec-3] org.hibernate.orm.jdbc.bind              : binding parameter (1:BOOLEAN) <- [false]
2026-05-28T20:10:35.691+09:00 TRACE 31519 --- [nio-8080-exec-3] org.hibernate.orm.jdbc.bind              : binding parameter (2:TIMESTAMP) <- [2026-05-28T20:10:14.050296]
2026-05-28T20:10:35.691+09:00 TRACE 31519 --- [nio-8080-exec-3] org.hibernate.orm.jdbc.bind              : binding parameter (3:TIMESTAMP) <- [2026-05-28T20:10:35.687533]
2026-05-28T20:10:35.691+09:00 TRACE 31519 --- [nio-8080-exec-3] org.hibernate.orm.jdbc.bind              : binding parameter (4:BIGINT) <- [3]
2026-05-28T20:10:35.691+09:00 TRACE 31519 --- [nio-8080-exec-3] org.hibernate.orm.jdbc.bind              : binding parameter (5:VARCHAR) <- [ㄴㄷㅌ]
2026-05-28T20:10:35.691+09:00 TRACE 31519 --- [nio-8080-exec-3] org.hibernate.orm.jdbc.bind              : binding parameter (6:BIGINT) <- [1]
2026-05-28T20:10:35.691+09:00 DEBUG 31519 --- [nio-8080-exec-3] org.hibernate.SQL                        : 
    update
        MemberStatus 
    set
        member_id=?,
        statusType=?,
        updatedAt=? 
    where
        id=?
2026-05-28T20:10:35.691+09:00 TRACE 31519 --- [nio-8080-exec-3] org.hibernate.orm.jdbc.bind              : binding parameter (1:BIGINT) <- [3]
2026-05-28T20:10:35.691+09:00 TRACE 31519 --- [nio-8080-exec-3] org.hibernate.orm.jdbc.bind              : binding parameter (2:ENUM) <- [WORKING]
2026-05-28T20:10:35.691+09:00 TRACE 31519 --- [nio-8080-exec-3] org.hibernate.orm.jdbc.bind              : binding parameter (3:TIMESTAMP) <- [2026-05-28T20:10:35.690945]
2026-05-28T20:10:35.692+09:00 TRACE 31519 --- [nio-8080-exec-3] org.hibernate.orm.jdbc.bind              : binding parameter (4:BIGINT) <- [3]
2026-05-28T20:10:35.692+09:00  INFO 31519 --- [nio-8080-exec-3] c.worksight.api.service.StatusService    : Status broadcasted: memberId=3, status=WORKING, topic=/topic/team/4
2026-05-28T20:10:35.699+09:00 DEBUG 31519 --- [nio-8080-exec-1] org.hibernate.SQL                        : 
    select
        m1_0.id,
        m1_0.managerId,
        m1_0.password,
        m1_0.role,
        m1_0.username,
        m1_0.virtualBalance 
    from
        Member m1_0 
    where
        m1_0.id=?
2026-05-28T20:10:35.699+09:00 TRACE 31519 --- [nio-8080-exec-1] org.hibernate.orm.jdbc.bind              : binding parameter (1:BIGINT) <- [3]
2026-05-28T20:10:35.700+09:00 DEBUG 31519 --- [nio-8080-exec-1] org.hibernate.SQL                        : 
    select
        mr1_0.id,
        mr1_0.active,
        mr1_0.createdAt,
        mr1_0.endedAt,
        mr1_0.host_id,
        mr1_0.title 
    from
        MeetingRoom mr1_0 
    join
        Member h1_0 
            on h1_0.id=mr1_0.host_id 
    where
        mr1_0.active=true 
        and (
            h1_0.managerId=? 
            or mr1_0.host_id=?
        ) 
    order by
        mr1_0.createdAt desc
2026-05-28T20:10:35.700+09:00 TRACE 31519 --- [nio-8080-exec-1] org.hibernate.orm.jdbc.bind              : binding parameter (1:BIGINT) <- [4]
2026-05-28T20:10:35.700+09:00 TRACE 31519 --- [nio-8080-exec-1] org.hibernate.orm.jdbc.bind              : binding parameter (2:BIGINT) <- [4]
